"Activity Date","Process Date","Settle Date","Instrument","Description","Trans Code","Quantity","Price","Amount"
"4/10/2026","4/10/2026","4/13/2026","QQQ","QQQ 4/13/2026 Call $617.00","BTO","1","$0.81","($81.04)"
"4/10/2026","4/10/2026","4/13/2026","QQQ","QQQ 4/10/2026 Call $612.00","STC","2","$0.08","$15.90"
"4/10/2026","4/10/2026","4/13/2026","","ACH Deposit","ACH","","","$90.96"
"4/10/2026","4/10/2026","4/13/2026","QQQ","QQQ 4/10/2026 Put $610.00","STC","2","$0.41","$81.90"
"4/10/2026","4/10/2026","4/13/2026","QQQ","QQQ 4/10/2026 Call $612.00","BTO","2","$0.10","($20.08)"
"4/10/2026","4/10/2026","4/13/2026","QQQ","QQQ 4/10/2026 Call $612.00","STC","2","$0.10","$19.90"
"4/10/2026","4/10/2026","4/13/2026","QQQ","QQQ 4/10/2026 Call $612.00","STC","3","$0.12","$35.86"
"4/10/2026","4/10/2026","4/13/2026","QQQ","QQQ 4/10/2026 Put $610.00","BTO","1","$0.54","($54.04)"
"4/10/2026","4/10/2026","4/13/2026","QQQ","QQQ 4/10/2026 Put $610.00","STC","2","$0.45","$89.90"
"4/10/2026","4/10/2026","4/13/2026","QQQ","QQQ 4/10/2026 Put $610.00","BTO","1","$0.47","($47.04)"
"4/10/2026","4/10/2026","4/13/2026","QQQ","QQQ 4/10/2026 Call $612.00","BTO","4","$0.16","($64.16)"
"4/10/2026","4/10/2026","4/13/2026","QQQ","QQQ 4/10/2026 Call $612.00","STC","1","$0.18","$17.94"
"4/10/2026","4/10/2026","4/13/2026","QQQ","QQQ 4/10/2026 Call $612.00","STC","1","$0.18","$17.94"
"4/10/2026","4/10/2026","4/10/2026","","External debit card transfer - withdrawal fee reversal","DCFD","","","$2.21"
"4/10/2026","4/10/2026","4/10/2026","","External debit card transfer - withdrawal reversal account ending in 5447","DCFD","","","$123.79"
"4/10/2026","4/10/2026","4/13/2026","QQQ","QQQ 4/10/2026 Put $610.00","BTO","2","$0.41","($82.08)"
"4/10/2026","4/10/2026","4/10/2026","","External debit card transfer - account ending in 5447","DCF","","","($123.79)"
"4/10/2026","4/10/2026","4/10/2026","","External debit card transfer - withdrawal fee","DCF","","","($2.21)"
"4/10/2026","4/10/2026","4/13/2026","QQQ","QQQ 4/10/2026 Put $610.00","STC","1","$0.48","$47.94"
"4/10/2026","4/10/2026","4/13/2026","QQQ","QQQ 4/10/2026 Call $612.00","BTO","3","$0.20","($60.12)"
"4/10/2026","4/10/2026","4/13/2026","QQQ","QQQ 4/10/2026 Call $611.00","STC","1","$0.55","$54.94"
"4/10/2026","4/10/2026","4/13/2026","QQQ","QQQ 4/10/2026 Call $611.00","BTO","1","$0.65","($65.04)"
"4/10/2026","4/10/2026","4/13/2026","QQQ","QQQ 4/10/2026 Put $610.00","BTO","1","$0.87","($87.04)"
"4/10/2026","4/10/2026","4/13/2026","QQQ","QQQ 4/10/2026 Put $611.00","STC","1","$1.65","$164.94"
"4/10/2026","4/10/2026","4/13/2026","QQQ","QQQ 4/10/2026 Call $612.00","STC","1","$0.53","$52.94"
"4/10/2026","4/10/2026","4/13/2026","QQQ","QQQ 4/10/2026 Call $612.00","BTO","1","$0.91","($91.04)"
"4/10/2026","4/10/2026","4/13/2026","QQQ","QQQ 4/10/2026 Call $613.00","STC","1","$0.51","$50.94"
"4/10/2026","4/10/2026","4/13/2026","QQQ","QQQ 4/10/2026 Put $611.00","BTO","1","$0.83","($83.04)"
"4/10/2026","4/10/2026","4/10/2026","","External debit card transfer - account ending in 5447","DCF","","","($73.69)"
"4/10/2026","4/10/2026","4/10/2026","","External debit card transfer - withdrawal fee","DCF","","","($1.31)"
"4/10/2026","4/10/2026","4/13/2026","QQQ","QQQ 4/10/2026 Call $614.00","STC","1","$0.44","$43.94"
"4/10/2026","4/10/2026","4/13/2026","QQQ","QQQ 4/10/2026 Put $611.00","STC","2","$0.78","$155.90"
"4/10/2026","4/10/2026","4/13/2026","QQQ","QQQ 4/10/2026 Call $614.00","STC","1","$0.43","$42.94"
"4/10/2026","4/10/2026","4/13/2026","QQQ","QQQ 4/10/2026 Put $611.00","BTO","2","$0.89","($178.08)"
"4/10/2026","4/10/2026","4/13/2026","QQQ","QQQ 4/10/2026 Call $613.00","BTO","1","$1.04","($104.04)"
"4/10/2026","4/10/2026","4/13/2026","QQQ","QQQ 4/10/2026 Put $611.00","STC","1","$0.93","$92.94"
"4/10/2026","4/10/2026","4/13/2026","QQQ","QQQ 4/10/2026 Call $614.00","BTO","2","$0.46","($92.08)"
"4/10/2026","4/10/2026","4/13/2026","QQQ","QQQ 4/10/2026 Call $613.00","STC","1","$0.50","$49.94"
"4/10/2026","4/10/2026","4/13/2026","QQQ","QQQ 4/10/2026 Put $611.00","BTO","1","$1.35","($135.04)"
"4/10/2026","4/10/2026","4/13/2026","QQQ","QQQ 4/10/2026 Call $613.00","BTO","1","$1.15","($115.04)"
"4/10/2026","4/10/2026","4/10/2026","","Gold Subscription Fee","GOLD","","","($5.00)"
"4/9/2026","4/9/2026","4/9/2026","","ACH REVERSAL","ACH","","","($31.06)"
"4/9/2026","4/9/2026","4/10/2026","QQQ","QQQ 4/9/2026 Call $608.00","STC","1","$1.97","$196.94"
"4/9/2026","4/9/2026","4/10/2026","QQQ","QQQ 4/9/2026 Call $608.00","STC","1","$1.09","$108.94"
"4/9/2026","4/9/2026","4/10/2026","QQQ","QQQ 4/9/2026 Put $603.00","STC","1","$0.26","$25.94"
"4/9/2026","4/9/2026","4/10/2026","QQQ","QQQ 4/9/2026 Put $605.00","STC","1","$0.50","$49.94"
"4/9/2026","4/9/2026","4/10/2026","","ACH Deposit","ACH","","","$150.00"
"4/9/2026","4/9/2026","4/10/2026","","ACH Deposit","ACH","","","$5.80"
"4/9/2026","4/9/2026","4/10/2026","QQQ","QQQ 4/9/2026 Call $608.00","BTO","2","$1.06","($212.08)"
"4/9/2026","4/9/2026","4/9/2026","","External debit card transfer - withdrawal fee","DCF","","","($1.00)"
"4/9/2026","4/9/2026","4/9/2026","","External debit card transfer - account ending in 5447","DCF","","","($29.00)"
"4/9/2026","4/9/2026","4/10/2026","QQQ","QQQ 4/9/2026 Put $603.00","BTO","1","$1.04","($104.04)"
"4/9/2026","4/9/2026","4/10/2026","QQQ","QQQ 4/9/2026 Call $606.00","STC","1","$1.43","$142.94"
"4/9/2026","4/9/2026","4/10/2026","QQQ","QQQ 4/9/2026 Call $606.00","BTO","1","$1.55","($155.04)"
"4/9/2026","4/9/2026","4/10/2026","QQQ","QQQ 4/9/2026 Call $608.00","STC","4","$0.65","$259.82"
"4/9/2026","4/9/2026","4/10/2026","QQQ","QQQ 4/9/2026 Put $605.00","BTO","1","$1.25","($125.04)"
"4/9/2026","4/9/2026","4/10/2026","QQQ","QQQ 4/9/2026 Call $608.00","BTO","3","$0.81","($243.12)"
"4/9/2026","4/9/2026","4/10/2026","QQQ","QQQ 4/9/2026 Put $604.00","STC","3","$0.82","$245.86"
"4/9/2026","4/9/2026","4/10/2026","QQQ","QQQ 4/9/2026 Call $608.00","BTO","1","$0.53","($53.04)"
"4/9/2026","4/9/2026","4/10/2026","QQQ","QQQ 4/9/2026 Call $607.00","STC","3","$0.86","$257.86"
"4/9/2026","4/9/2026","4/10/2026","QQQ","QQQ 4/9/2026 Put $604.00","BTO","3","$1.23","($369.12)"
"4/9/2026","4/9/2026","4/10/2026","QQQ","QQQ 4/9/2026 Call $607.00","BTO","1","$1.22","($122.04)"
"4/9/2026","4/9/2026","4/10/2026","QQQ","QQQ 4/9/2026 Call $607.00","BTO","1","$1.22","($122.04)"
"4/9/2026","4/9/2026","4/10/2026","QQQ","QQQ 4/9/2026 Call $607.00","BTO","1","$1.22","($122.04)"
"4/9/2026","4/9/2026","4/10/2026","QQQ","QQQ 4/9/2026 Call $607.00","STC","1","$1.13","$112.94"
"4/9/2026","4/9/2026","4/9/2026","","External debit card transfer - account ending in 5447","DCF","","","($24.00)"
"4/9/2026","4/9/2026","4/9/2026","","External debit card transfer - withdrawal fee","DCF","","","($1.00)"
"4/8/2026","4/8/2026","4/8/2026","","ACH REVERSAL","ACH","","","($230.00)"
"4/8/2026","4/8/2026","4/8/2026","","ACH REVERSAL","ACH","","","($90.00)"
"4/8/2026","4/8/2026","4/8/2026","","ACH REVERSAL","ACH","","","($156.66)"
"4/8/2026","4/8/2026","4/8/2026","","ACH REVERSAL","ACH","","","($80.00)"
"4/8/2026","4/8/2026","4/8/2026","","ACH REVERSAL","ACH","","","($150.00)"
"4/8/2026","4/8/2026","4/9/2026","QQQ","QQQ 4/9/2026 Put $587.00","STC","1","$0.11","$10.94"
"4/8/2026","4/8/2026","4/9/2026","QQQ","QQQ 4/9/2026 Put $587.00","BTO","1","$0.16","($16.04)"
"4/8/2026","4/8/2026","4/9/2026","QQQ","QQQ 4/9/2026 Call $607.00","BTO","1","$1.55","($155.04)"
"4/8/2026","4/8/2026","4/9/2026","QQQ","QQQ 4/8/2026 Put $604.00","STC","1","$0.42","$41.94"
"4/8/2026","4/8/2026","4/9/2026","QQQ","QQQ 4/8/2026 Call $604.00","STC","1","$0.44","$43.94"
"4/8/2026","4/8/2026","4/9/2026","QQQ","QQQ 4/8/2026 Put $604.00","BTO","1","$0.62","($62.04)"
"4/8/2026","4/8/2026","4/9/2026","QQQ","QQQ 4/8/2026 Put $603.00","STC","1","$0.28","$27.94"
"4/8/2026","4/8/2026","4/9/2026","QQQ","QQQ 4/8/2026 Put $603.00","BTO","1","$0.32","($32.04)"
"4/8/2026","4/8/2026","4/9/2026","QQQ","QQQ 4/8/2026 Put $605.00","STC","1","$1.50","$149.94"
"4/8/2026","4/8/2026","4/9/2026","QQQ","QQQ 4/8/2026 Call $604.00","BTO","1","$0.46","($46.04)"
"4/8/2026","4/8/2026","4/9/2026","QQQ","QQQ 4/8/2026 Put $605.00","BTO","1","$1.39","($139.04)"
"4/8/2026","4/8/2026","4/9/2026","QQQ","QQQ 4/8/2026 Call $604.00","STC","1","$0.74","$73.94"
"4/8/2026","4/8/2026","4/9/2026","QQQ","QQQ 4/8/2026 Put $603.00","STC","1","$0.49","$48.94"
"4/8/2026","4/8/2026","4/9/2026","QQQ","QQQ 4/8/2026 Call $604.00","BTO","1","$0.66","($66.04)"
"4/8/2026","4/8/2026","4/9/2026","QQQ","QQQ 4/8/2026 Put $603.00","BTO","1","$0.89","($89.04)"
"4/8/2026","4/8/2026","4/9/2026","QQQ","QQQ 4/8/2026 Put $605.00","STC","1","$2.30","$229.94"
"4/8/2026","4/8/2026","4/9/2026","QQQ","QQQ 4/8/2026 Call $607.00","STC","1","$0.10","$9.94"
"4/8/2026","4/8/2026","4/9/2026","QQQ","QQQ 4/8/2026 Call $607.00","BTO","1","$0.38","($38.04)"
"4/8/2026","4/8/2026","4/9/2026","QQQ","QQQ 4/8/2026 Put $605.00","STC","1","$0.80","$79.94"
"4/8/2026","4/8/2026","4/9/2026","QQQ","QQQ 4/8/2026 Call $608.00","STC","3","$0.23","$68.86"
"4/8/2026","4/8/2026","4/9/2026","QQQ","QQQ 4/8/2026 Call $608.00","BTO","1","$0.40","($40.04)"
"4/8/2026","4/8/2026","4/9/2026","QQQ","QQQ 4/8/2026 Call $608.00","BTO","1","$0.40","($40.04)"
"4/8/2026","4/8/2026","4/9/2026","QQQ","QQQ 4/8/2026 Call $608.00","BTO","1","$0.41","($41.04)"
"4/8/2026","4/8/2026","4/9/2026","QQQ","QQQ 4/8/2026 Put $605.00","BTO","2","$0.73","($146.08)"
"4/8/2026","4/8/2026","4/9/2026","QQQ","QQQ 4/8/2026 Call $607.00","STC","1","$1.33","$132.94"
"4/8/2026","4/8/2026","4/9/2026","QQQ","QQQ 4/8/2026 Call $606.00","STC","1","$1.73","$172.94"
"4/8/2026","4/8/2026","4/9/2026","QQQ","QQQ 4/8/2026 Call $607.00","STC","1","$0.81","$80.94"
"4/8/2026","4/8/2026","4/9/2026","QQQ","QQQ 4/8/2026 Call $606.00","BTO","1","$1.27","($127.04)"
"4/8/2026","4/8/2026","4/9/2026","QQQ","QQQ 4/8/2026 Put $605.00","STC","1","$1.20","$119.94"
"4/8/2026","4/8/2026","4/9/2026","QQQ","QQQ 4/8/2026 Call $607.00","BTO","1","$0.55","($55.04)"
"4/8/2026","4/8/2026","4/9/2026","QQQ","QQQ 4/8/2026 Call $607.00","BTO","1","$0.55","($55.04)"
"4/8/2026","4/8/2026","4/9/2026","QQQ","QQQ 4/8/2026 Put $605.00","BTO","1","$1.78","($178.04)"
"4/8/2026","4/8/2026","4/9/2026","QQQ","QQQ 4/8/2026 Call $605.00","STC","1","$1.10","$109.94"
"4/8/2026","4/8/2026","4/9/2026","QQQ","QQQ 4/8/2026 Put $604.00","STC","2","$1.33","$265.90"
"4/8/2026","4/8/2026","4/9/2026","QQQ","QQQ 4/8/2026 Put $604.00","BTO","2","$1.46","($292.08)"
"4/8/2026","4/8/2026","4/9/2026","QQQ","QQQ 4/8/2026 Put $604.00","STC","1","$1.40","$139.94"
"4/8/2026","4/8/2026","4/9/2026","QQQ","QQQ 4/8/2026 Call $605.00","BTO","1","$1.17","($117.04)"
"4/8/2026","4/8/2026","4/9/2026","QQQ","QQQ 4/8/2026 Put $604.00","STC","1","$2.24","$223.94"
"4/8/2026","4/8/2026","4/9/2026","QQQ","QQQ 4/8/2026 Put $604.00","STC","1","$1.81","$180.94"
"4/8/2026","4/8/2026","4/9/2026","QQQ","QQQ 4/8/2026 Call $608.00","STC","1","$0.24","$23.94"
"4/8/2026","4/8/2026","4/9/2026","QQQ","QQQ 4/8/2026 Call $608.00","BTO","1","$0.48","($48.04)"
"4/8/2026","4/8/2026","4/9/2026","QQQ","QQQ 4/8/2026 Put $604.00","BTO","3","$1.46","($438.12)"
"4/8/2026","4/8/2026","4/8/2026","","External debit card transfer - account ending in 5447","DCF","","","($29.00)"
"4/8/2026","4/8/2026","4/8/2026","","External debit card transfer - withdrawal fee","DCF","","","($1.00)"
"4/7/2026","4/7/2026","4/8/2026","QQQ","QQQ 4/7/2026 Call $593.00","STC","1","$0.09","$8.94"
"4/7/2026","4/7/2026","4/8/2026","QQQ","QQQ 4/7/2026 Call $587.00","STC","1","$0.17","$16.94"
"4/7/2026","4/7/2026","4/8/2026","QQQ","QQQ 4/7/2026 Call $587.00","BTO","1","$0.25","($25.04)"
"4/7/2026","4/7/2026","4/8/2026","","ACH Deposit","ACH","","","$31.06"
"4/7/2026","4/7/2026","4/8/2026","QQQ","QQQ 4/7/2026 Put $580.00","STC","1","$0.14","$13.94"
"4/7/2026","4/7/2026","4/8/2026","QQQ","QQQ 4/7/2026 Put $580.00","BTO","1","$0.41","($41.04)"
"4/7/2026","4/7/2026","4/8/2026","QQQ","QQQ 4/7/2026 Put $583.00","STC","1","$1.54","$153.94"
"4/7/2026","4/7/2026","4/8/2026","QQQ","QQQ 4/7/2026 Put $584.00","STC","1","$2.40","$239.94"
"4/7/2026","4/7/2026","4/8/2026","QQQ","QQQ 4/7/2026 Put $583.00","BTO","1","$0.70","($70.04)"
"4/7/2026","4/7/2026","4/8/2026","QQQ","QQQ 4/7/2026 Call $586.00","STC","1","$0.34","$33.94"
"4/7/2026","4/7/2026","4/8/2026","QQQ","QQQ 4/7/2026 Put $584.00","BTO","1","$0.81","($81.04)"
"4/7/2026","4/7/2026","4/8/2026","QQQ","QQQ 4/7/2026 Call $586.00","BTO","1","$0.69","($69.04)"
"4/7/2026","4/7/2026","4/8/2026","QQQ","QQQ 4/7/2026 Put $584.00","STC","2","$0.72","$143.90"
"4/7/2026","4/7/2026","4/8/2026","QQQ","QQQ 4/7/2026 Put $584.00","BTO","2","$0.84","($168.08)"
"4/7/2026","4/7/2026","4/8/2026","QQQ","QQQ 4/7/2026 Call $585.00","STC","2","$1.07","$213.90"
"4/7/2026","4/7/2026","4/8/2026","QQQ","QQQ 4/7/2026 Call $585.00","BTO","2","$0.99","($198.08)"
"4/7/2026","4/7/2026","4/8/2026","QQQ","QQQ 4/7/2026 Call $586.00","STC","1","$0.88","$87.94"
"4/7/2026","4/7/2026","4/8/2026","QQQ","QQQ 4/7/2026 Call $586.00","BTO","1","$1.07","($107.04)"
"4/7/2026","4/7/2026","4/8/2026","QQQ","QQQ 4/7/2026 Put $585.00","STC","1","$0.95","$94.94"
"4/7/2026","4/7/2026","4/8/2026","QQQ","QQQ 4/7/2026 Call $586.00","STC","1","$1.00","$99.94"
"4/7/2026","4/7/2026","4/8/2026","QQQ","QQQ 4/7/2026 Put $585.00","BTO","1","$1.07","($107.04)"
"4/7/2026","4/7/2026","4/8/2026","QQQ","QQQ 4/7/2026 Call $586.00","BTO","1","$1.86","($186.04)"
"4/7/2026","4/7/2026","4/8/2026","QQQ","QQQ 4/7/2026 Put $582.00","STC","2","$0.27","$53.90"
"4/7/2026","4/7/2026","4/8/2026","QQQ","QQQ 4/7/2026 Put $585.00","STC","1","$0.95","$94.94"
"4/7/2026","4/7/2026","4/8/2026","QQQ","QQQ 4/7/2026 Put $582.00","BTO","2","$0.56","($112.08)"
"4/7/2026","4/7/2026","4/8/2026","QQQ","QQQ 4/7/2026 Call $588.00","STC","1","$0.38","$37.94"
"4/7/2026","4/7/2026","4/8/2026","QQQ","QQQ 4/7/2026 Call $588.00","BTO","1","$0.51","($51.04)"
"4/7/2026","4/7/2026","4/8/2026","QQQ","QQQ 4/7/2026 Put $585.00","BTO","1","$1.57","($157.04)"
"4/7/2026","4/7/2026","4/8/2026","QQQ","QQQ 4/7/2026 Call $585.00","STC","1","$1.56","$155.94"
"4/7/2026","4/7/2026","4/8/2026","QQQ","QQQ 4/7/2026 Call $585.00","BTO","1","$1.69","($169.04)"
"4/7/2026","4/7/2026","4/8/2026","QQQ","QQQ 4/7/2026 Call $583.00","STC","1","$2.87","$286.94"
"4/7/2026","4/7/2026","4/8/2026","QQQ","QQQ 4/7/2026 Call $583.00","BTO","1","$1.34","($134.04)"
"4/7/2026","4/7/2026","4/8/2026","QQQ","QQQ 4/7/2026 Put $580.00","STC","1","$1.35","$134.94"
"4/7/2026","4/7/2026","4/8/2026","QQQ","QQQ 4/7/2026 Put $580.00","BTO","1","$1.60","($160.04)"
"4/7/2026","4/7/2026","4/8/2026","QQQ","QQQ 4/7/2026 Put $583.00","STC","1","$3.65","$364.94"
"4/7/2026","4/7/2026","4/8/2026","QQQ","QQQ 4/7/2026 Put $583.00","BTO","1","$1.92","($192.04)"
"4/6/2026","4/6/2026","4/7/2026","QQQ","Option Expiration for QQQ 4/6/2026 Put $577.00","OEXP","1S","",""
"4/6/2026","4/6/2026","4/7/2026","QQQ","QQQ 4/6/2026 Put $583.00","STC","1","$0.02","$1.94"
"4/6/2026","4/6/2026","4/7/2026","QQQ","QQQ 4/6/2026 Put $586.00","STC","2","$0.41","$81.90"
"4/6/2026","4/6/2026","4/7/2026","QQQ","QQQ 4/7/2026 Put $577.00","STC","1","$0.63","$62.94"
"4/6/2026","4/6/2026","4/7/2026","QQQ","QQQ 4/7/2026 Call $593.00","BTO","1","$0.74","($74.04)"
"4/6/2026","4/6/2026","4/7/2026","","ACH Deposit","ACH","","","$80.00"
"4/6/2026","4/6/2026","4/7/2026","QQQ","QQQ 4/6/2026 Put $583.00","BTO","1","$0.22","($22.04)"
"4/6/2026","4/6/2026","4/7/2026","QQQ","QQQ 4/6/2026 Put $586.00","BTO","1","$0.62","($62.04)"
"4/6/2026","4/6/2026","4/7/2026","QQQ","QQQ 4/6/2026 Put $586.00","BTO","1","$0.62","($62.04)"
"4/6/2026","4/6/2026","4/7/2026","QQQ","QQQ 4/7/2026 Call $592.00","STC","1","$1.08","$107.94"
"4/6/2026","4/6/2026","4/7/2026","","ACH Deposit","ACH","","","$150.00"
"4/6/2026","4/6/2026","4/7/2026","QQQ","QQQ 4/7/2026 Call $592.00","BTO","1","$1.08","($108.04)"
"4/6/2026","4/6/2026","4/7/2026","","ACH Deposit","ACH","","","$90.00"
"4/6/2026","4/6/2026","4/7/2026","QQQ","QQQ 4/6/2026 Call $592.00","STC","1","$0.07","$6.94"
"4/6/2026","4/6/2026","4/7/2026","QQQ","QQQ 4/7/2026 Call $590.00","STC","1","$1.38","$137.94"
"4/6/2026","4/6/2026","4/7/2026","QQQ","QQQ 4/6/2026 Call $588.00","STC","2","$0.56","$111.90"
"4/6/2026","4/6/2026","4/7/2026","QQQ","QQQ 4/7/2026 Put $577.00","BTO","1","$0.70","($70.04)"
"4/6/2026","4/6/2026","4/7/2026","QQQ","QQQ 4/7/2026 Call $590.00","BTO","1","$1.88","($188.04)"
"4/6/2026","4/6/2026","4/7/2026","","ACH Deposit","ACH","","","$230.00"
"4/6/2026","4/6/2026","4/7/2026","QQQ","QQQ 4/6/2026 Put $583.00","STC","1","$0.25","$24.94"
"4/6/2026","4/6/2026","4/7/2026","QQQ","QQQ 4/6/2026 Call $588.00","BTO","2","$0.83","($166.08)"
"4/6/2026","4/6/2026","4/7/2026","QQQ","QQQ 4/6/2026 Put $582.00","STC","1","$0.26","$25.94"
"4/6/2026","4/6/2026","4/7/2026","","ACH Deposit","ACH","","","$156.66"
"4/6/2026","4/6/2026","4/7/2026","QQQ","QQQ 4/6/2026 Call $587.00","STC","1","$1.20","$119.94"
"4/6/2026","4/6/2026","4/7/2026","QQQ","QQQ 4/6/2026 Call $592.00","STC","4","$0.14","$55.82"
"4/6/2026","4/6/2026","4/7/2026","QQQ","QQQ 4/6/2026 Put $582.00","BTO","1","$0.34","($34.04)"
"4/6/2026","4/6/2026","4/7/2026","QQQ","QQQ 4/6/2026 Put $583.00","BTO","1","$0.47","($47.04)"
"4/6/2026","4/6/2026","4/7/2026","QQQ","QQQ 4/6/2026 Put $582.00","STC","1","$0.33","$32.94"
"4/6/2026","4/6/2026","4/7/2026","QQQ","QQQ 4/6/2026 Put $582.00","STC","1","$0.35","$34.94"
"4/6/2026","4/6/2026","4/7/2026","QQQ","QQQ 4/6/2026 Put $582.00","BTO","2","$0.43","($86.08)"
"4/6/2026","4/6/2026","4/7/2026","QQQ","QQQ 4/6/2026 Call $592.00","BTO","5","$0.17","($85.20)"
"4/6/2026","4/6/2026","4/7/2026","QQQ","QQQ 4/6/2026 Put $586.00","STC","1","$1.20","$119.94"
"4/6/2026","4/6/2026","4/7/2026","QQQ","QQQ 4/6/2026 Put $584.00","STC","1","$0.70","$69.94"
"4/6/2026","4/6/2026","4/7/2026","QQQ","QQQ 4/6/2026 Call $587.00","BTO","1","$1.61","($161.04)"
"4/6/2026","4/6/2026","4/7/2026","QQQ","QQQ 4/6/2026 Put $586.00","BTO","1","$1.53","($153.04)"
"4/6/2026","4/6/2026","4/7/2026","QQQ","QQQ 4/6/2026 Call $589.00","STC","1","$0.76","$75.94"
"4/6/2026","4/6/2026","4/7/2026","QQQ","QQQ 4/6/2026 Call $592.00","STC","3","$0.20","$59.86"
"4/6/2026","4/6/2026","4/7/2026","QQQ","QQQ 4/6/2026 Put $584.00","BTO","1","$0.67","($67.04)"
"4/6/2026","4/6/2026","4/7/2026","QQQ","QQQ 4/6/2026 Put $586.00","STC","1","$1.03","$102.94"
"4/6/2026","4/6/2026","4/7/2026","QQQ","QQQ 4/6/2026 Call $592.00","BTO","3","$0.36","($108.12)"
"4/6/2026","4/6/2026","4/7/2026","QQQ","QQQ 4/6/2026 Put $587.00","STC","1","$1.38","$137.94"
"4/6/2026","4/6/2026","4/7/2026","QQQ","QQQ 4/6/2026 Put $587.00","BTO","1","$1.79","($179.04)"
"4/6/2026","4/6/2026","4/7/2026","QQQ","QQQ 4/6/2026 Call $594.00","STC","4","$0.14","$55.82"
"4/6/2026","4/6/2026","4/7/2026","QQQ","QQQ 4/6/2026 Call $590.00","STC","1","$0.69","$68.94"
"4/6/2026","4/6/2026","4/7/2026","QQQ","QQQ 4/6/2026 Put $586.00","BTO","1","$0.98","($98.04)"
"4/6/2026","4/6/2026","4/7/2026","QQQ","QQQ 4/6/2026 Call $589.00","BTO","1","$1.41","($141.04)"
"4/6/2026","4/6/2026","4/7/2026","QQQ","QQQ 4/6/2026 Put $585.00","STC","1","$0.64","$63.94"
"4/6/2026","4/6/2026","4/7/2026","QQQ","QQQ 4/6/2026 Call $594.00","BTO","3","$0.20","($60.12)"
"4/6/2026","4/6/2026","4/7/2026","QQQ","QQQ 4/6/2026 Call $594.00","BTO","1","$0.20","($20.04)"
"4/6/2026","4/6/2026","4/7/2026","QQQ","QQQ 4/6/2026 Put $584.00","STC","2","$0.62","$123.90"
"4/6/2026","4/6/2026","4/7/2026","QQQ","QQQ 4/6/2026 Call $590.00","BTO","1","$0.83","($83.04)"
"4/6/2026","4/6/2026","4/6/2026","","External debit card transfer - withdrawal fee","DCF","","","($1.00)"
"4/6/2026","4/6/2026","4/6/2026","","External debit card transfer - account ending in 5447","DCF","","","($49.00)"
"4/6/2026","4/6/2026","4/7/2026","QQQ","QQQ 4/6/2026 Put $584.00","BTO","2","$0.98","($196.08)"
"4/6/2026","4/6/2026","4/7/2026","QQQ","QQQ 4/6/2026 Call $589.00","STC","1","$1.24","$123.94"
"4/6/2026","4/6/2026","4/7/2026","QQQ","QQQ 4/6/2026 Put $585.00","BTO","1","$0.81","($81.04)"
"4/6/2026","4/6/2026","4/7/2026","QQQ","QQQ 4/6/2026 Call $589.00","BTO","1","$2.12","($212.04)"
"4/6/2026","4/6/2026","4/7/2026","QQQ","QQQ 4/6/2026 Call $589.00","STC","1","$1.83","$182.94"
"4/6/2026","4/6/2026","4/7/2026","QQQ","QQQ 4/6/2026 Call $589.00","BTO","1","$2.31","($231.04)"
"4/6/2026","4/6/2026","4/6/2026","","External debit card transfer - account ending in 5447","DCF","","","($24.00)"
"4/6/2026","4/6/2026","4/6/2026","","External debit card transfer - withdrawal fee","DCF","","","($1.00)"
"4/6/2026","4/6/2026","4/6/2026","","ACH REVERSAL","ACH","","","($99.08)"
"4/6/2026","4/6/2026","4/6/2026","","ACH REVERSAL","ACH","","","($75.00)"
"4/6/2026","4/6/2026","4/6/2026","","ACH REVERSAL","ACH","","","($90.00)"
"4/6/2026","4/6/2026","4/6/2026","","ACH REVERSAL","ACH","","","($57.04)"
"4/2/2026","4/2/2026","4/6/2026","NEE","Option Expiration for NEE 4/2/2026 Call $99.00","OEXP","2S","",""
"4/2/2026","4/2/2026","4/2/2026","","ACH REVERSAL","ACH","","","($75.00)"
"4/2/2026","4/2/2026","4/2/2026","","ACH REVERSAL","ACH","","","($80.00)"
"4/2/2026","4/2/2026","4/2/2026","","ACH REVERSAL","ACH","","","($100.00)"
"4/2/2026","4/2/2026","4/2/2026","","ACH REVERSAL","ACH","","","($26.00)"
"4/2/2026","4/2/2026","4/2/2026","","ACH REVERSAL","ACH","","","($117.00)"
"4/2/2026","4/2/2026","4/6/2026","QQQ","QQQ 4/6/2026 Call $588.00","STC","1","$2.68","$267.95"
"4/2/2026","4/2/2026","4/6/2026","QQQ","QQQ 4/6/2026 Put $577.00","BTO","1","$1.92","($192.04)"
"4/2/2026","4/2/2026","4/6/2026","QQQ","QQQ 4/6/2026 Call $588.00","BTO","1","$2.73","($273.04)"
"4/2/2026","4/2/2026","4/6/2026","QQQ","QQQ 4/2/2026 Call $584.00","STC","1","$0.13","$12.95"
"4/2/2026","4/2/2026","4/6/2026","QQQ","QQQ 4/2/2026 Call $584.00","STC","2","$0.13","$25.91"
"4/2/2026","4/2/2026","4/6/2026","QQQ","QQQ 4/2/2026 Put $584.00","STC","2","$0.78","$155.91"
"4/2/2026","4/2/2026","4/6/2026","QQQ","QQQ 4/2/2026 Put $583.00","STC","1","$0.31","$30.95"
"4/2/2026","4/2/2026","4/6/2026","QQQ","QQQ 4/2/2026 Call $584.00","BTO","1","$0.23","($23.04)"
"4/2/2026","4/2/2026","4/6/2026","QQQ","QQQ 4/2/2026 Call $584.00","BTO","1","$0.23","($23.04)"
"4/2/2026","4/2/2026","4/6/2026","QQQ","QQQ 4/2/2026 Put $583.00","BTO","1","$0.55","($55.04)"
"4/2/2026","4/2/2026","4/6/2026","QQQ","QQQ 4/2/2026 Call $584.00","BTO","1","$0.26","($26.04)"
"4/2/2026","4/2/2026","4/6/2026","QQQ","QQQ 4/2/2026 Put $584.00","BTO","2","$1.24","($248.08)"
"4/2/2026","4/2/2026","4/2/2026","","External debit card transfer - withdrawal fee","DCF","","","($5.25)"
"4/2/2026","4/2/2026","4/2/2026","","External debit card transfer - account ending in 5447","DCF","","","($294.75)"
"4/2/2026","4/2/2026","4/6/2026","QQQ","QQQ 4/2/2026 Put $579.00","STC","1","$0.49","$48.95"
"4/2/2026","4/2/2026","4/6/2026","QQQ","QQQ 4/2/2026 Call $586.00","STC","1","$0.42","$41.95"
"4/2/2026","4/2/2026","4/6/2026","QQQ","QQQ 4/2/2026 Call $586.00","BTO","1","$0.75","($75.04)"
"4/2/2026","4/2/2026","4/6/2026","QQQ","QQQ 4/2/2026 Call $585.00","STC","1","$0.85","$84.95"
"4/2/2026","4/2/2026","4/6/2026","QQQ","QQQ 4/2/2026 Put $579.00","BTO","1","$0.86","($86.04)"
"4/2/2026","4/2/2026","4/6/2026","QQQ","QQQ 4/2/2026 Put $579.00","STC","1","$0.68","$67.95"
"4/2/2026","4/2/2026","4/6/2026","QQQ","QQQ 4/2/2026 Put $579.00","BTO","1","$1.16","($116.04)"
"4/2/2026","4/2/2026","4/6/2026","QQQ","QQQ 4/2/2026 Call $585.00","BTO","1","$2.04","($204.04)"
"4/2/2026","4/2/2026","4/6/2026","QQQ","QQQ 4/2/2026 Put $579.00","STC","1","$1.05","$104.95"
"4/2/2026","4/2/2026","4/6/2026","QQQ","QQQ 4/2/2026 Call $588.00","STC","2","$0.95","$189.91"
"4/2/2026","4/2/2026","4/6/2026","QQQ","QQQ 4/2/2026 Put $579.00","BTO","1","$1.21","($121.04)"
"4/2/2026","4/2/2026","4/6/2026","QQQ","QQQ 4/2/2026 Call $588.00","BTO","2","$1.22","($244.08)"
"4/2/2026","4/2/2026","4/6/2026","QQQ","QQQ 4/2/2026 Put $583.00","STC","1","$2.20","$219.95"
"4/2/2026","4/2/2026","4/6/2026","QQQ","QQQ 4/2/2026 Put $583.00","BTO","1","$2.84","($284.04)"
"4/2/2026","4/2/2026","4/6/2026","QQQ","QQQ 4/2/2026 Call $583.00","STC","1","$3.12","$311.95"
"4/2/2026","4/2/2026","4/6/2026","QQQ","QQQ 4/2/2026 Call $581.00","STC","1","$4.78","$477.95"
"4/2/2026","4/2/2026","4/6/2026","QQQ","QQQ 4/2/2026 Call $583.00","BTO","1","$1.10","($110.04)"
"4/2/2026","4/2/2026","4/6/2026","QQQ","QQQ 4/2/2026 Put $578.00","STC","1","$1.65","$164.95"
"4/2/2026","4/2/2026","4/6/2026","QQQ","QQQ 4/2/2026 Call $581.00","BTO","1","$1.12","($112.04)"
"4/2/2026","4/2/2026","4/6/2026","QQQ","QQQ 4/2/2026 Put $578.00","BTO","1","$2.04","($204.04)"
"4/2/2026","4/2/2026","4/6/2026","QQQ","QQQ 4/2/2026 Call $583.00","STC","3","$0.68","$203.87"
"4/2/2026","4/2/2026","4/6/2026","QQQ","QQQ 4/2/2026 Call $583.00","BTO","2","$0.58","($116.08)"
"4/2/2026","4/2/2026","4/6/2026","QQQ","QQQ 4/2/2026 Call $583.00","BTO","1","$0.58","($58.04)"
"4/2/2026","4/2/2026","4/6/2026","QQQ","QQQ 4/2/2026 Call $578.00","STC","1","$2.44","$243.95"
"4/2/2026","4/2/2026","4/6/2026","QQQ","QQQ 4/2/2026 Call $578.00","STC","1","$2.30","$229.95"
"4/2/2026","4/2/2026","4/6/2026","QQQ","QQQ 4/2/2026 Call $578.00","BTO","2","$1.55","($310.08)"
"4/1/2026","4/1/2026","4/2/2026","QQQ","QQQ 4/1/2026 Put $582.00","STC","1","$0.03","$2.95"
"4/1/2026","4/1/2026","4/2/2026","QQQ","QQQ 4/1/2026 Call $589.00","STC","1","$0.01","$0.95"
"4/1/2026","4/1/2026","4/2/2026","SPY","SPY 4/1/2026 Call $659.00","STC","2","$0.02","$3.91"
"4/1/2026","4/1/2026","4/1/2026","","External debit card transfer - account ending in 9768","DCF","","","$68.08"
"4/1/2026","4/1/2026","4/2/2026","QQQ","QQQ 4/1/2026 Put $582.00","BTO","1","$0.66","($66.04)"
"4/1/2026","4/1/2026","4/2/2026","QQQ","QQQ 4/1/2026 Put $585.00","STC","1","$1.96","$195.95"
"4/1/2026","4/1/2026","4/2/2026","QQQ","QQQ 4/1/2026 Put $586.00","STC","1","$2.40","$239.95"
"4/1/2026","4/1/2026","4/2/2026","QQQ","QQQ 4/1/2026 Call $587.00","STC","1","$0.28","$27.95"
"4/1/2026","4/1/2026","4/2/2026","QQQ","QQQ 4/1/2026 Call $588.00","STC","2","$0.20","$39.91"
"4/1/2026","4/1/2026","4/2/2026","","ACH Deposit","ACH","","","$90.00"
"4/1/2026","4/1/2026","4/2/2026","QQQ","QQQ 4/1/2026 Put $586.00","BTO","1","$1.06","($106.04)"
"4/1/2026","4/1/2026","4/2/2026","QQQ","QQQ 4/1/2026 Call $589.00","STC","2","$0.12","$23.91"
"4/1/2026","4/1/2026","4/2/2026","QQQ","QQQ 4/1/2026 Put $586.00","STC","1","$0.71","$70.95"
"4/1/2026","4/1/2026","4/2/2026","QQQ","QQQ 4/1/2026 Put $585.00","BTO","1","$0.38","($38.04)"
"4/1/2026","4/1/2026","4/2/2026","","ACH Deposit","ACH","","","$57.04"
"4/1/2026","4/1/2026","4/2/2026","SPY","SPY 4/1/2026 Call $659.00","BTO","2","$0.49","($98.08)"
"4/1/2026","4/1/2026","4/2/2026","","ACH Deposit","ACH","","","$99.08"
"4/1/2026","4/1/2026","4/2/2026","","ACH Deposit","ACH","","","$34.64"
"4/1/2026","4/1/2026","4/2/2026","QQQ","QQQ 4/1/2026 Put $586.00","BTO","1","$0.35","($35.04)"
"4/1/2026","4/1/2026","4/2/2026","QQQ","QQQ 4/1/2026 Call $588.00","BTO","1","$0.57","($57.04)"
"4/1/2026","4/1/2026","4/2/2026","QQQ","QQQ 4/1/2026 Call $588.00","BTO","1","$0.57","($57.04)"
"4/1/2026","4/1/2026","4/2/2026","","ACH Deposit","ACH","","","$75.00"
"4/1/2026","4/1/2026","4/2/2026","QQQ","QQQ 4/1/2026 Put $582.00","STC","2","$0.12","$23.91"
"4/1/2026","4/1/2026","4/2/2026","QQQ","QQQ 4/1/2026 Put $586.00","STC","1","$0.74","$73.95"
"4/1/2026","4/1/2026","4/2/2026","QQQ","QQQ 4/1/2026 Call $589.00","BTO","3","$0.29","($87.12)"
"4/1/2026","4/1/2026","4/2/2026","QQQ","QQQ 4/1/2026 Call $588.00","STC","3","$0.51","$152.87"
"4/1/2026","4/1/2026","4/2/2026","QQQ","QQQ 4/1/2026 Call $589.00","STC","3","$0.24","$71.87"
"4/1/2026","4/1/2026","4/2/2026","QQQ","QQQ 4/1/2026 Call $589.00","BTO","3","$0.28","($84.12)"
"4/1/2026","4/1/2026","4/2/2026","QQQ","QQQ 4/1/2026 Call $592.00","STC","1","$0.07","$6.95"
"4/1/2026","4/1/2026","4/2/2026","QQQ","QQQ 4/1/2026 Call $592.00","STC","1","$0.07","$6.95"
"4/1/2026","4/1/2026","4/2/2026","QQQ","QQQ 4/1/2026 Call $592.00","STC","5","$0.07","$34.78"
"4/1/2026","4/1/2026","4/2/2026","QQQ","QQQ 4/1/2026 Call $592.00","STC","2","$0.07","$13.91"
"4/1/2026","4/1/2026","4/2/2026","QQQ","QQQ 4/1/2026 Call $592.00","STC","1","$0.07","$6.95"
"4/1/2026","4/1/2026","4/2/2026","QQQ","QQQ 4/1/2026 Call $587.00","BTO","1","$1.11","($111.04)"
"4/1/2026","4/1/2026","4/2/2026","QQQ","QQQ 4/1/2026 Put $582.00","BTO","1","$0.18","($18.04)"
"4/1/2026","4/1/2026","4/2/2026","QQQ","QQQ 4/1/2026 Put $582.00","BTO","1","$0.18","($18.04)"
"4/1/2026","4/1/2026","4/2/2026","QQQ","QQQ 4/1/2026 Call $592.00","BTO","1","$0.08","($8.04)"
"4/1/2026","4/1/2026","4/2/2026","QQQ","QQQ 4/1/2026 Call $592.00","BTO","1","$0.08","($8.04)"
"4/1/2026","4/1/2026","4/2/2026","QQQ","QQQ 4/1/2026 Call $592.00","BTO","8","$0.08","($64.32)"
"4/1/2026","4/1/2026","4/2/2026","QQQ","QQQ 4/1/2026 Put $584.00","STC","2","$0.33","$65.91"
"4/1/2026","4/1/2026","4/2/2026","QQQ","QQQ 4/1/2026 Call $588.00","BTO","2","$0.64","($128.08)"
"4/1/2026","4/1/2026","4/2/2026","QQQ","QQQ 4/1/2026 Call $588.00","BTO","1","$0.53","($53.04)"
"4/1/2026","4/1/2026","4/2/2026","QQQ","QQQ 4/1/2026 Call $588.00","STC","1","$0.51","$50.95"
"4/1/2026","4/1/2026","4/2/2026","QQQ","QQQ 4/1/2026 Call $588.00","STC","1","$0.51","$50.95"
"4/1/2026","4/1/2026","4/2/2026","QQQ","QQQ 4/1/2026 Call $591.00","STC","15","$0.10","$149.35"
"4/1/2026","4/1/2026","4/2/2026","QQQ","QQQ 4/1/2026 Put $586.00","BTO","1","$0.92","($92.04)"
"4/1/2026","4/1/2026","4/2/2026","QQQ","QQQ 4/1/2026 Put $584.00","BTO","2","$0.38","($76.08)"
"4/1/2026","4/1/2026","4/2/2026","QQQ","QQQ 4/1/2026 Call $587.00","STC","1","$1.04","$103.95"
"4/1/2026","4/1/2026","4/2/2026","QQQ","QQQ 4/1/2026 Put $586.00","STC","1","$0.74","$73.95"
"4/1/2026","4/1/2026","4/2/2026","QQQ","QQQ 4/1/2026 Put $586.00","BTO","1","$0.83","($83.04)"
"4/1/2026","4/1/2026","4/2/2026","QQQ","QQQ 4/1/2026 Put $585.00","STC","1","$0.60","$59.95"
"4/1/2026","4/1/2026","4/2/2026","QQQ","QQQ 4/1/2026 Put $582.00","STC","2","$0.26","$51.91"
"4/1/2026","4/1/2026","4/2/2026","QQQ","QQQ 4/1/2026 Put $582.00","BTO","2","$0.30","($60.08)"
"4/1/2026","4/1/2026","4/2/2026","QQQ","QQQ 4/1/2026 Call $591.00","BTO","1","$0.08","($8.04)"
"4/1/2026","4/1/2026","4/2/2026","QQQ","QQQ 4/1/2026 Call $591.00","BTO","1","$0.08","($8.04)"
"4/1/2026","4/1/2026","4/2/2026","QQQ","QQQ 4/1/2026 Call $591.00","BTO","1","$0.08","($8.04)"
"4/1/2026","4/1/2026","4/2/2026","QQQ","QQQ 4/1/2026 Call $591.00","BTO","3","$0.08","($24.12)"
"4/1/2026","4/1/2026","4/2/2026","QQQ","QQQ 4/1/2026 Call $591.00","BTO","9","$0.08","($72.36)"
"4/1/2026","4/1/2026","4/2/2026","QQQ","QQQ 4/1/2026 Put $585.00","BTO","1","$1.07","($107.04)"
"4/1/2026","4/1/2026","4/2/2026","QQQ","QQQ 4/1/2026 Put $585.00","STC","1","$0.90","$89.95"
"4/1/2026","4/1/2026","4/2/2026","QQQ","QQQ 4/1/2026 Put $580.00","STC","4","$0.24","$95.83"
"4/1/2026","4/1/2026","4/2/2026","QQQ","QQQ 4/1/2026 Put $584.00","STC","1","$0.76","$75.95"
"4/1/2026","4/1/2026","4/2/2026","QQQ","QQQ 4/1/2026 Call $588.00","BTO","2","$0.54","($108.08)"
"4/1/2026","4/1/2026","4/2/2026","QQQ","QQQ 4/1/2026 Call $587.00","BTO","1","$0.74","($74.04)"
"4/1/2026","4/1/2026","4/2/2026","QQQ","QQQ 4/1/2026 Put $584.00","BTO","1","$1.04","($104.04)"
"4/1/2026","4/1/2026","4/2/2026","QQQ","QQQ 4/1/2026 Call $587.00","STC","1","$0.72","$71.95"
"4/1/2026","4/1/2026","4/2/2026","QQQ","QQQ 4/1/2026 Call $589.00","STC","3","$0.26","$77.87"
"4/1/2026","4/1/2026","4/2/2026","QQQ","QQQ 4/1/2026 Put $580.00","BTO","2","$0.31","($62.08)"
"4/1/2026","4/1/2026","4/2/2026","QQQ","QQQ 4/1/2026 Put $580.00","BTO","2","$0.31","($62.08)"
"4/1/2026","4/1/2026","4/2/2026","QQQ","QQQ 4/1/2026 Call $589.00","BTO","3","$0.29","($87.12)"
"4/1/2026","4/1/2026","4/2/2026","QQQ","QQQ 4/1/2026 Put $582.00","STC","3","$0.46","$137.87"
"4/1/2026","4/1/2026","4/2/2026","QQQ","QQQ 4/1/2026 Call $589.00","STC","3","$0.30","$89.87"
"4/1/2026","4/1/2026","4/2/2026","QQQ","QQQ 4/1/2026 Call $589.00","BTO","3","$0.33","($99.12)"
"4/1/2026","4/1/2026","4/2/2026","QQQ","QQQ 4/1/2026 Call $587.00","BTO","1","$0.81","($81.04)"
"4/1/2026","4/1/2026","4/2/2026","QQQ","QQQ 4/1/2026 Put $582.00","BTO","3","$0.55","($165.12)"
"4/1/2026","4/1/2026","4/2/2026","QQQ","QQQ 4/1/2026 Call $592.00","STC","5","$0.09","$44.78"
"4/1/2026","4/1/2026","4/2/2026","QQQ","QQQ 4/1/2026 Call $592.00","STC","1","$0.09","$8.95"
"4/1/2026","4/1/2026","4/2/2026","QQQ","QQQ 4/1/2026 Put $585.00","BTO","1","$1.15","($115.04)"
"4/1/2026","4/1/2026","4/2/2026","QQQ","QQQ 4/1/2026 Call $586.00","STC","2","$1.35","$269.91"
"4/1/2026","4/1/2026","4/2/2026","QQQ","QQQ 4/1/2026 Put $579.00","STC","1","$0.31","$30.95"
"4/1/2026","4/1/2026","4/2/2026","QQQ","QQQ 4/1/2026 Call $585.00","STC","1","$1.84","$183.95"
"4/1/2026","4/1/2026","4/2/2026","QQQ","QQQ 4/1/2026 Put $583.00","STC","1","$0.79","$78.95"
"4/1/2026","4/1/2026","4/2/2026","QQQ","QQQ 4/1/2026 Put $579.00","BTO","1","$0.34","($34.04)"
"4/1/2026","4/1/2026","4/2/2026","QQQ","QQQ 4/1/2026 Call $592.00","BTO","6","$0.10","($60.24)"
"4/1/2026","4/1/2026","4/2/2026","QQQ","QQQ 4/1/2026 Put $574.00","STC","3","$0.14","$41.87"
"4/1/2026","4/1/2026","4/2/2026","QQQ","QQQ 4/1/2026 Call $590.00","STC","5","$0.13","$64.78"
"4/1/2026","4/1/2026","4/2/2026","QQQ","QQQ 4/1/2026 Call $590.00","BTO","5","$0.15","($75.20)"
"4/1/2026","4/1/2026","4/2/2026","QQQ","QQQ 4/1/2026 Put $583.00","BTO","1","$1.37","($137.04)"
"4/1/2026","4/1/2026","4/2/2026","QQQ","QQQ 4/1/2026 Put $579.00","STC","1","$0.47","$46.95"
"4/1/2026","4/1/2026","4/2/2026","QQQ","QQQ 4/1/2026 Put $574.00","STC","1","$0.17","$16.95"
"4/1/2026","4/1/2026","4/2/2026","QQQ","QQQ 4/1/2026 Put $578.00","STC","1","$0.39","$38.95"
"4/1/2026","4/1/2026","4/2/2026","QQQ","QQQ 4/1/2026 Call $585.00","BTO","1","$1.07","($107.04)"
"4/1/2026","4/1/2026","4/2/2026","QQQ","QQQ 4/1/2026 Call $586.00","BTO","2","$0.62","($124.08)"
"4/1/2026","4/1/2026","4/2/2026","QQQ","QQQ 4/1/2026 Put $574.00","BTO","4","$0.21","($84.16)"
"4/1/2026","4/1/2026","4/2/2026","QQQ","QQQ 4/1/2026 Call $584.00","STC","1","$1.22","$121.95"
"4/1/2026","4/1/2026","4/2/2026","QQQ","QQQ 4/1/2026 Put $578.00","BTO","1","$0.51","($51.04)"
"4/1/2026","4/1/2026","4/2/2026","QQQ","QQQ 4/1/2026 Put $579.00","BTO","1","$0.54","($54.04)"
"4/1/2026","4/1/2026","4/2/2026","QQQ","QQQ 4/1/2026 Call $584.00","BTO","1","$1.58","($158.04)"
"4/1/2026","4/1/2026","4/1/2026","","External debit card transfer - withdrawal fee","DCF","","","($1.00)"
"4/1/2026","4/1/2026","4/1/2026","","External debit card transfer - account ending in 9768","DCF","","","($49.00)"
"4/1/2026","4/1/2026","4/1/2026","","External debit card transfer - account ending in 9768","DCF","","","($29.00)"
"4/1/2026","4/1/2026","4/1/2026","","External debit card transfer - withdrawal fee","DCF","","","($1.00)"
"3/31/2026","3/31/2026","3/31/2026","","Brokerage-held Cash Interest Payment","INT","","","$0.61"
"3/31/2026","3/31/2026","4/1/2026","SPY","Option Expiration for SPY 3/31/2026 Put $619.00","OEXP","1S","",""
"3/31/2026","3/31/2026","3/31/2026","","Interest Payment","INT","","","$0.16"
"3/31/2026","3/31/2026","4/1/2026","SPY","SPY 3/31/2026 Call $651.00","STC","1","$0.28","$27.95"
"3/31/2026","3/31/2026","4/1/2026","SPY","SPY 3/31/2026 Call $652.00","STC","1","$0.12","$11.95"
"3/31/2026","3/31/2026","4/1/2026","SPY","SPY 3/31/2026 Call $652.00","BTO","1","$0.14","($14.04)"
"3/31/2026","3/31/2026","4/1/2026","SPY","SPY 3/31/2026 Put $640.00","STC","4","$0.12","$47.83"
"3/31/2026","3/31/2026","4/1/2026","SPY","SPY 3/31/2026 Put $640.00","BTO","4","$0.22","($88.16)"
"3/31/2026","3/31/2026","4/1/2026","","ACH Deposit","ACH","","","$100.00"
"3/31/2026","3/31/2026","4/1/2026","SPY","SPY 3/31/2026 Put $644.00","STC","1","$0.54","$53.95"
"3/31/2026","3/31/2026","4/1/2026","SPY","SPY 3/31/2026 Put $644.00","BTO","1","$0.80","($80.04)"
"3/31/2026","3/31/2026","4/1/2026","","ACH Deposit","ACH","","","$26.00"
"3/31/2026","3/31/2026","4/1/2026","SPY","SPY 3/31/2026 Call $651.00","BTO","1","$0.82","($82.04)"
"3/31/2026","3/31/2026","4/1/2026","","ACH Deposit","ACH","","","$117.00"
"3/31/2026","3/31/2026","4/1/2026","SPY","SPY 3/31/2026 Put $639.00","STC","1","$0.52","$51.95"
"3/31/2026","3/31/2026","4/1/2026","SPY","SPY 3/31/2026 Call $646.00","STC","4","$4.20","$1,679.83"
"3/31/2026","3/31/2026","4/1/2026","SPY","SPY 3/31/2026 Call $644.00","STC","1","$3.47","$346.95"
"3/31/2026","3/31/2026","4/1/2026","SPY","SPY 3/31/2026 Put $633.00","STC","4","$0.10","$39.83"
"3/31/2026","3/31/2026","4/1/2026","SPY","SPY 3/31/2026 Put $636.00","STC","2","$0.21","$41.91"
"3/31/2026","3/31/2026","4/1/2026","SPY","SPY 3/31/2026 Call $646.00","BTO","2","$0.39","($78.08)"
"3/31/2026","3/31/2026","4/1/2026","","ACH Deposit","ACH","","","$80.00"
"3/31/2026","3/31/2026","4/1/2026","SPY","SPY 3/31/2026 Put $639.00","BTO","1","$0.75","($75.04)"
"3/31/2026","3/31/2026","4/1/2026","","ACH Deposit","ACH","","","$75.00"
"3/31/2026","3/31/2026","4/1/2026","SPY","SPY 3/31/2026 Put $636.00","STC","2","$0.30","$59.91"
"3/31/2026","3/31/2026","4/1/2026","SPY","SPY 3/31/2026 Put $640.00","STC","1","$1.03","$102.95"
"3/31/2026","3/31/2026","4/1/2026","SPY","SPY 3/31/2026 Call $646.00","BTO","2","$0.26","($52.08)"
"3/31/2026","3/31/2026","4/1/2026","SPY","SPY 3/31/2026 Call $643.00","STC","1","$0.61","$60.95"
"3/31/2026","3/31/2026","4/1/2026","SPY","SPY 3/31/2026 Call $643.00","BTO","1","$0.90","($90.04)"
"3/31/2026","3/31/2026","4/1/2026","SPY","SPY 3/31/2026 Call $644.00","BTO","1","$0.54","($54.04)"
"3/31/2026","3/31/2026","4/1/2026","SPY","SPY 3/31/2026 Call $645.00","STC","1","$0.29","$28.95"
"3/31/2026","3/31/2026","4/1/2026","SPY","SPY 3/31/2026 Put $640.00","BTO","1","$1.61","($161.04)"
"3/31/2026","3/31/2026","4/1/2026","SPY","SPY 3/31/2026 Call $645.00","BTO","1","$0.54","($54.04)"
"3/31/2026","3/31/2026","4/1/2026","SPY","SPY 3/31/2026 Put $636.00","BTO","4","$0.53","($212.16)"
"3/31/2026","3/31/2026","4/1/2026","SPY","SPY 3/31/2026 Call $643.00","STC","1","$1.24","$123.95"
"3/31/2026","3/31/2026","4/1/2026","SPY","SPY 3/31/2026 Put $641.00","STC","1","$3.50","$349.95"
"3/31/2026","3/31/2026","4/1/2026","SPY","SPY 3/31/2026 Call $643.00","BTO","1","$0.50","($50.04)"
"3/31/2026","3/31/2026","4/1/2026","SPY","SPY 3/31/2026 Call $645.00","STC","2","$0.24","$47.91"
"3/31/2026","3/31/2026","4/1/2026","SPY","SPY 3/31/2026 Put $633.00","BTO","4","$0.46","($184.16)"
"3/31/2026","3/31/2026","4/1/2026","SPY","SPY 3/31/2026 Put $641.00","BTO","1","$1.86","($186.04)"
"3/31/2026","3/31/2026","4/1/2026","SPY","SPY 3/31/2026 Call $645.00","BTO","2","$1.13","($226.08)"
"3/30/2026","3/30/2026","3/31/2026","META","Option Expiration for META 3/30/2026 Put $522.50","OEXP","1S","",""
"3/30/2026","3/30/2026","3/31/2026","QQQ","Option Expiration for QQQ 3/30/2026 Call $567.00","OEXP","1S","",""
"3/30/2026","3/30/2026","3/31/2026","META","Option Expiration for META 3/30/2026 Put $515.00","OEXP","1S","",""
"3/30/2026","3/30/2026","3/31/2026","QQQ","QQQ 3/30/2026 Put $556.00","STC","5","$0.16","$79.78"
"3/30/2026","3/30/2026","3/31/2026","QQQ","QQQ 3/30/2026 Put $560.00","STC","1","$3.85","$384.95"
"3/30/2026","3/30/2026","3/31/2026","QQQ","QQQ 3/30/2026 Put $561.00","STC","1","$1.79","$178.95"
"3/30/2026","3/30/2026","3/31/2026","QQQ","QQQ 3/30/2026 Call $567.00","BTO","1","$0.15","($15.04)"
"3/30/2026","3/30/2026","3/31/2026","QQQ","QQQ 3/30/2026 Put $561.00","BTO","1","$0.97","($97.04)"
"3/30/2026","3/30/2026","3/31/2026","QQQ","QQQ 3/30/2026 Put $560.00","STC","2","$0.68","$135.91"
"3/30/2026","3/30/2026","3/31/2026","QQQ","QQQ 3/30/2026 Put $556.00","BTO","5","$0.15","($75.20)"
"3/30/2026","3/30/2026","3/31/2026","QQQ","QQQ 3/30/2026 Call $572.00","STC","2","$0.06","$11.91"
"3/30/2026","3/30/2026","3/31/2026","QQQ","QQQ 3/30/2026 Call $572.00","STC","3","$0.06","$17.87"
"3/30/2026","3/30/2026","3/31/2026","QQQ","QQQ 3/30/2026 Call $569.00","STC","1","$0.15","$14.95"
"3/30/2026","3/30/2026","3/31/2026","QQQ","QQQ 3/30/2026 Call $569.00","STC","1","$0.15","$14.95"
"3/30/2026","3/30/2026","3/31/2026","QQQ","QQQ 3/30/2026 Put $560.00","BTO","3","$0.37","($111.12)"
"3/30/2026","3/30/2026","3/31/2026","QQQ","QQQ 3/30/2026 Call $572.00","STC","5","$0.08","$39.78"
"3/30/2026","3/30/2026","3/30/2026","","External debit card transfer - withdrawal fee","DCF","","","($1.00)"
"3/30/2026","3/30/2026","3/30/2026","","External debit card transfer - account ending in 9768","DCF","","","($19.00)"
"3/30/2026","3/30/2026","3/31/2026","QQQ","QQQ 3/30/2026 Put $560.00","STC","1","$0.40","$39.95"
"3/30/2026","3/30/2026","3/31/2026","QQQ","QQQ 3/30/2026 Call $572.00","BTO","10","$0.10","($100.40)"
"3/30/2026","3/30/2026","3/31/2026","QQQ","QQQ 3/30/2026 Put $553.00","STC","5","$0.07","$34.78"
"3/30/2026","3/30/2026","3/31/2026","QQQ","QQQ 3/30/2026 Put $561.00","STC","1","$0.59","$58.95"
"3/30/2026","3/30/2026","3/31/2026","QQQ","QQQ 3/30/2026 Call $569.00","BTO","2","$0.28","($56.08)"
"3/30/2026","3/30/2026","3/31/2026","QQQ","QQQ 3/30/2026 Put $553.00","BTO","5","$0.10","($50.20)"
"3/30/2026","3/30/2026","3/30/2026","","External debit card transfer - account ending in 9768","DCF","","","($24.00)"
"3/30/2026","3/30/2026","3/30/2026","","External debit card transfer - withdrawal fee","DCF","","","($1.00)"
"3/30/2026","3/30/2026","3/31/2026","QQQ","QQQ 3/30/2026 Put $561.00","BTO","1","$0.98","($98.04)"
"3/30/2026","3/30/2026","3/31/2026","QQQ","QQQ 3/30/2026 Call $569.00","STC","2","$0.26","$51.91"
"3/30/2026","3/30/2026","3/31/2026","QQQ","QQQ 3/30/2026 Put $560.00","BTO","1","$0.46","($46.04)"
"3/30/2026","3/30/2026","3/31/2026","QQQ","QQQ 3/30/2026 Call $569.00","BTO","2","$0.41","($82.08)"
"3/30/2026","3/30/2026","3/31/2026","SPY","SPY 3/30/2026 Call $643.00","STC","3","$0.36","$107.87"
"3/30/2026","3/30/2026","3/31/2026","SPY","SPY 3/30/2026 Put $635.00","STC","1","$1.16","$115.95"
"3/30/2026","3/30/2026","3/31/2026","META","META 3/30/2026 Put $522.50","BTO","1","$0.48","($48.04)"
"3/30/2026","3/30/2026","3/31/2026","SPY","SPY 3/30/2026 Call $643.00","BTO","3","$0.21","($63.12)"
"3/30/2026","3/30/2026","3/30/2026","","External debit card transfer - withdrawal fee","DCF","","","($2.19)"
"3/30/2026","3/30/2026","3/30/2026","","External debit card transfer - account ending in 9768","DCF","","","($122.81)"
"3/30/2026","3/30/2026","3/31/2026","SPY","SPY 3/30/2026 Put $635.00","BTO","1","$1.93","($193.04)"
"3/30/2026","3/30/2026","3/30/2026","","External debit card transfer - withdrawal fee","DCF","","","($1.00)"
"3/30/2026","3/30/2026","3/30/2026","","External debit card transfer - account ending in 5447","DCF","","","($42.57)"
"3/30/2026","3/30/2026","3/30/2026","","Transfer from Roth IRA to Brokerage","ITRF","","","$256.75"
"3/27/2026","3/27/2026","3/30/2026","AI","Option Expiration for AI 3/27/2026 Call $8.50","OEXP","2S","",""
"3/27/2026","3/27/2026","3/30/2026","AI","Option Expiration for AI 3/27/2026 Put $7.50","OEXP","7S","",""
"3/27/2026","3/27/2026","3/30/2026","META","Option Expiration for META 3/27/2026 Put $510.00","OEXP","1S","",""
"3/27/2026","3/27/2026","3/27/2026","","ACH REVERSAL","ACH","","","($300.00)"
"3/27/2026","3/27/2026","3/30/2026","QQQ","QQQ 3/27/2026 Call $567.00","STC","1","$0.03","$2.95"
"3/27/2026","3/27/2026","3/30/2026","QQQ","QQQ 3/27/2026 Put $563.00","STC","1","$0.88","$87.95"
"3/27/2026","3/27/2026","3/30/2026","QQQ","QQQ 3/27/2026 Put $560.00","STC","2","$0.10","$19.91"
"3/27/2026","3/27/2026","3/30/2026","QQQ","QQQ 3/27/2026 Put $560.00","STC","1","$0.09","$8.95"
"3/27/2026","3/27/2026","3/30/2026","SPY","SPY 3/31/2026 Put $619.00","BTO","1","$1.92","($192.04)"
"3/27/2026","3/27/2026","3/30/2026","QQQ","QQQ 3/27/2026 Put $566.00","STC","1","$2.45","$244.95"
"3/27/2026","3/27/2026","3/27/2026","","Transfer from Roth IRA to Brokerage","ITRF","","","$147.54"
"3/27/2026","3/27/2026","3/30/2026","QQQ","QQQ 3/27/2026 Put $560.00","BTO","3","$0.20","($60.12)"
"3/27/2026","3/27/2026","3/30/2026","QQQ","QQQ 3/27/2026 Put $560.00","STC","10","$0.18","$179.57"
"3/27/2026","3/27/2026","3/30/2026","QQQ","QQQ 3/27/2026 Call $567.00","BTO","1","$0.25","($25.04)"
"3/27/2026","3/27/2026","3/30/2026","QQQ","QQQ 3/27/2026 Put $563.00","BTO","1","$0.85","($85.04)"
"3/27/2026","3/27/2026","3/30/2026","QQQ","QQQ 3/27/2026 Put $566.00","STC","1","$2.19","$218.95"
"3/27/2026","3/27/2026","3/30/2026","QQQ","QQQ 3/27/2026 Put $560.00","BTO","9","$0.14","($126.36)"
"3/27/2026","3/27/2026","3/30/2026","QQQ","QQQ 3/27/2026 Put $560.00","BTO","1","$0.14","($14.04)"
"3/27/2026","3/27/2026","3/30/2026","QQQ","QQQ 3/27/2026 Put $566.00","BTO","1","$0.79","($79.04)"
"3/27/2026","3/27/2026","3/30/2026","META","META 3/30/2026 Put $515.00","BTO","1","$2.28","($228.04)"
"3/27/2026","3/27/2026","3/30/2026","QQQ","QQQ 3/27/2026 Call $575.00","STC","2","$0.15","$29.91"
"3/27/2026","3/27/2026","3/30/2026","QQQ","QQQ 3/27/2026 Call $575.00","BTO","2","$0.30","($60.08)"
"3/27/2026","3/27/2026","3/30/2026","QQQ","QQQ 3/27/2026 Call $569.00","STC","1","$1.90","$189.95"
"3/27/2026","3/27/2026","3/30/2026","QQQ","QQQ 3/27/2026 Put $569.00","STC","1","$1.65","$164.95"
"3/27/2026","3/27/2026","3/30/2026","QQQ","QQQ 3/27/2026 Call $569.00","BTO","1","$1.12","($112.04)"
"3/27/2026","3/27/2026","3/30/2026","QQQ","QQQ 3/27/2026 Call $572.00","STC","1","$0.34","$33.95"
"3/27/2026","3/27/2026","3/30/2026","QQQ","QQQ 3/27/2026 Call $572.00","BTO","1","$0.69","($69.04)"
"3/27/2026","3/27/2026","3/30/2026","QQQ","QQQ 3/27/2026 Put $566.00","BTO","1","$1.32","($132.04)"
"3/27/2026","3/27/2026","3/30/2026","QQQ","QQQ 3/27/2026 Call $577.00","STC","1","$0.15","$14.95"
"3/27/2026","3/27/2026","3/30/2026","QQQ","QQQ 3/27/2026 Call $577.00","BTO","1","$0.42","($42.04)"
"3/27/2026","3/27/2026","3/30/2026","QQQ","QQQ 3/27/2026 Put $569.00","BTO","1","$2.46","($246.04)"
"3/26/2026","3/26/2026","3/27/2026","QQQ","Option Expiration for QQQ 3/26/2026 Call $591.00","OEXP","1S","",""
"3/26/2026","3/26/2026","3/26/2026","","ACH REVERSAL","ACH","","","($203.00)"
"3/26/2026","3/26/2026","3/26/2026","","Cash reward","MISC","","","$5.59"
"3/26/2026","3/26/2026","3/27/2026","QQQ","QQQ 3/26/2026 Put $576.00","STC","1","$1.34","$133.95"
"3/26/2026","3/26/2026","3/27/2026","META","META 3/27/2026 Put $547.50","STC","1","$7.95","$794.95"
"3/26/2026","3/26/2026","3/27/2026","AI","AI 3/27/2026 Call $8.50","STC","1","$0.06","$5.95"
"3/26/2026","3/26/2026","3/27/2026","AI","AI 3/27/2026 Call $8.50","STC","4","$0.06","$23.83"
"3/26/2026","3/26/2026","3/27/2026","QQQ","QQQ 3/26/2026 Call $589.00","STC","1","$0.07","$6.95"
"3/26/2026","3/26/2026","3/27/2026","META","META 3/27/2026 Put $510.00","BTO","1","$0.25","($25.04)"
"3/26/2026","3/26/2026","3/27/2026","QQQ","QQQ 3/26/2026 Put $582.00","STC","1","$2.70","$269.95"
"3/26/2026","3/26/2026","3/27/2026","META","META 3/27/2026 Put $547.50","BTO","1","$0.44","($44.04)"
"3/26/2026","3/26/2026","3/27/2026","QQQ","QQQ 3/26/2026 Call $591.00","BTO","1","$0.16","($16.04)"
"3/26/2026","3/26/2026","3/27/2026","QQQ","QQQ 3/26/2026 Put $576.00","BTO","1","$0.30","($30.04)"
"3/26/2026","3/26/2026","3/27/2026","AI","AI 3/27/2026 Put $7.50","BTO","1","$0.03","($3.04)"
"3/26/2026","3/26/2026","3/27/2026","AI","AI 3/27/2026 Put $7.50","BTO","1","$0.03","($3.04)"
"3/26/2026","3/26/2026","3/27/2026","AI","AI 3/27/2026 Put $7.50","BTO","1","$0.03","($3.04)"
"3/26/2026","3/26/2026","3/27/2026","AI","AI 3/27/2026 Put $7.50","BTO","1","$0.03","($3.04)"
"3/26/2026","3/26/2026","3/27/2026","AI","AI 3/27/2026 Put $7.50","BTO","3","$0.03","($9.12)"
"3/26/2026","3/26/2026","3/27/2026","AI","AI 3/27/2026 Call $8.50","BTO","5","$0.10","($50.20)"
"3/26/2026","3/26/2026","3/27/2026","AI","AI 3/27/2026 Call $8.50","BTO","2","$0.10","($20.08)"
"3/26/2026","3/26/2026","3/27/2026","QQQ","QQQ 3/26/2026 Call $589.00","BTO","1","$0.39","($39.04)"
"3/26/2026","3/26/2026","3/27/2026","META","META 3/27/2026 Put $567.50","STC","1","$2.40","$239.95"
"3/26/2026","3/26/2026","3/27/2026","QQQ","QQQ 3/26/2026 Put $582.00","BTO","1","$1.41","($141.04)"
"3/26/2026","3/26/2026","3/27/2026","META","META 3/27/2026 Put $562.50","STC","1","$1.41","$140.95"
"3/26/2026","3/26/2026","3/27/2026","META","META 3/27/2026 Put $567.50","BTO","1","$2.70","($270.04)"
"3/25/2026","3/25/2026","3/26/2026","QQQ","Option Expiration for QQQ 3/25/2026 Call $593.00","OEXP","2S","",""
"3/25/2026","3/25/2026","3/26/2026","QQQ","QQQ 3/25/2026 Put $581.00","STC","1","$0.01","$0.95"
"3/25/2026","3/25/2026","3/26/2026","QQQ","QQQ 3/25/2026 Put $585.00","STC","1","$0.07","$6.95"
"3/25/2026","3/25/2026","3/26/2026","QQQ","QQQ 3/25/2026 Put $588.00","STC","1","$1.02","$101.95"
"3/25/2026","3/25/2026","3/26/2026","QQQ","QQQ 3/25/2026 Put $588.00","STC","1","$1.69","$168.95"
"3/25/2026","3/25/2026","3/26/2026","META","META 3/27/2026 Put $562.50","BTO","1","$0.34","($34.04)"
"3/25/2026","3/25/2026","3/26/2026","QQQ","QQQ 3/25/2026 Call $593.00","STC","2","$0.06","$11.91"
"3/25/2026","3/25/2026","3/26/2026","QQQ","QQQ 3/25/2026 Call $593.00","STC","1","$0.06","$5.95"
"3/25/2026","3/25/2026","3/26/2026","QQQ","QQQ 3/25/2026 Call $593.00","STC","1","$0.06","$5.95"
"3/25/2026","3/25/2026","3/26/2026","QQQ","QQQ 3/25/2026 Put $588.00","BTO","2","$0.62","($124.08)"
"3/25/2026","3/25/2026","3/26/2026","QQQ","QQQ 3/25/2026 Put $588.00","STC","1","$0.42","$41.95"
"3/25/2026","3/25/2026","3/26/2026","QQQ","QQQ 3/25/2026 Call $593.00","BTO","3","$0.10","($30.12)"
"3/25/2026","3/25/2026","3/26/2026","QQQ","QQQ 3/25/2026 Call $593.00","BTO","3","$0.10","($30.12)"
"3/25/2026","3/25/2026","3/26/2026","QQQ","QQQ 3/25/2026 Call $592.00","STC","3","$0.15","$44.87"
"3/25/2026","3/25/2026","3/26/2026","QQQ","QQQ 3/25/2026 Put $588.00","BTO","1","$0.85","($85.04)"
"3/25/2026","3/25/2026","3/26/2026","QQQ","QQQ 3/25/2026 Call $592.00","BTO","3","$0.22","($66.12)"
"3/25/2026","3/25/2026","3/25/2026","","Transfer from Roth IRA to Brokerage","ITRF","","","$65.34"
"3/25/2026","3/25/2026","3/26/2026","QQQ","QQQ 3/25/2026 Call $590.00","STC","1","$0.81","$80.95"
"3/25/2026","3/25/2026","3/26/2026","QQQ","QQQ 3/25/2026 Put $585.00","BTO","1","$0.55","($55.04)"
"3/25/2026","3/25/2026","3/26/2026","QQQ","QQQ 3/25/2026 Call $590.00","BTO","1","$1.03","($103.04)"
"3/25/2026","3/25/2026","3/26/2026","QQQ","QQQ 3/25/2026 Put $587.00","STC","1","$0.98","$97.95"
"3/25/2026","3/25/2026","3/26/2026","QQQ","QQQ 3/25/2026 Call $591.00","STC","1","$0.89","$88.95"
"3/25/2026","3/25/2026","3/26/2026","QQQ","QQQ 3/25/2026 Put $587.00","BTO","1","$0.65","($65.04)"
"3/25/2026","3/25/2026","3/26/2026","QQQ","QQQ 3/25/2026 Call $591.00","BTO","1","$1.56","($156.04)"
"3/25/2026","3/25/2026","3/25/2026","","External debit card transfer - withdrawal fee","DCF","","","($1.00)"
"3/25/2026","3/25/2026","3/25/2026","","External debit card transfer - account ending in 5447","DCF","","","($9.00)"
"3/25/2026","3/25/2026","3/25/2026","","External debit card transfer - withdrawal fee","DCF","","","($1.00)"
"3/25/2026","3/25/2026","3/25/2026","","External debit card transfer - account ending in 5447","DCF","","","($29.00)"
"3/25/2026","3/25/2026","3/26/2026","","ACH Deposit","ACH","","","$300.00"
"3/24/2026","3/24/2026","3/24/2026","","Event Contracts Inter-Entity Cash Transfer","FUTSWP","","","($39.00)"
"3/24/2026","3/24/2026","3/25/2026","QQQ","QQQ 3/25/2026 Put $581.00","BTO","1","$2.01","($201.04)"
"3/24/2026","3/24/2026","3/25/2026","","ACH Deposit","ACH","","","$8.00"
"3/24/2026","3/24/2026","3/25/2026","","ACH Deposit","ACH","","","$203.00"
"3/24/2026","3/24/2026","3/25/2026","QQQ","QQQ 3/24/2026 Put $585.00","STC","1","$0.81","$80.95"
"3/24/2026","3/24/2026","3/25/2026","QQQ","QQQ 3/24/2026 Call $590.00","STC","3","$0.09","$26.87"
"3/24/2026","3/24/2026","3/25/2026","QQQ","QQQ 3/24/2026 Call $590.00","BTO","1","$0.16","($16.04)"
"3/24/2026","3/24/2026","3/25/2026","QQQ","QQQ 3/24/2026 Call $590.00","BTO","1","$0.16","($16.04)"
"3/24/2026","3/24/2026","3/25/2026","QQQ","QQQ 3/24/2026 Call $590.00","BTO","1","$0.16","($16.04)"
"3/24/2026","3/24/2026","3/25/2026","QQQ","QQQ 3/24/2026 Put $585.00","BTO","1","$1.10","($110.04)"
"3/24/2026","3/24/2026","3/25/2026","QQQ","QQQ 3/24/2026 Call $588.00","STC","1","$0.72","$71.95"
"3/24/2026","3/24/2026","3/24/2026","","Transfer from Roth IRA to Brokerage","ITRF","","","$146.85"
"3/24/2026","3/24/2026","3/25/2026","QQQ","QQQ 3/24/2026 Put $584.00","STC","1","$0.83","$82.95"
"3/24/2026","3/24/2026","3/25/2026","QQQ","QQQ 3/24/2026 Call $588.00","BTO","1","$0.91","($91.04)"
"3/24/2026","3/24/2026","3/24/2026","","Transfer from Roth IRA to Brokerage","ITRF","","","$99.00"
"3/24/2026","3/24/2026","3/25/2026","QQQ","QQQ 3/24/2026 Call $590.00","STC","1","$0.32","$31.95"
"3/24/2026","3/24/2026","3/25/2026","QQQ","QQQ 3/24/2026 Call $590.00","BTO","1","$0.73","($73.04)"
"3/24/2026","3/24/2026","3/25/2026","QQQ","QQQ 3/24/2026 Call $586.00","STC","1","$1.23","$122.95"
"3/24/2026","3/24/2026","3/25/2026","QQQ","QQQ 3/24/2026 Call $586.00","BTO","1","$1.61","($161.04)"
"3/24/2026","3/24/2026","3/24/2026","","External debit card transfer - withdrawal fee","DCF","","","($1.00)"
"3/24/2026","3/24/2026","3/24/2026","","External debit card transfer - account ending in 5447","DCF","","","($29.00)"
"3/24/2026","3/24/2026","3/25/2026","QQQ","QQQ 3/24/2026 Put $584.00","BTO","1","$2.30","($230.04)"
"3/24/2026","3/24/2026","3/24/2026","","Transfer from Roth IRA to Brokerage","ITRF","","","$496.62"
"3/24/2026","3/24/2026","3/24/2026","","External debit card transfer - account ending in 5447","DCF","","","($19.00)"
"3/24/2026","3/24/2026","3/24/2026","","External debit card transfer - withdrawal fee","DCF","","","($1.00)"
"3/24/2026","3/24/2026","3/24/2026","","Transfer from Roth IRA to Brokerage","ITRF","","","$20.00"
"3/24/2026","3/24/2026","3/24/2026","","External debit card transfer - account ending in 5447","DCF","","","($13.00)"
"3/24/2026","3/24/2026","3/24/2026","","External debit card transfer - withdrawal fee","DCF","","","($1.00)"
"3/23/2026","3/23/2026","3/24/2026","QQQ","QQQ 3/23/2026 Call $598.00","STC","1","$0.19","$18.95"
"3/23/2026","3/23/2026","3/24/2026","QQQ","QQQ 3/23/2026 Call $598.00","BTO","1","$0.33","($33.04)"
"3/23/2026","3/23/2026","3/23/2026","","External debit card transfer - withdrawal fee","DCF","","","($1.00)"
"3/23/2026","3/23/2026","3/23/2026","","External debit card transfer - account ending in 5447","DCF","","","($4.00)"
"3/23/2026","3/23/2026","3/23/2026","","External debit card transfer - withdrawal fee","DCF","","","($2.63)"
"3/23/2026","3/23/2026","3/23/2026","","External debit card transfer - account ending in 5447","DCF","","","($147.37)"
"3/23/2026","3/23/2026","3/23/2026","","Transfer from Roth IRA to Brokerage","ITRF","","","$209.34"
"3/20/2026","3/20/2026","3/23/2026","BBWI","Option Expiration for BBWI 3/20/2026 Call $25.00","OEXP","2S","",""
"3/20/2026","3/20/2026","3/23/2026","SPY","SPY 3/20/2026 Put $643.00","STC","1","$0.06","$5.95"
"3/19/2026","3/19/2026","3/20/2026","SPY","SPY 3/20/2026 Put $643.00","BTO","1","$0.35","($35.04)"
"3/19/2026","3/19/2026","3/20/2026","SPY","SPY 3/19/2026 Put $657.00","STC","1","$0.05","$4.95"
"3/19/2026","3/19/2026","3/20/2026","SPY","SPY 3/19/2026 Put $657.00","BTO","1","$1.97","($197.04)"
"3/18/2026","3/18/2026","3/19/2026","SPY","SPY 3/18/2026 Put $664.00","STC","1","$2.11","$210.95"
"3/18/2026","3/18/2026","3/19/2026","SPY","SPY 3/19/2026 Call $677.00","STC","1","$0.23","$22.95"
"3/18/2026","3/18/2026","3/19/2026","SPY","SPY 3/19/2026 Call $677.00","BTO","1","$0.25","($25.04)"
"3/18/2026","3/18/2026","3/19/2026","","ACH Deposit","ACH","","","$20.36"
"3/18/2026","3/18/2026","3/19/2026","SPY","SPY 3/18/2026 Put $664.00","BTO","1","$1.19","($119.04)"
"3/17/2026","3/17/2026","3/18/2026","SPY","SPY 3/17/2026 Put $668.00","STC","1","$0.02","$1.95"
"3/17/2026","3/17/2026","3/18/2026","SPY","SPY 3/17/2026 Call $676.00","STC","1","$0.11","$10.95"
"3/17/2026","3/17/2026","3/18/2026","SPY","SPY 3/17/2026 Call $676.00","BTO","1","$0.20","($20.04)"
"3/17/2026","3/17/2026","3/18/2026","","ACH Deposit","ACH","","","$1.00"
"3/17/2026","3/17/2026","3/18/2026","","ACH Deposit","ACH","","","$17.04"
"3/17/2026","3/17/2026","3/18/2026","SPY","SPY 3/17/2026 Call $678.00","STC","3","$0.09","$26.87"
"3/17/2026","3/17/2026","3/18/2026","SPY","SPY 3/17/2026 Put $668.00","BTO","1","$0.36","($36.04)"
"3/17/2026","3/17/2026","3/18/2026","","ACH Deposit","ACH","","","$39.04"
"3/17/2026","3/17/2026","3/18/2026","","ACH Deposit","ACH","","","$55.44"
"3/17/2026","3/17/2026","3/18/2026","SPY","SPY 3/17/2026 Call $678.00","BTO","3","$0.21","($63.12)"
"3/17/2026","3/17/2026","3/18/2026","SPY","SPY 3/17/2026 Call $675.00","STC","1","$0.84","$83.95"
"3/17/2026","3/17/2026","3/18/2026","SPY","SPY 3/17/2026 Call $675.00","BTO","1","$0.81","($81.04)"
"3/16/2026","3/16/2026","3/17/2026","SPY","Option Expiration for SPY 3/16/2026 Put $661.00","OEXP","1S","",""
"3/16/2026","3/16/2026","3/17/2026","SPY","SPY 3/16/2026 Call $668.00","STC","1","$0.81","$80.95"
"3/16/2026","3/16/2026","3/17/2026","SPY","SPY 3/16/2026 Put $661.00","BTO","1","$0.41","($41.04)"
"3/16/2026","3/16/2026","3/17/2026","SPY","SPY 3/16/2026 Call $668.00","BTO","1","$2.66","($266.04)"
"3/13/2026","3/13/2026","3/16/2026","AAL","Option Expiration for AAL 3/13/2026 Put $10.00","OEXP","17S","",""
"3/13/2026","3/13/2026","3/16/2026","SPY","Option Expiration for SPY 3/13/2026 Call $670.00","OEXP","1S","",""
"3/13/2026","3/13/2026","3/16/2026","JBLU","Option Expiration for JBLU 3/13/2026 Put $4.00","OEXP","14S","",""
"3/13/2026","3/13/2026","3/16/2026","DAL","Option Expiration for DAL 3/13/2026 Put $56.00","OEXP","4S","",""
"3/13/2026","3/13/2026","3/16/2026","JBLU","Option Expiration for JBLU 3/13/2026 Put $3.50","OEXP","60S","",""
"3/13/2026","3/13/2026","3/16/2026","XYZ","Option Expiration for XYZ 3/13/2026 Call $74.00","OEXP","1S","",""
"3/13/2026","3/13/2026","3/16/2026","AAL","Option Expiration for AAL 3/13/2026 Call $12.50","OEXP","15S","",""
"3/13/2026","3/13/2026","3/16/2026","AAL","Option Expiration for AAL 3/13/2026 Put $9.50","OEXP","5S","",""
"3/13/2026","3/13/2026","3/16/2026","SPY","SPY 3/13/2026 Put $657.00","STC","1","$0.02","$1.95"
"3/13/2026","3/13/2026","3/16/2026","","ACH Deposit","ACH","","","$18.04"
"3/13/2026","3/13/2026","3/16/2026","SPY","SPY 3/13/2026 Call $670.00","BTO","1","$0.26","($26.04)"
"3/13/2026","3/13/2026","3/16/2026","SPY","SPY 3/13/2026 Put $657.00","BTO","1","$0.25","($25.04)"
"3/13/2026","3/13/2026","3/16/2026","","ACH Deposit","ACH","","","$21.04"
"3/13/2026","3/13/2026","3/16/2026","DAL","DAL 3/13/2026 Put $56.00","BTO","4","$0.07","($28.16)"
"3/13/2026","3/13/2026","3/16/2026","","ACH Deposit","ACH","","","$38.16"
"3/13/2026","3/13/2026","3/16/2026","SPY","SPY 3/13/2026 Put $665.00","STC","1","$2.04","$203.95"
"3/13/2026","3/13/2026","3/16/2026","SPY","SPY 3/13/2026 Call $672.00","STC","1","$1.09","$108.95"
"3/13/2026","3/13/2026","3/16/2026","SPY","SPY 3/13/2026 Put $665.00","BTO","1","$0.56","($56.04)"
"3/13/2026","3/13/2026","3/16/2026","","ACH Deposit","ACH","","","$10.13"
"3/13/2026","3/13/2026","3/16/2026","SPY","SPY 3/13/2026 Call $672.00","BTO","1","$1.59","($159.04)"
"3/13/2026","3/13/2026","3/13/2026","","Transfer from Brokerage to Roth IRA","ITRF","","","($150.00)"
"3/13/2026","3/13/2026","3/13/2026","","External debit card transfer - account ending in 5447","DCF","","","$350.00"
"3/12/2026","3/12/2026","3/12/2026","","External debit card transfer - account ending in 5447","DCF","","","$50.74"
"3/12/2026","3/12/2026","3/13/2026","AAL","AAL 3/13/2026 Put $10.00","BTO","9","$0.03","($27.36)"
"3/12/2026","3/12/2026","3/13/2026","AAL","AAL 3/13/2026 Put $10.00","BTO","1","$0.03","($3.04)"
"3/12/2026","3/12/2026","3/13/2026","AAL","AAL 3/13/2026 Put $10.00","BTO","6","$0.03","($18.24)"
"3/12/2026","3/12/2026","3/13/2026","AAL","AAL 3/13/2026 Put $10.00","BTO","1","$0.03","($3.04)"
"3/12/2026","3/12/2026","3/13/2026","SPY","SPY 3/12/2026 Put $665.00","STC","1","$0.07","$6.95"
"3/12/2026","3/12/2026","3/13/2026","JBLU","JBLU 3/13/2026 Put $4.00","BTO","7","$0.03","($21.28)"
"3/12/2026","3/12/2026","3/13/2026","JBLU","JBLU 3/13/2026 Put $4.00","BTO","7","$0.03","($21.28)"
"3/12/2026","3/12/2026","3/13/2026","SPY","SPY 3/12/2026 Put $665.00","BTO","1","$0.95","($95.04)"
"3/11/2026","3/11/2026","3/12/2026","SPY","Option Expiration for SPY 3/11/2026 Put $668.00","OEXP","1S","",""
"3/11/2026","3/11/2026","3/12/2026","SPY","Option Expiration for SPY 3/11/2026 Call $683.00","OEXP","1S","",""
"3/11/2026","3/11/2026","3/11/2026","","External debit card transfer - account ending in 5447","DCF","","","$5.00"
"3/11/2026","3/11/2026","3/11/2026","","Gold Subscription Fee","GOLD","","","($5.00)"
"3/11/2026","3/11/2026","3/12/2026","GLD","GLD 3/11/2026 Call $479.00","STC","1","$0.01","$0.95"
"3/11/2026","3/11/2026","3/12/2026","SPY","SPY 3/11/2026 Call $679.00","STC","1","$0.03","$2.95"
"3/11/2026","3/11/2026","3/11/2026","","External debit card transfer - withdrawal fee","DCF","","","($1.00)"
"3/11/2026","3/11/2026","3/11/2026","","External debit card transfer - account ending in 5447","DCF","","","($8.00)"
"3/11/2026","3/11/2026","3/12/2026","SPY","SPY 3/11/2026 Put $668.00","BTO","1","$0.26","($26.04)"
"3/11/2026","3/11/2026","3/12/2026","SPY","SPY 3/11/2026 Call $683.00","BTO","1","$0.35","($35.04)"
"3/11/2026","3/11/2026","3/12/2026","GLD","GLD 3/11/2026 Put $475.00","STC","1","$0.90","$89.95"
"3/11/2026","3/11/2026","3/12/2026","SPY","SPY 3/11/2026 Put $671.00","STC","1","$0.44","$43.95"
"3/11/2026","3/11/2026","3/12/2026","SPY","SPY 3/11/2026 Put $671.00","BTO","1","$0.59","($59.04)"
"3/11/2026","3/11/2026","3/12/2026","SPY","SPY 3/11/2026 Call $679.00","BTO","1","$1.69","($169.04)"
"3/11/2026","3/11/2026","3/12/2026","GLD","GLD 3/11/2026 Call $479.00","BTO","1","$0.44","($44.04)"
"3/11/2026","3/11/2026","3/12/2026","GLD","GLD 3/11/2026 Put $475.00","BTO","1","$1.67","($167.04)"
"3/11/2026","3/11/2026","3/11/2026","","External debit card transfer - withdrawal fee","DCF","","","($1.00)"
"3/11/2026","3/11/2026","3/11/2026","","External debit card transfer - account ending in 5447","DCF","","","($19.00)"
"3/10/2026","3/10/2026","3/11/2026","AAL","AAL 3/13/2026 Put $10.00","STC","12","$0.03","$35.48"
"3/10/2026","3/10/2026","3/11/2026","SPY","SPY 3/10/2026 Call $678.00","STC","1","$4.90","$489.95"
"3/10/2026","3/10/2026","3/11/2026","AAL","AAL 3/13/2026 Call $12.50","BTO","3","$0.03","($9.12)"
"3/10/2026","3/10/2026","3/11/2026","AAL","AAL 3/13/2026 Call $12.50","BTO","12","$0.02","($24.48)"
"3/10/2026","3/10/2026","3/11/2026","JBLU","JBLU 3/13/2026 Put $3.50","BTO","9","$0.02","($18.36)"
"3/10/2026","3/10/2026","3/11/2026","JBLU","JBLU 3/13/2026 Put $3.50","BTO","1","$0.02","($2.04)"
"3/10/2026","3/10/2026","3/11/2026","JBLU","JBLU 3/13/2026 Put $3.50","BTO","13","$0.02","($26.52)"
"3/10/2026","3/10/2026","3/11/2026","JBLU","JBLU 3/13/2026 Put $3.50","BTO","20","$0.02","($40.80)"
"3/10/2026","3/10/2026","3/11/2026","JBLU","JBLU 3/13/2026 Put $3.50","BTO","13","$0.02","($26.52)"
"3/10/2026","3/10/2026","3/11/2026","JBLU","JBLU 3/13/2026 Put $3.50","BTO","4","$0.02","($8.16)"
"3/10/2026","3/10/2026","3/11/2026","AAL","AAL 3/13/2026 Put $10.00","BTO","12","$0.06","($72.48)"
"3/10/2026","3/10/2026","3/11/2026","SPY","SPY 3/10/2026 Call $678.00","BTO","1","$2.71","($271.04)"
"3/10/2026","3/10/2026","3/10/2026","","Transfer from Brokerage to Roth IRA","ITRF","","","($400.00)"
"3/10/2026","3/10/2026","3/10/2026","","External debit card transfer - account ending in 5447","DCF","","","($4.00)"
"3/10/2026","3/10/2026","3/10/2026","","External debit card transfer - withdrawal fee","DCF","","","($1.00)"
"3/10/2026","3/10/2026","3/10/2026","","External debit card transfer - withdrawal fee","DCF","","","($1.58)"
"3/10/2026","3/10/2026","3/10/2026","","External debit card transfer - account ending in 5447","DCF","","","($88.42)"
"3/9/2026","3/9/2026","3/10/2026","AAL","AAL 3/13/2026 Put $10.00","STC","5","$0.11","$54.78"
"3/9/2026","3/9/2026","3/10/2026","LUV","LUV 3/13/2026 Put $41.50","STC","1","$1.70","$169.95"
"3/9/2026","3/9/2026","3/10/2026","DAL","DAL 3/13/2026 Put $58.00","STC","1","$3.15","$314.95"
"3/9/2026","3/9/2026","3/10/2026","AAL","AAL 3/13/2026 Put $11.00","STC","2","$0.64","$127.91"
"3/9/2026","3/9/2026","3/10/2026","AAL","AAL 3/13/2026 Put $9.50","BTO","5","$0.10","($50.20)"
"3/9/2026","3/9/2026","3/10/2026","AAL","AAL 3/13/2026 Put $11.00","STC","4","$0.65","$259.83"
"3/9/2026","3/9/2026","3/10/2026","AAL","AAL 3/13/2026 Put $11.00","STC","1","$0.65","$64.95"
"3/9/2026","3/9/2026","3/9/2026","","External debit card transfer - account ending in 5447","DCF","","","($2.04)"
"3/9/2026","3/9/2026","3/9/2026","","External debit card transfer - withdrawal fee","DCF","","","($1.00)"
"3/6/2026","3/6/2026","3/9/2026","AAL","Option Expiration for AAL 3/6/2026 Call $12.00","OEXP","4S","",""
"3/6/2026","3/6/2026","3/9/2026","XYZ","Option Expiration for XYZ 3/6/2026 Call $72.00","OEXP","1S","",""
"3/6/2026","3/6/2026","3/9/2026","AAL","Option Expiration for AAL 3/6/2026 Put $11.00","OEXP","79S","",""
"3/6/2026","3/6/2026","3/9/2026","AAL","Option Expiration for AAL 3/6/2026 Call $12.50","OEXP","10S","",""
"3/6/2026","3/6/2026","3/6/2026","","External debit card transfer - account ending in 5447","DCF","","","($29.00)"
"3/6/2026","3/6/2026","3/6/2026","","External debit card transfer - withdrawal fee","DCF","","","($1.00)"
"3/6/2026","3/6/2026","3/9/2026","DAL","DAL 3/13/2026 Call $65.00","STC","1","$0.25","$24.95"
"3/6/2026","3/6/2026","3/9/2026","LUV","LUV 3/13/2026 Call $44.50","STC","1","$0.32","$31.95"
"3/6/2026","3/6/2026","3/9/2026","AAL","AAL 3/6/2026 Put $11.00","BTO","5","$0.02","($10.20)"
"3/6/2026","3/6/2026","3/9/2026","AAL","AAL 3/6/2026 Put $11.00","BTO","20","$0.01","($20.80)"
"3/6/2026","3/6/2026","3/6/2026","","External debit card transfer - withdrawal fee","DCF","","","($1.00)"
"3/6/2026","3/6/2026","3/6/2026","","External debit card transfer - account ending in 5447","DCF","","","($19.00)"
"3/6/2026","3/6/2026","3/9/2026","AAL","AAL 3/13/2026 Put $10.00","BTO","5","$0.09","($45.20)"
"3/6/2026","3/6/2026","3/9/2026","DAL","DAL 3/13/2026 Call $65.00","BTO","1","$0.44","($44.04)"
"3/6/2026","3/6/2026","3/9/2026","DAL","DAL 3/13/2026 Put $58.00","BTO","1","$1.65","($165.04)"
"3/6/2026","3/6/2026","3/9/2026","LUV","LUV 3/13/2026 Call $44.50","BTO","1","$0.57","($57.04)"
"3/6/2026","3/6/2026","3/9/2026","LUV","LUV 3/13/2026 Put $41.50","BTO","1","$1.70","($170.04)"
"3/5/2026","3/5/2026","3/6/2026","AAL","AAL 3/6/2026 Put $11.00","BTO","4","$0.02","($8.16)"
"3/5/2026","3/5/2026","3/6/2026","AAL","AAL 3/6/2026 Call $12.00","BTO","4","$0.07","($28.16)"
"3/5/2026","3/5/2026","3/5/2026","","External debit card transfer - account ending in 6735","DCF","","","$28.00"
"3/5/2026","3/5/2026","3/6/2026","AAL","AAL 3/6/2026 Call $12.50","BTO","10","$0.01","($10.40)"
"3/5/2026","3/5/2026","3/5/2026","","External debit card transfer - account ending in 6735","DCF","","","$19.00"
"3/5/2026","3/5/2026","3/6/2026","SPY","SPY 3/5/2026 Put $677.00","STC","1","$0.58","$57.95"
"3/5/2026","3/5/2026","3/6/2026","SPY","SPY 3/5/2026 Call $685.00","STC","1","$0.47","$46.95"
"3/5/2026","3/5/2026","3/6/2026","SPY","SPY 3/5/2026 Put $679.00","STC","1","$1.34","$133.95"
"3/5/2026","3/5/2026","3/6/2026","SPY","SPY 3/5/2026 Put $677.00","BTO","1","$0.71","($71.04)"
"3/5/2026","3/5/2026","3/5/2026","","External debit card transfer - account ending in 6735","DCF","","","$25.00"
"3/5/2026","3/5/2026","3/6/2026","SPY","SPY 3/5/2026 Put $679.00","BTO","1","$0.67","($67.04)"
"3/5/2026","3/5/2026","3/6/2026","SPY","SPY 3/5/2026 Call $685.00","BTO","1","$1.54","($154.04)"
"3/5/2026","3/5/2026","3/6/2026","AMZN","AMZN 3/6/2026 Call $225.00","STC","2","$0.40","$79.91"
"3/5/2026","3/5/2026","3/6/2026","AAL","AAL 3/13/2026 Put $11.00","BTO","1","$0.11","($11.04)"
"3/5/2026","3/5/2026","3/6/2026","AAL","AAL 3/13/2026 Put $11.00","BTO","6","$0.11","($66.24)"
"3/5/2026","3/5/2026","3/6/2026","XYZ","XYZ 3/6/2026 Call $65.00","STC","1","$2.45","$244.95"
"3/5/2026","3/5/2026","3/6/2026","ET","ET 1/15/2027 Call $30.00","BTO","6","$0.10","($60.24)"
"3/5/2026","3/5/2026","3/6/2026","ET","ET 1/15/2027 Call $30.00","BTO","6","$0.10","($60.24)"
"3/5/2026","3/5/2026","3/6/2026","ET","ET 1/15/2027 Call $30.00","BTO","8","$0.10","($80.32)"
"3/5/2026","3/5/2026","3/6/2026","NEE","NEE 4/17/2026 Call $100.00","BTO","2","$0.98","($196.08)"
"3/5/2026","3/5/2026","3/6/2026","NEE","NEE 4/2/2026 Call $99.00","BTO","2","$0.70","($140.08)"
"3/5/2026","3/5/2026","3/5/2026","","Transfer from Brokerage to Roth IRA","ITRF","","","($400.00)"
"3/4/2026","3/4/2026","3/5/2026","AMZN","Option Expiration for AMZN 3/4/2026 Call $220.00","OEXP","3S","",""
"3/4/2026","3/4/2026","3/5/2026","AMZN","Option Expiration for AMZN 3/4/2026 Put $190.00","OEXP","2S","",""
"3/4/2026","3/4/2026","3/5/2026","SPY","SPY 3/4/2026 Call $690.00","STC","1","$0.01","$0.95"
"3/4/2026","3/4/2026","3/5/2026","AMZN","AMZN 3/4/2026 Call $220.00","BTO","3","$0.01","($3.12)"
"3/4/2026","3/4/2026","3/5/2026","SPY","SPY 3/4/2026 Call $690.00","BTO","1","$0.06","($6.04)"
"3/4/2026","3/4/2026","3/5/2026","AMZN","AMZN 3/6/2026 Call $225.00","BTO","2","$0.18","($36.08)"
"3/4/2026","3/4/2026","3/4/2026","","External debit card transfer - account ending in 6735","DCF","","","$40.00"
"3/4/2026","3/4/2026","3/5/2026","SPY","SPY 3/4/2026 Call $687.00","STC","1","$0.76","$75.95"
"3/4/2026","3/4/2026","3/5/2026","SPY","SPY 3/4/2026 Call $683.00","STC","1","$3.76","$375.95"
"3/4/2026","3/4/2026","3/5/2026","SPY","SPY 3/4/2026 Call $687.00","BTO","1","$0.45","($45.04)"
"3/4/2026","3/4/2026","3/5/2026","AMZN","AMZN 3/4/2026 Call $215.00","STC","1","$1.45","$144.95"
"3/4/2026","3/4/2026","3/5/2026","AMZN","AMZN 3/4/2026 Call $212.50","STC","1","$2.44","$243.95"
"3/4/2026","3/4/2026","3/5/2026","AAL","AAL 3/6/2026 Put $11.00","BTO","16","$0.02","($32.64)"
"3/4/2026","3/4/2026","3/5/2026","AAL","AAL 3/6/2026 Put $11.00","BTO","10","$0.02","($20.40)"
"3/4/2026","3/4/2026","3/5/2026","AAL","AAL 3/6/2026 Put $11.00","BTO","4","$0.02","($8.16)"
"3/4/2026","3/4/2026","3/5/2026","AAL","AAL 3/6/2026 Put $11.00","BTO","10","$0.02","($20.40)"
"3/4/2026","3/4/2026","3/5/2026","AAL","AAL 3/6/2026 Put $11.00","BTO","10","$0.02","($20.40)"
"3/4/2026","3/4/2026","3/5/2026","SPY","SPY 3/4/2026 Put $678.00","STC","3","$1.46","$437.87"
"3/4/2026","3/4/2026","3/5/2026","SPY","SPY 3/4/2026 Put $678.00","BTO","3","$1.56","($468.12)"
"3/4/2026","3/4/2026","3/5/2026","SPY","SPY 3/4/2026 Call $683.00","BTO","1","$2.33","($233.04)"
"3/4/2026","3/4/2026","3/4/2026","","ACH REVERSAL","ACH","","","($162.04)"
"3/3/2026","3/3/2026","3/4/2026","SPY","SPY 3/3/2026 Call $684.00","STC","1","$0.01","$0.95"
"3/3/2026","3/3/2026","3/4/2026","AMZN","AMZN 3/4/2026 Call $212.50","STC","2","$0.40","$79.91"
"3/3/2026","3/3/2026","3/4/2026","AMZN","AMZN 3/4/2026 Call $215.00","BTO","1","$0.12","($12.04)"
"3/3/2026","3/3/2026","3/3/2026","","External debit card transfer - account ending in 6735","DCF","","","$1.00"
"3/3/2026","3/3/2026","3/4/2026","SPY","SPY 3/3/2026 Call $682.00","STC","1","$1.37","$136.95"
"3/3/2026","3/3/2026","3/4/2026","SPY","SPY 3/3/2026 Call $682.00","STC","1","$0.70","$69.95"
"3/3/2026","3/3/2026","3/4/2026","SPY","SPY 3/3/2026 Call $684.00","BTO","1","$0.20","($20.04)"
"3/3/2026","3/3/2026","3/3/2026","","External debit card transfer - account ending in 6735","DCF","","","$17.00"
"3/3/2026","3/3/2026","3/4/2026","SPY","SPY 3/3/2026 Call $682.00","BTO","1","$0.19","($19.04)"
"3/3/2026","3/3/2026","3/4/2026","SPY","SPY 3/3/2026 Call $682.00","BTO","1","$0.19","($19.04)"
"3/3/2026","3/3/2026","3/3/2026","","External debit card transfer - account ending in 6735","DCF","","","$50.04"
"3/3/2026","3/3/2026","3/4/2026","XYZ","XYZ 3/13/2026 Call $74.00","BTO","1","$0.12","($12.04)"
"3/3/2026","3/3/2026","3/4/2026","AMZN","AMZN 3/4/2026 Call $212.50","BTO","3","$0.15","($45.12)"
"3/3/2026","3/3/2026","3/3/2026","","External debit card transfer - account ending in 6735","DCF","","","$55.80"
"3/3/2026","3/3/2026","3/4/2026","","ACH CANCEL","ACH","","","($103.00)"
"3/3/2026","3/3/2026","3/4/2026","","ACH CANCEL","ACH","","","($63.00)"
"3/3/2026","3/3/2026","3/4/2026","","ACH Deposit","ACH","","","$103.00"
"3/3/2026","3/3/2026","3/4/2026","","ACH Deposit","ACH","","","$63.00"
"3/3/2026","3/3/2026","3/4/2026","AMZN","AMZN 3/4/2026 Put $190.00","BTO","2","$0.15","($30.08)"
"3/3/2026","3/3/2026","3/4/2026","SPY","SPY 3/3/2026 Put $673.00","STC","1","$4.07","$406.95"
"3/3/2026","3/3/2026","3/4/2026","SPY","SPY 3/3/2026 Put $673.00","BTO","1","$1.76","($176.04)"
"3/3/2026","3/3/2026","3/3/2026","","ACH REVERSAL","ACH","","","($100.00)"
"3/2/2026","3/2/2026","3/3/2026","MSFT","Option Expiration for MSFT 3/2/2026 Call $417.50","OEXP","10S","",""
"3/2/2026","3/2/2026","3/3/2026","AAPL","Option Expiration for AAPL 3/2/2026 Call $272.50","OEXP","1S","",""
"3/2/2026","3/2/2026","3/3/2026","AMZN","Option Expiration for AMZN 3/2/2026 Call $212.50","OEXP","1S","",""
"3/2/2026","3/2/2026","3/3/2026","CVS","CVS 3/20/2026 Call $80.00","STC","1","$2.27","$226.95"
"2/27/2026","2/27/2026","3/2/2026","SPY","Option Expiration for SPY 2/27/2026 Call $693.00","OEXP","1S","",""
"2/27/2026","2/27/2026","3/2/2026","XYZ","Option Expiration for XYZ 2/27/2026 Call $70.00","OEXP","8S","",""
"2/27/2026","2/27/2026","3/2/2026","AAPL","Option Expiration for AAPL 2/27/2026 Call $280.00","OEXP","1S","",""
"2/27/2026","2/27/2026","3/2/2026","XYZ","XYZ 3/6/2026 Call $65.00","BTO","1","$1.56","($156.04)"
"2/27/2026","2/27/2026","3/2/2026","","ACH Deposit","ACH","","","$162.04"
"2/27/2026","2/27/2026","3/2/2026","SPY","SPY 2/27/2026 Put $681.00","STC","3","$0.01","$2.87"
"2/27/2026","2/27/2026","3/2/2026","UNP","UNP 2/27/2026 Call $265.00","STC","1","$0.60","$59.95"
"2/27/2026","2/27/2026","3/2/2026","MSFT","MSFT 3/2/2026 Call $417.50","BTO","8","$0.06","($48.32)"
"2/27/2026","2/27/2026","2/27/2026","","External debit card transfer - account ending in 6735","DCF","","","$16.14"
"2/27/2026","2/27/2026","2/27/2026","","Event Contracts Inter-Entity Cash Transfer","FUTSWP","","","$9.57"
"2/27/2026","2/27/2026","3/2/2026","XYZ","XYZ 3/6/2026 Call $72.00","BTO","1","$0.34","($34.04)"
"2/27/2026","2/27/2026","3/2/2026","SPY","SPY 2/27/2026 Call $685.00","STC","1","$1.86","$185.95"
"2/27/2026","2/27/2026","3/2/2026","SPY","SPY 2/27/2026 Call $685.00","BTO","1","$2.00","($200.04)"
"2/27/2026","2/27/2026","3/2/2026","XYZ","XYZ 2/27/2026 Put $60.00","STC","1","$0.36","$35.95"
"2/27/2026","2/27/2026","3/2/2026","XYZ","XYZ 2/27/2026 Put $60.00","STC","1","$0.36","$35.95"
"2/27/2026","2/27/2026","3/2/2026","XYZ","XYZ 2/27/2026 Put $60.00","STC","1","$0.36","$35.95"
"2/27/2026","2/27/2026","3/2/2026","XYZ","XYZ 2/27/2026 Put $60.00","STC","1","$0.36","$35.95"
"2/27/2026","2/27/2026","3/2/2026","XYZ","XYZ 2/27/2026 Put $60.00","BTO","1","$0.48","($48.04)"
"2/27/2026","2/27/2026","3/2/2026","XYZ","XYZ 2/27/2026 Put $60.00","BTO","3","$0.48","($144.12)"
"2/27/2026","2/27/2026","3/2/2026","XYZ","XYZ 2/27/2026 Call $70.00","BTO","8","$0.34","($272.32)"
"2/27/2026","2/27/2026","3/2/2026","SPY","SPY 2/27/2026 Put $681.00","BTO","3","$1.67","($501.12)"
"2/26/2026","2/26/2026","2/27/2026","SPY","Option Expiration for SPY 2/26/2026 Call $700.00","OEXP","3S","",""
"2/26/2026","2/26/2026","2/27/2026","SPY","SPY 2/26/2026 Put $685.00","STC","1","$0.08","$7.95"
"2/26/2026","2/26/2026","2/27/2026","SPY","SPY 2/26/2026 Put $684.00","STC","1","$0.04","$3.95"
"2/26/2026","2/26/2026","2/27/2026","MSFT","MSFT 3/2/2026 Call $417.50","BTO","1","$0.39","($39.04)"
"2/26/2026","2/26/2026","2/27/2026","MSFT","MSFT 3/2/2026 Call $417.50","BTO","1","$0.39","($39.04)"
"2/26/2026","2/26/2026","2/27/2026","","ACH Deposit","ACH","","","$80.00"
"2/26/2026","2/26/2026","2/27/2026","SPY","SPY 2/27/2026 Call $693.00","BTO","1","$0.58","($58.04)"
"2/26/2026","2/26/2026","2/27/2026","","ACH Deposit","ACH","","","$55.00"
"2/26/2026","2/26/2026","2/27/2026","","ACH Deposit","ACH","","","$26.00"
"2/26/2026","2/26/2026","2/27/2026","SPY","SPY 2/26/2026 Put $684.00","BTO","1","$0.46","($46.04)"
"2/26/2026","2/26/2026","2/27/2026","SPY","SPY 2/26/2026 Put $685.00","BTO","1","$0.85","($85.04)"
"2/26/2026","2/26/2026","2/26/2026","","External debit card transfer - account ending in 6735","DCF","","","$115.00"
"2/26/2026","2/26/2026","2/27/2026","SPY","SPY 2/26/2026 Put $680.00","STC","1","$0.10","$9.95"
"2/26/2026","2/26/2026","2/27/2026","SPY","SPY 2/26/2026 Put $685.00","STC","1","$0.61","$60.95"
"2/26/2026","2/26/2026","2/27/2026","SPY","SPY 2/26/2026 Put $680.00","BTO","1","$0.19","($19.04)"
"2/26/2026","2/26/2026","2/27/2026","SPY","SPY 2/26/2026 Call $689.00","STC","1","$0.56","$55.95"
"2/26/2026","2/26/2026","2/27/2026","SPY","SPY 2/26/2026 Put $685.00","BTO","1","$0.73","($73.04)"
"2/26/2026","2/26/2026","2/26/2026","","External debit card transfer - account ending in 6735","DCF","","","$6.00"
"2/26/2026","2/26/2026","2/26/2026","","External debit card transfer - account ending in 6735","DCF","","","$82.00"
"2/26/2026","2/26/2026","2/27/2026","AAPL","AAPL 3/2/2026 Call $272.50","BTO","1","$2.38","($238.04)"
"2/26/2026","2/26/2026","2/26/2026","","External debit card transfer - account ending in 6735","DCF","","","$40.00"
"2/26/2026","2/26/2026","2/26/2026","","External debit card transfer - account ending in 6735","DCF","","","$200.00"
"2/26/2026","2/26/2026","2/27/2026","SPY","SPY 2/26/2026 Put $683.00","STC","1","$0.54","$53.95"
"2/26/2026","2/26/2026","2/27/2026","SPY","SPY 2/26/2026 Put $683.00","BTO","1","$0.66","($66.04)"
"2/26/2026","2/26/2026","2/27/2026","SPY","SPY 2/26/2026 Call $689.00","BTO","1","$0.96","($96.04)"
"2/26/2026","2/26/2026","2/27/2026","","ACH Deposit","ACH","","","$100.00"
"2/26/2026","2/26/2026","2/27/2026","SPY","SPY 2/26/2026 Put $685.00","STC","1","$1.18","$117.95"
"2/26/2026","2/26/2026","2/27/2026","SPY","SPY 2/26/2026 Put $690.00","STC","1","$3.71","$370.95"
"2/26/2026","2/26/2026","2/27/2026","MSFT","MSFT 2/27/2026 Call $410.00","STC","1","$0.86","$85.95"
"2/26/2026","2/26/2026","2/27/2026","MSFT","MSFT 2/27/2026 Call $410.00","BTO","1","$1.67","($167.04)"
"2/26/2026","2/26/2026","2/27/2026","MSFT","MSFT 2/27/2026 Call $405.00","STC","1","$3.50","$349.95"
"2/26/2026","2/26/2026","2/27/2026","UNP","UNP 2/27/2026 Call $265.00","BTO","1","$1.90","($190.04)"
"2/26/2026","2/26/2026","2/27/2026","SPY","SPY 2/26/2026 Put $690.00","BTO","1","$1.67","($167.04)"
"2/26/2026","2/26/2026","2/27/2026","SPY","SPY 2/26/2026 Call $693.00","STC","1","$1.03","$102.95"
"2/26/2026","2/26/2026","2/27/2026","SPY","SPY 2/26/2026 Call $693.00","BTO","1","$1.58","($158.04)"
"2/26/2026","2/26/2026","2/26/2026","","Event Contracts Inter-Entity Cash Transfer","FUTSWP","","","($19.56)"
"2/25/2026","2/25/2026","2/26/2026","AMZN","Option Expiration for AMZN 2/25/2026 Call $217.50","OEXP","3S","",""
"2/25/2026","2/25/2026","2/25/2026","","ACH REVERSAL","ACH","","","($85.00)"
"2/25/2026","2/25/2026","2/25/2026","","ACH REVERSAL","ACH","","","($5.00)"
"2/25/2026","2/25/2026","2/25/2026","","ACH REVERSAL","ACH","","","($3.00)"
"2/25/2026","2/25/2026","2/25/2026","","Transfer from Brokerage to Roth IRA","ITRF","","","($125.00)"
"2/25/2026","2/25/2026","2/26/2026","SPY","SPY 2/25/2026 Call $690.00","STC","1","$3.30","$329.95"
"2/25/2026","2/25/2026","2/26/2026","AAPL","AAPL 2/27/2026 Call $280.00","BTO","1","$0.38","($38.04)"
"2/25/2026","2/25/2026","2/26/2026","MSFT","MSFT 2/25/2026 Call $402.50","STC","1","$0.25","$24.95"
"2/25/2026","2/25/2026","2/26/2026","MSFT","MSFT 2/25/2026 Call $402.50","STC","1","$0.25","$24.95"
"2/25/2026","2/25/2026","2/26/2026","SPY","SPY 2/26/2026 Put $685.00","BTO","1","$0.77","($77.04)"
"2/25/2026","2/25/2026","2/26/2026","SPY","SPY 2/26/2026 Call $700.00","BTO","1","$0.19","($19.04)"
"2/25/2026","2/25/2026","2/26/2026","SPY","SPY 2/26/2026 Call $700.00","BTO","1","$0.19","($19.04)"
"2/25/2026","2/25/2026","2/26/2026","SPY","SPY 2/26/2026 Call $700.00","BTO","1","$0.19","($19.04)"
"2/25/2026","2/25/2026","2/26/2026","MSFT","MSFT 2/27/2026 Call $405.00","BTO","1","$1.46","($146.04)"
"2/25/2026","2/25/2026","2/25/2026","","Transfer from Brokerage to Roth IRA","ITRF","","","($250.00)"
"2/25/2026","2/25/2026","2/26/2026","SPY","SPY 2/25/2026 Put $690.00","STC","1","$0.69","$68.95"
"2/25/2026","2/25/2026","2/26/2026","SPY","SPY 2/25/2026 Put $690.00","BTO","1","$0.84","($84.04)"
"2/25/2026","2/25/2026","2/26/2026","MSFT","MSFT 2/25/2026 Call $402.50","BTO","2","$0.27","($54.08)"
"2/25/2026","2/25/2026","2/26/2026","SPY","SPY 2/25/2026 Call $690.00","BTO","1","$2.51","($251.04)"
"2/24/2026","2/24/2026","2/25/2026","AMZN","AMZN 3/2/2026 Call $212.50","BTO","1","$1.87","($187.04)"
"2/24/2026","2/24/2026","2/24/2026","","External debit card transfer - account ending in 6735","DCF","","","$168.37"
"2/24/2026","2/24/2026","2/25/2026","SPY","SPY 2/24/2026 Put $686.00","STC","2","$0.13","$25.91"
"2/24/2026","2/24/2026","2/25/2026","MRNA","MRNA 2/27/2026 Call $48.50","STC","1","$3.17","$316.95"
"2/24/2026","2/24/2026","2/24/2026","","External debit card transfer - account ending in 6735","DCF","","","$75.00"
"2/24/2026","2/24/2026","2/25/2026","SPY","SPY 2/24/2026 Put $686.00","BTO","1","$0.32","($32.04)"
"2/24/2026","2/24/2026","2/25/2026","SPY","SPY 2/24/2026 Put $686.00","BTO","1","$0.32","($32.04)"
"2/24/2026","2/24/2026","2/25/2026","SPY","SPY 2/24/2026 Call $687.00","STC","1","$0.56","$55.95"
"2/24/2026","2/24/2026","2/25/2026","AMZN","AMZN 2/25/2026 Call $207.50","STC","1","$3.05","$304.95"
"2/24/2026","2/24/2026","2/25/2026","SPY","SPY 2/24/2026 Call $687.00","BTO","1","$0.56","($56.04)"
"2/24/2026","2/24/2026","2/25/2026","AMZN","AMZN 2/25/2026 Call $207.50","STC","1","$2.50","$249.95"
"2/24/2026","2/24/2026","2/25/2026","SPY","SPY 2/24/2026 Put $685.00","STC","1","$0.74","$73.95"
"2/24/2026","2/24/2026","2/25/2026","SPY","SPY 2/24/2026 Call $684.00","STC","1","$2.07","$206.95"
"2/24/2026","2/24/2026","2/25/2026","SPY","SPY 2/24/2026 Put $685.00","BTO","1","$0.95","($95.04)"
"2/24/2026","2/24/2026","2/25/2026","SPY","SPY 2/24/2026 Call $684.00","STC","1","$2.58","$257.95"
"2/24/2026","2/24/2026","2/25/2026","SPY","SPY 2/24/2026 Call $684.00","BTO","2","$1.68","($336.08)"
"2/24/2026","2/24/2026","2/25/2026","AMZN","AMZN 2/25/2026 Call $207.50","BTO","2","$1.10","($220.08)"
"2/23/2026","2/23/2026","2/24/2026","SPY","Option Expiration for SPY 2/23/2026 Call $685.00","OEXP","1S","",""
"2/23/2026","2/23/2026","2/23/2026","","ACH REVERSAL","ACH","","","($50.00)"
"2/23/2026","2/23/2026","2/24/2026","SPY","SPY 2/23/2026 Put $680.00","STC","1","$0.08","$7.95"
"2/23/2026","2/23/2026","2/23/2026","","External debit card transfer - account ending in 6735","DCF","","","$35.00"
"2/23/2026","2/23/2026","2/24/2026","SPY","SPY 2/23/2026 Put $680.00","BTO","1","$0.41","($41.04)"
"2/23/2026","2/23/2026","2/24/2026","SPY","SPY 2/23/2026 Put $680.00","STC","1","$0.50","$49.95"
"2/23/2026","2/23/2026","2/24/2026","SPY","SPY 2/23/2026 Put $680.00","BTO","1","$0.69","($69.04)"
"2/23/2026","2/23/2026","2/24/2026","","ACH Deposit","ACH","","","$5.00"
"2/23/2026","2/23/2026","2/23/2026","","External debit card transfer - account ending in 6735","DCF","","","$65.00"
"2/23/2026","2/23/2026","2/24/2026","SPY","SPY 2/23/2026 Put $680.00","STC","1","$0.73","$72.95"
"2/23/2026","2/23/2026","2/24/2026","","ACH Deposit","ACH","","","$3.00"
"2/23/2026","2/23/2026","2/24/2026","SPY","SPY 2/23/2026 Put $680.00","BTO","1","$0.79","($79.04)"
"2/23/2026","2/23/2026","2/24/2026","","ACH Deposit","ACH","","","$85.00"
"2/23/2026","2/23/2026","2/24/2026","SPY","SPY 2/23/2026 Call $685.00","BTO","1","$0.63","($63.04)"
"2/23/2026","2/23/2026","2/23/2026","","External debit card transfer - account ending in 6735","DCF","","","$52.00"
"2/23/2026","2/23/2026","2/24/2026","SPY","SPY 2/23/2026 Put $684.00","STC","1","$3.49","$348.95"
"2/23/2026","2/23/2026","2/24/2026","SPY","SPY 2/23/2026 Put $684.00","BTO","1","$1.49","($149.04)"
"2/23/2026","2/23/2026","2/23/2026","","External debit card transfer - account ending in 6735","DCF","","","$90.00"
"2/23/2026","2/23/2026","2/24/2026","SPY","SPY 2/23/2026 Put $686.00","STC","1","$2.09","$208.95"
"2/23/2026","2/23/2026","2/24/2026","SPY","SPY 2/23/2026 Call $689.00","STC","1","$0.73","$72.95"
"2/23/2026","2/23/2026","2/24/2026","SPY","SPY 2/23/2026 Put $686.00","BTO","1","$1.50","($150.04)"
"2/20/2026","2/20/2026","2/20/2026","","External debit card transfer - account ending in 6735","DCF","","","$120.00"
"2/20/2026","2/20/2026","2/20/2026","","ACH REVERSAL","ACH","","","($54.00)"
"2/20/2026","2/20/2026","2/20/2026","","ACH REVERSAL","ACH","","","($3.00)"
"2/20/2026","2/20/2026","2/23/2026","SPY","SPY 2/20/2026 Put $688.00","STC","1","$0.59","$58.95"
"2/20/2026","2/20/2026","2/23/2026","SPY","SPY 2/20/2026 Put $688.00","BTO","1","$0.66","($66.04)"
"2/20/2026","2/20/2026","2/23/2026","SPY","SPY 2/23/2026 Call $689.00","BTO","1","$1.78","($178.04)"
"2/20/2026","2/20/2026","2/23/2026","BBWI","BBWI 3/20/2026 Call $25.00","BTO","1","$1.43","($143.04)"
"2/20/2026","2/20/2026","2/23/2026","BBWI","BBWI 3/20/2026 Call $25.00","BTO","1","$1.43","($143.04)"
"2/20/2026","2/20/2026","2/23/2026","MRNA","MRNA 2/20/2026 Put $48.00","STC","2","$0.15","$29.91"
"2/20/2026","2/20/2026","2/23/2026","MRNA","MRNA 2/27/2026 Call $48.50","BTO","1","$1.89","($189.04)"
"2/20/2026","2/20/2026","2/23/2026","MRNA","MRNA 2/20/2026 Call $48.00","STC","1","$0.64","$63.95"
"2/19/2026","2/19/2026","2/20/2026","SPY","Option Expiration for SPY 2/19/2026 Call $693.00","OEXP","3S","",""
"2/19/2026","2/19/2026","2/20/2026","SPY","Option Expiration for SPY 2/19/2026 Call $691.00","OEXP","1S","",""
"2/19/2026","2/19/2026","2/20/2026","MRNA","MRNA 2/20/2026 Put $48.00","BTO","2","$0.32","($64.08)"
"2/19/2026","2/19/2026","2/19/2026","","External debit card transfer - account ending in 6735","DCF","","","$55.00"
"2/19/2026","2/19/2026","2/20/2026","SPY","SPY 2/19/2026 Put $681.00","STC","1","$0.03","$2.95"
"2/19/2026","2/19/2026","2/20/2026","SPY","SPY 2/19/2026 Put $681.00","BTO","1","$0.43","($43.04)"
"2/19/2026","2/19/2026","2/20/2026","","ACH Deposit","ACH","","","$50.00"
"2/19/2026","2/19/2026","2/20/2026","SPY","SPY 2/19/2026 Call $683.00","STC","1","$1.02","$101.95"
"2/19/2026","2/19/2026","2/20/2026","SPY","SPY 2/19/2026 Call $683.00","BTO","1","$1.23","($123.04)"
"2/19/2026","2/19/2026","2/20/2026","SPY","SPY 2/19/2026 Put $683.00","STC","1","$0.70","$69.95"
"2/19/2026","2/19/2026","2/20/2026","SPY","SPY 2/19/2026 Put $683.00","BTO","1","$1.66","($166.04)"
"2/19/2026","2/19/2026","2/20/2026","SPY","SPY 2/19/2026 Put $681.00","STC","1","$0.61","$60.95"
"2/19/2026","2/19/2026","2/20/2026","SPY","SPY 2/19/2026 Put $681.00","BTO","1","$0.94","($94.04)"
"2/19/2026","2/19/2026","2/20/2026","SPY","SPY 2/19/2026 Put $685.00","STC","1","$3.40","$339.95"
"2/19/2026","2/19/2026","2/20/2026","SPY","SPY 2/19/2026 Call $684.00","STC","1","$0.52","$51.95"
"2/19/2026","2/19/2026","2/20/2026","SPY","SPY 2/19/2026 Call $684.00","BTO","1","$0.70","($70.04)"
"2/19/2026","2/19/2026","2/20/2026","AMZN","AMZN 2/20/2026 Put $200.00","STC","1","$0.40","$39.95"
"2/19/2026","2/19/2026","2/20/2026","SPY","SPY 2/19/2026 Put $685.00","BTO","1","$1.77","($177.04)"
"2/19/2026","2/19/2026","2/20/2026","SPY","SPY 2/19/2026 Put $680.00","STC","1","$0.50","$49.95"
"2/19/2026","2/19/2026","2/20/2026","AMZN","AMZN 2/20/2026 Put $200.00","BTO","1","$0.88","($88.04)"
"2/19/2026","2/19/2026","2/20/2026","SPY","SPY 2/19/2026 Put $680.00","BTO","1","$0.99","($99.04)"
"2/18/2026","2/18/2026","2/19/2026","SPY","Option Expiration for SPY 2/18/2026 Call $690.00","OEXP","1S","",""
"2/18/2026","2/18/2026","2/19/2026","MRNA","MRNA 2/20/2026 Call $44.00","STC","1","$2.92","$291.95"
"2/18/2026","2/18/2026","2/19/2026","SPY","SPY 2/19/2026 Call $693.00","BTO","2","$0.10","($20.08)"
"2/18/2026","2/18/2026","2/18/2026","","External debit card transfer - account ending in 6735","DCF","","","$5.00"
"2/18/2026","2/18/2026","2/19/2026","SPY","SPY 2/19/2026 Call $693.00","BTO","1","$0.11","($11.04)"
"2/18/2026","2/18/2026","2/18/2026","","External debit card transfer - account ending in 6735","DCF","","","$2.00"
"2/18/2026","2/18/2026","2/19/2026","SPY","SPY 2/19/2026 Call $691.00","BTO","1","$0.32","($32.04)"
"2/18/2026","2/18/2026","2/18/2026","","External debit card transfer - account ending in 6735","DCF","","","$54.37"
"2/18/2026","2/18/2026","2/19/2026","SPY","SPY 2/18/2026 Put $686.00","STC","1","$0.59","$58.95"
"2/18/2026","2/18/2026","2/19/2026","SPY","SPY 2/18/2026 Put $686.00","BTO","1","$0.51","($51.04)"
"2/18/2026","2/18/2026","2/19/2026","","ACH Deposit","ACH","","","$54.00"
"2/18/2026","2/18/2026","2/19/2026","SPY","SPY 2/18/2026 Call $690.00","BTO","1","$0.44","($44.04)"
"2/18/2026","2/18/2026","2/19/2026","","ACH Deposit","ACH","","","$3.00"
"2/18/2026","2/18/2026","2/19/2026","SPY","SPY 2/20/2026 Call $693.00","STC","1","$1.24","$123.95"
"2/18/2026","2/18/2026","2/19/2026","MRNA","MRNA 2/20/2026 Call $43.00","STC","1","$3.45","$344.95"
"2/18/2026","2/18/2026","2/19/2026","MRNA","MRNA 2/20/2026 Call $48.00","BTO","1","$1.12","($112.04)"
"2/17/2026","2/17/2026","2/18/2026","AMZN","AMZN 2/25/2026 Call $217.50","BTO","3","$0.29","($87.12)"
"2/17/2026","2/17/2026","2/17/2026","","External debit card transfer - account ending in 6735","DCF","","","$95.00"
"2/17/2026","2/17/2026","2/18/2026","SPY","SPY 2/20/2026 Call $693.00","BTO","1","$0.95","($95.04)"
"2/17/2026","2/17/2026","2/17/2026","","External debit card transfer - account ending in 6735","DCF","","","$88.07"
"2/17/2026","2/17/2026","2/18/2026","SPY","SPY 2/17/2026 Call $682.00","STC","1","$1.49","$148.95"
"2/17/2026","2/17/2026","2/18/2026","SPY","SPY 2/17/2026 Call $682.00","BTO","1","$1.26","($126.04)"
"2/13/2026","2/13/2026","2/17/2026","MRNA","Option Expiration for MRNA 2/13/2026 Put $37.50","OEXP","1S","",""
"2/13/2026","2/13/2026","2/17/2026","CVS","Option Expiration for CVS 2/13/2026 Call $80.00","OEXP","4S","",""
"2/13/2026","2/13/2026","2/17/2026","BBWI","BBWI 2/13/2026 Call $22.50","STC","1","$1.30","$129.95"
"2/13/2026","2/13/2026","2/17/2026","MRNA","MRNA 2/20/2026 Call $44.00","BTO","1","$1.58","($158.04)"
"2/13/2026","2/13/2026","2/17/2026","MRNA","MRNA 2/20/2026 Call $43.00","BTO","1","$1.85","($185.04)"
"2/12/2026","2/12/2026","2/13/2026","MRNA","MRNA 2/13/2026 Put $37.50","BTO","1","$0.87","($87.04)"
"2/12/2026","2/12/2026","2/12/2026","","External debit card transfer - account ending in 6735","DCF","","","$95.00"
"2/12/2026","2/12/2026","2/13/2026","CVS","CVS 2/13/2026 Call $77.00","STC","3","$1.13","$338.87"
"2/12/2026","2/12/2026","2/13/2026","BBWI","BBWI 2/13/2026 Call $22.50","BTO","1","$1.00","($100.04)"
"2/11/2026","2/11/2026","2/11/2026","","ACH REVERSAL","ACH","","","($5.00)"
"2/11/2026","2/11/2026","2/12/2026","CVS","CVS 2/13/2026 Call $77.00","BTO","3","$0.49","($147.12)"
"2/11/2026","2/11/2026","2/12/2026","HIMS","HIMS 2/13/2026 Put $17.50","STC","1","$0.63","$62.95"
"2/10/2026","2/10/2026","2/11/2026","HIMS","HIMS 2/13/2026 Put $17.50","BTO","1","$0.75","($75.04)"
"2/10/2026","2/10/2026","2/11/2026","","ACH Deposit","ACH","","","$5.00"
"2/10/2026","2/10/2026","2/10/2026","","External debit card transfer - account ending in 6735","DCF","","","$70.04"
"2/10/2026","2/10/2026","2/11/2026","CVS","CVS 3/20/2026 Call $80.00","BTO","1","$1.48","($148.04)"
"2/10/2026","2/10/2026","2/10/2026","","External debit card transfer - account ending in 6735","DCF","","","$7.00"
"2/10/2026","2/10/2026","2/10/2026","","External debit card transfer - account ending in 6735","DCF","","","$144.04"
"2/10/2026","2/10/2026","2/11/2026","HIMS","HIMS 2/13/2026 Put $16.00","STC","10","$0.13","$129.57"
"2/10/2026","2/10/2026","2/11/2026","HIMS","HIMS 2/13/2026 Put $16.00","BTO","10","$0.14","($140.40)"
"2/10/2026","2/10/2026","2/10/2026","","External debit card transfer - account ending in 6735","DCF","","","$129.52"
"2/10/2026","2/10/2026","2/11/2026","CVS","CVS 2/13/2026 Put $77.00","STC","1","$0.57","$56.95"
"2/10/2026","2/10/2026","2/11/2026","CVS","CVS 2/13/2026 Put $77.00","BTO","1","$0.77","($77.04)"
"2/10/2026","2/10/2026","2/11/2026","CVS","CVS 2/13/2026 Call $80.00","BTO","4","$0.50","($200.16)"
"2/10/2026","2/10/2026","2/10/2026","","External debit card transfer - account ending in 6735","DCF","","","$430.90"
"1/16/2026","1/16/2026","1/20/2026","HIVE","Option Expiration for HIVE 1/16/2026 Call $12.00","OEXP","25S","",""
"1/16/2026","1/16/2026","1/20/2026","BBWI","Option Expiration for BBWI 1/16/2026 Call $25.00","OEXP","5S","",""
"1/16/2026","1/16/2026","1/20/2026","NOK","Option Expiration for NOK 1/16/2026 Call $10.00","OEXP","36S","",""
"12/26/2025","12/26/2025","12/29/2025","BBWI","BBWI 1/2/2026 Call $19.50","STC","1","$0.50","$49.97"
"12/26/2025","12/26/2025","12/29/2025","BBAI","BBAI 1/16/2026 Call $10.00","STC","3","$0.03","$8.93"
"12/26/2025","12/26/2025","12/29/2025","JD","JD 1/16/2026 Call $37.50","STC","2","$0.01","$1.95"
"12/19/2025","12/19/2025","12/19/2025","","ACH REVERSAL","ACH","","","($96.51)"
"12/19/2025","12/19/2025","12/19/2025","","ACH REVERSAL","ACH","","","($107.02)"
"12/19/2025","12/19/2025","12/19/2025","","ACH REVERSAL","ACH","","","($14.00)"
"12/18/2025","12/18/2025","12/19/2025","SPY","Option Expiration for SPY 12/18/2025 Call $683.00","OEXP","3S","",""
"12/18/2025","12/18/2025","12/19/2025","SPY","SPY 12/18/2025 Call $683.00","BTO","3","$0.25","($75.06)"
"12/17/2025","12/17/2025","12/18/2025","BBWI","BBWI 1/2/2026 Call $19.50","BTO","1","$1.07","($107.02)"
"12/17/2025","12/17/2025","12/18/2025","","ACH Deposit","ACH","","","$107.02"
"12/17/2025","12/17/2025","12/18/2025","SPY","SPY 12/19/2025 Call $685.00","STC","1","$0.79","$78.97"
"12/17/2025","12/17/2025","12/18/2025","SPY","SPY 12/19/2025 Call $685.00","BTO","1","$1.06","($106.02)"
"12/17/2025","12/17/2025","12/18/2025","","ACH Deposit","ACH","","","$14.00"
"12/17/2025","12/17/2025","12/18/2025","","ACH Deposit","ACH","","","$96.51"
"12/16/2025","12/16/2025","12/17/2025","JD","JD 1/16/2026 Call $37.50","STC","3","$0.03","$8.93"
"12/16/2025","12/16/2025","12/17/2025","BBWI","BBWI 12/19/2025 Call $21.00","STC","16","$0.06","$95.64"
"12/16/2025","12/16/2025","12/17/2025","BBWI","BBWI 12/19/2025 Call $21.00","STC","1","$0.05","$4.97"
"12/16/2025","12/16/2025","12/17/2025","TMQ","TMQ 3/20/2026 Call $5.00","STC","2","$0.84","$167.95"
"12/12/2025","12/12/2025","12/15/2025","SPY","Option Expiration for SPY 12/12/2025 Call $700.00","OEXP","10S","",""
"12/11/2025","12/11/2025","12/11/2025","","ACH REVERSAL","ACH","","","($94.33)"
"12/10/2025","12/10/2025","12/10/2025","","ACH REVERSAL","ACH","","","($106.02)"
"12/10/2025","12/10/2025","12/10/2025","","ACH REVERSAL","ACH","","","($2.00)"
"12/10/2025","12/10/2025","12/10/2025","","ACH REVERSAL","ACH","","","($122.60)"
"12/10/2025","12/10/2025","12/10/2025","","ACH REVERSAL","ACH","","","($1.00)"
"12/10/2025","12/10/2025","12/11/2025","SPY","SPY 12/12/2025 Call $700.00","BTO","10","$0.09","($90.20)"
"12/10/2025","12/10/2025","12/11/2025","","ACH Deposit","ACH","","","$94.33"
"12/10/2025","12/10/2025","12/11/2025","SPY","SPY 12/10/2025 Put $680.00","STC","1","$0.42","$41.97"
"12/10/2025","12/10/2025","12/11/2025","BBWI","BBWI 1/16/2026 Call $25.00","BTO","5","$0.10","($50.10)"
"12/9/2025","12/9/2025","12/10/2025","SPY","SPY 12/10/2025 Call $688.00","STC","1","$0.55","$54.97"
"12/9/2025","12/9/2025","12/10/2025","SPY","SPY 12/10/2025 Put $680.00","BTO","1","$1.08","($108.02)"
"12/9/2025","12/9/2025","12/10/2025","","ACH Deposit","ACH","","","$1.00"
"12/9/2025","12/9/2025","12/10/2025","","ACH Deposit","ACH","","","$106.02"
"12/9/2025","12/9/2025","12/10/2025","SPY","SPY 12/10/2025 Call $688.00","BTO","1","$1.24","($124.02)"
"12/9/2025","12/9/2025","12/10/2025","","ACH Deposit","ACH","","","$2.00"
"12/9/2025","12/9/2025","12/10/2025","","ACH Deposit","ACH","","","$122.60"
"12/5/2025","12/5/2025","12/8/2025","CMG","Option Expiration for CMG 12/5/2025 Call $42.00","OEXP","20S","",""
"12/4/2025","12/4/2025","12/5/2025","NOK","NOK 1/16/2026 Call $10.00","STC","4","$0.02","$7.91"
"12/4/2025","12/4/2025","12/5/2025","TMQ","TMQ 3/20/2026 Call $5.00","STC","1","$1.05","$104.97"
"12/1/2025","12/1/2025","12/1/2025","","Gold Subscription Fee","GOLD","","","($5.00)"
"12/1/2025","12/1/2025","12/1/2025","","Aggregated Margin Rate","MINT","","","($17.33)"
"11/28/2025","11/28/2025","12/1/2025","BBWI","Option Expiration for BBWI 11/28/2025 Put $14.00","OEXP","10S","",""
"11/28/2025","11/28/2025","12/1/2025","JD","Option Expiration for JD 11/28/2025 Call $30.50","OEXP","30S","",""
"11/28/2025","11/28/2025","12/1/2025","NVDA","Option Expiration for NVDA 11/28/2025 Call $225.00","OEXP","1S","",""
"11/28/2025","11/28/2025","12/1/2025","SPY","Option Expiration for SPY 11/28/2025 Put $669.00","OEXP","2S","",""
"11/28/2025","11/28/2025","11/28/2025","","Interest Payment","INT","","","$0.69"
"11/26/2025","11/26/2025","11/26/2025","","ACH REVERSAL","ACH","","","($125.95)"
"11/25/2025","11/25/2025","11/26/2025","SPY","Option Expiration for SPY 11/25/2025 Call $678.00","OEXP","2S","",""
"11/25/2025","11/25/2025","11/26/2025","SPY","Option Expiration for SPY 11/25/2025 Put $661.00","OEXP","1S","",""
"11/25/2025","11/25/2025","11/26/2025","SPY","SPY 11/28/2025 Put $669.00","BTO","2","$1.45","($290.08)"
"11/25/2025","11/25/2025","11/26/2025","ONDS","ONDS 1/16/2026 Call $10.00","STC","3","$1.02","$305.87"
"11/25/2025","11/25/2025","11/26/2025","BBWI","BBWI 12/19/2025 Call $21.00","BTO","12","$0.15","($180.51)"
"11/25/2025","11/25/2025","11/26/2025","BBWI","BBWI 12/19/2025 Call $21.00","BTO","5","$0.10","($50.21)"
"11/25/2025","11/25/2025","11/26/2025","","ACH Deposit","ACH","","","$125.95"
"11/25/2025","11/25/2025","11/26/2025","SPY","SPY 11/25/2025 Call $670.00","STC","1","$1.24","$123.95"
"11/24/2025","11/24/2025","11/25/2025","SPY","SPY 11/25/2025 Put $661.00","BTO","1","$0.57","($57.04)"
"11/24/2025","11/24/2025","11/25/2025","SPY","SPY 11/25/2025 Call $670.00","BTO","1","$1.59","($159.04)"
"11/24/2025","11/24/2025","11/25/2025","JD","JD 11/28/2025 Put $27.00","STC","4","$0.05","$19.83"
"11/24/2025","11/24/2025","11/25/2025","JD","JD 11/28/2025 Put $27.00","STC","5","$0.05","$24.78"
"11/24/2025","11/24/2025","11/25/2025","JD","JD 11/28/2025 Put $27.00","STC","1","$0.05","$4.95"
"11/24/2025","11/24/2025","11/25/2025","BBWI","BBWI 11/28/2025 Put $15.00","STC","3","$0.27","$80.87"
"11/24/2025","11/24/2025","11/25/2025","BBWI","BBWI 11/28/2025 Put $15.00","STC","2","$0.27","$53.91"
"11/21/2025","11/21/2025","11/24/2025","JD","Option Expiration for JD 11/21/2025 Put $28.00","OEXP","75S","",""
"11/21/2025","11/21/2025","11/24/2025","NVDA","Option Expiration for NVDA 11/21/2025 Call $202.50","OEXP","1S","",""
"11/21/2025","11/21/2025","11/24/2025","NVDA","Option Expiration for NVDA 11/21/2025 Call $217.50","OEXP","10S","",""
"11/21/2025","11/21/2025","11/24/2025","GLD","Option Expiration for GLD 11/21/2025 Call $377.00","OEXP","1S","",""
"11/21/2025","11/21/2025","11/24/2025","GLD","Option Expiration for GLD 11/21/2025 Call $379.00","OEXP","1S","",""
"11/21/2025","11/21/2025","11/24/2025","BBWI","BBWI 11/28/2025 Put $14.00","BTO","4","$0.22","($88.16)"
"11/21/2025","11/21/2025","11/24/2025","BBWI","BBWI 11/28/2025 Put $14.00","BTO","5","$0.22","($110.21)"
"11/21/2025","11/21/2025","11/24/2025","BBWI","BBWI 11/28/2025 Put $14.00","BTO","1","$0.25","($25.04)"
"11/21/2025","11/21/2025","11/24/2025","JD","JD 11/28/2025 Call $30.50","BTO","28","$0.12","($337.18)"
"11/21/2025","11/21/2025","11/24/2025","JD","JD 11/28/2025 Call $30.50","BTO","1","$0.12","($12.04)"
"11/21/2025","11/21/2025","11/24/2025","JD","JD 11/28/2025 Call $30.50","BTO","1","$0.12","($12.04)"
"11/21/2025","11/21/2025","11/24/2025","JD","JD 11/28/2025 Put $27.00","BTO","10","$0.16","($160.42)"
"11/21/2025","11/21/2025","11/24/2025","BBWI","BBWI 11/28/2025 Put $15.00","STC","5","$0.75","$374.78"
"11/20/2025","11/20/2025","11/21/2025","GLD","GLD 11/21/2025 Put $373.00","STC","3","$1.27","$380.87"
"11/20/2025","11/20/2025","11/21/2025","GLD","GLD 11/21/2025 Put $373.00","BTO","1","$1.32","($132.04)"
"11/20/2025","11/20/2025","11/21/2025","GLD","GLD 11/21/2025 Put $373.00","BTO","1","$1.32","($132.04)"
"11/20/2025","11/20/2025","11/21/2025","GLD","GLD 11/21/2025 Put $373.00","BTO","1","$1.32","($132.04)"
"11/20/2025","11/20/2025","11/21/2025","GLD","GLD 11/21/2025 Call $376.00","STC","2","$1.51","$301.91"
"11/20/2025","11/20/2025","11/21/2025","GLD","GLD 11/21/2025 Call $376.00","BTO","2","$1.67","($334.08)"
"11/20/2025","11/20/2025","11/21/2025","GLD","GLD 11/21/2025 Put $372.00","STC","1","$0.93","$92.95"
"11/20/2025","11/20/2025","11/21/2025","GLD","GLD 11/21/2025 Call $378.00","STC","4","$0.83","$331.83"
"11/20/2025","11/20/2025","11/21/2025","GLD","GLD 11/21/2025 Put $372.00","BTO","1","$0.91","($91.04)"
"11/20/2025","11/20/2025","11/21/2025","GLD","GLD 11/21/2025 Call $378.00","BTO","4","$1.14","($456.16)"
"11/20/2025","11/20/2025","11/21/2025","JD","JD 11/21/2025 Put $28.00","BTO","5","$0.13","($65.21)"
"11/20/2025","11/20/2025","11/21/2025","JD","JD 11/21/2025 Put $28.00","BTO","1","$0.13","($13.04)"
"11/20/2025","11/20/2025","11/21/2025","JD","JD 11/21/2025 Put $28.00","BTO","5","$0.13","($65.21)"
"11/20/2025","11/20/2025","11/21/2025","JD","JD 11/21/2025 Put $28.00","BTO","8","$0.13","($104.34)"
"11/20/2025","11/20/2025","11/21/2025","JD","JD 11/21/2025 Put $28.00","BTO","7","$0.13","($91.30)"
"11/20/2025","11/20/2025","11/21/2025","JD","JD 11/21/2025 Put $28.00","BTO","12","$0.13","($156.51)"
"11/20/2025","11/20/2025","11/21/2025","JD","JD 11/21/2025 Put $28.00","BTO","12","$0.13","($156.51)"
"11/20/2025","11/20/2025","11/21/2025","JD","JD 11/21/2025 Put $28.00","BTO","5","$0.13","($65.21)"
"11/20/2025","11/20/2025","11/21/2025","JD","JD 11/21/2025 Put $28.00","BTO","20","$0.13","($260.84)"
"11/20/2025","11/20/2025","11/21/2025","GLD","GLD 11/21/2025 Call $376.00","STC","3","$1.70","$509.87"
"11/20/2025","11/20/2025","11/21/2025","GLD","GLD 11/24/2025 Put $368.00","STC","2","$0.78","$155.91"
"11/20/2025","11/20/2025","11/21/2025","SPY","SPY 11/21/2025 Put $654.00","STC","1","$3.57","$356.95"
"11/20/2025","11/20/2025","11/21/2025","SPY","SPY 11/21/2025 Put $654.00","STC","1","$3.57","$356.95"
"11/20/2025","11/20/2025","11/21/2025","GLD","GLD 11/21/2025 Call $376.00","BTO","1","$1.40","($140.04)"
"11/20/2025","11/20/2025","11/21/2025","GLD","GLD 11/21/2025 Call $376.00","BTO","1","$1.40","($140.04)"
"11/20/2025","11/20/2025","11/21/2025","GLD","GLD 11/21/2025 Call $376.00","BTO","1","$1.43","($143.04)"
"11/20/2025","11/20/2025","11/21/2025","SPY","SPY 11/21/2025 Call $659.00","STC","1","$2.82","$281.95"
"11/20/2025","11/20/2025","11/21/2025","SPY","SPY 11/21/2025 Call $659.00","BTO","1","$3.10","($310.04)"
"11/20/2025","11/20/2025","11/21/2025","NVDA","NVDA 11/28/2025 Call $197.50","STC","1","$1.00","$99.95"
"11/20/2025","11/20/2025","11/21/2025","SPY","SPY 11/21/2025 Put $654.00","BTO","2","$4.58","($916.08)"
"11/20/2025","11/20/2025","11/21/2025","NVDA","NVDA 11/21/2025 Put $177.50","STC","1","$1.73","$172.95"
"11/20/2025","11/20/2025","11/21/2025","NVDA","NVDA 11/21/2025 Put $177.50","STC","4","$1.73","$691.83"
"11/20/2025","11/20/2025","11/21/2025","SPY","SPY 11/20/2025 Put $659.00","STC","1","$5.22","$521.95"
"11/20/2025","11/20/2025","11/21/2025","NVDA","NVDA 11/21/2025 Put $177.50","BTO","2","$1.07","($214.08)"
"11/20/2025","11/20/2025","11/21/2025","NVDA","NVDA 11/21/2025 Put $177.50","BTO","1","$1.07","($107.04)"
"11/20/2025","11/20/2025","11/21/2025","NVDA","NVDA 11/21/2025 Call $187.50","STC","2","$1.55","$309.91"
"11/20/2025","11/20/2025","11/21/2025","NVDA","NVDA 11/21/2025 Put $177.50","BTO","2","$0.93","($186.08)"
"11/20/2025","11/20/2025","11/21/2025","NVDA","NVDA 11/21/2025 Call $187.50","BTO","2","$2.16","($432.08)"
"11/20/2025","11/20/2025","11/21/2025","NVDA","NVDA 11/21/2025 Put $180.00","STC","2","$1.16","$231.91"
"11/20/2025","11/20/2025","11/21/2025","NVDA","NVDA 11/21/2025 Put $187.50","STC","1","$4.05","$404.95"
"11/20/2025","11/20/2025","11/21/2025","NVDA","NVDA 11/21/2025 Put $180.00","BTO","1","$0.81","($81.04)"
"11/20/2025","11/20/2025","11/21/2025","NVDA","NVDA 11/21/2025 Put $180.00","BTO","1","$0.81","($81.04)"
"11/20/2025","11/20/2025","11/21/2025","HIVE","HIVE Digital Technologies Ltd.
CUSIP: 433921103","Sell","100","$3.15","$314.99"
"11/20/2025","11/20/2025","11/21/2025","RR","Richtech Robotics
CUSIP: 765504105","Sell","75","$3.18","$238.72"
"11/20/2025","11/20/2025","11/21/2025","GLD","GLD 11/24/2025 Put $368.00","BTO","2","$1.01","($202.08)"
"11/20/2025","11/20/2025","11/21/2025","NVDA","NVDA 11/21/2025 Put $187.50","BTO","1","$1.74","($174.04)"
"11/20/2025","11/20/2025","11/20/2025","","External debit card transfer - account ending in 0557","DCF","","","($49.00)"
"11/20/2025","11/20/2025","11/20/2025","","External debit card transfer - withdrawal fee","DCF","","","($1.00)"
"11/20/2025","11/20/2025","11/21/2025","BBWI","BBWI 11/28/2025 Put $15.00","BTO","10","$0.40","($400.42)"
"11/20/2025","11/20/2025","11/21/2025","NVDA","NVDA 11/28/2025 Call $197.50","BTO","1","$4.10","($410.04)"
"11/20/2025","11/20/2025","11/21/2025","GLD","GLD 11/21/2025 Put $370.00","STC","1","$0.35","$34.95"
"11/20/2025","11/20/2025","11/21/2025","GLD","GLD 11/21/2025 Put $371.00","STC","1","$0.37","$36.95"
"11/20/2025","11/20/2025","11/21/2025","SPY","SPY 11/25/2025 Call $678.00","BTO","2","$2.86","($572.08)"
"11/20/2025","11/20/2025","11/21/2025","SPY","SPY 11/21/2025 Call $672.00","STC","1","$4.11","$410.95"
"11/20/2025","11/20/2025","11/21/2025","SPY","SPY 11/20/2025 Call $669.00","STC","1","$5.15","$514.95"
"11/20/2025","11/20/2025","11/21/2025","SPY","SPY 11/20/2025 Call $670.00","STC","1","$4.75","$474.95"
"11/20/2025","11/20/2025","11/21/2025","NVDA","NVDA 11/21/2025 Put $167.50","STC","1","$0.05","$4.95"
"11/19/2025","11/19/2025","11/19/2025","","External debit card transfer - account ending in 0557","DCF","","","($49.00)"
"11/19/2025","11/19/2025","11/19/2025","","External debit card transfer - withdrawal fee","DCF","","","($1.00)"
"11/19/2025","11/19/2025","11/20/2025","GLD","GLD 11/19/2025 Call $376.00","STC","1","$0.05","$4.95"
"11/19/2025","11/19/2025","11/20/2025","NVDA","NVDA 11/21/2025 Call $202.50","BTO","1","$1.34","($134.04)"
"11/19/2025","11/19/2025","11/20/2025","SPY","SPY 11/21/2025 Call $672.00","BTO","1","$1.54","($154.04)"
"11/19/2025","11/19/2025","11/20/2025","NVDA","NVDA 11/21/2025 Put $167.50","BTO","1","$1.42","($142.04)"
"11/19/2025","11/19/2025","11/20/2025","GLD","GLD 11/21/2025 Put $373.00","STC","1","$2.55","$254.95"
"11/19/2025","11/19/2025","11/20/2025","GLD","GLD 11/21/2025 Call $379.00","BTO","1","$1.58","($158.04)"
"11/19/2025","11/19/2025","11/20/2025","GLD","GLD 11/21/2025 Call $377.00","BTO","1","$2.23","($223.04)"
"11/19/2025","11/19/2025","11/20/2025","NVDA","NVDA 11/21/2025 Call $217.50","BTO","10","$0.23","($230.42)"
"11/19/2025","11/19/2025","11/20/2025","GLD","GLD 11/21/2025 Call $378.00","STC","3","$1.59","$476.87"
"11/19/2025","11/19/2025","11/20/2025","SPY","SPY 11/20/2025 Call $670.00","BTO","1","$1.50","($150.04)"
"11/19/2025","11/19/2025","11/20/2025","SPY","SPY 11/19/2025 Put $661.00","STC","1","$1.70","$169.95"
"11/19/2025","11/19/2025","11/20/2025","SPY","SPY 11/20/2025 Call $669.00","BTO","1","$1.56","($156.04)"
"11/19/2025","11/19/2025","11/20/2025","GLD","GLD 11/21/2025 Put $370.00","BTO","1","$1.67","($167.04)"
"11/19/2025","11/19/2025","11/20/2025","SPY","SPY 11/20/2025 Put $659.00","BTO","1","$3.48","($348.04)"
"11/19/2025","11/19/2025","11/19/2025","","External debit card transfer - withdrawal fee","DCF","","","($1.00)"
"11/19/2025","11/19/2025","11/19/2025","","External debit card transfer - account ending in 0557","DCF","","","($49.00)"
"11/19/2025","11/19/2025","11/20/2025","GLD","GLD 11/21/2025 Put $373.00","BTO","1","$1.96","($196.04)"
"11/19/2025","11/19/2025","11/20/2025","GLD","GLD 11/21/2025 Put $371.00","BTO","1","$1.22","($122.04)"
"11/19/2025","11/19/2025","11/20/2025","SPY","SPY 11/19/2025 Call $664.00","STC","1","$3.48","$347.95"
"11/19/2025","11/19/2025","11/20/2025","SPY","SPY 11/19/2025 Call $664.00","STC","1","$3.46","$345.95"
"11/19/2025","11/19/2025","11/20/2025","SPY","SPY 11/19/2025 Put $662.00","STC","1","$1.88","$187.95"
"11/19/2025","11/19/2025","11/20/2025","SPY","SPY 11/19/2025 Put $655.00","STC","1","$0.76","$75.95"
"11/18/2025","11/18/2025","11/19/2025","SPY","SPY 11/19/2025 Put $661.00","BTO","1","$3.26","($326.04)"
"11/18/2025","11/18/2025","11/19/2025","SPY","SPY 11/19/2025 Put $662.00","BTO","1","$3.53","($353.04)"
"11/18/2025","11/18/2025","11/18/2025","","External debit card transfer - withdrawal fee","DCF","","","($10.50)"
"11/18/2025","11/18/2025","11/18/2025","","External debit card transfer - account ending in 0557","DCF","","","($589.50)"
"11/18/2025","11/18/2025","11/19/2025","SPY","SPY 11/19/2025 Put $655.00","BTO","1","$1.20","($120.04)"
"11/18/2025","11/18/2025","11/19/2025","SPY","SPY 11/19/2025 Call $664.00","BTO","2","$3.93","($786.08)"
"11/18/2025","11/18/2025","11/19/2025","SPY","SPY 11/18/2025 Put $666.00","STC","1","$3.19","$318.95"
"11/18/2025","11/18/2025","11/19/2025","SPY","SPY 11/18/2025 Call $673.00","STC","1","$0.12","$11.95"
"11/18/2025","11/18/2025","11/19/2025","SPY","SPY 11/18/2025 Put $669.00","STC","1","$5.78","$577.95"
"11/18/2025","11/18/2025","11/19/2025","GLD","GLD 11/21/2025 Call $378.00","BTO","3","$2.79","($837.12)"
"11/18/2025","11/18/2025","11/19/2025","GLD","GLD 11/21/2025 Put $373.00","STC","1","$3.15","$314.95"
"11/17/2025","11/17/2025","11/18/2025","GLD","Option Expiration for GLD 11/17/2025 Call $376.00","OEXP","1S","",""
"11/17/2025","11/17/2025","11/18/2025","GLD","Option Expiration for GLD 11/17/2025 Call $378.00","OEXP","1S","",""
"11/17/2025","11/17/2025","11/18/2025","SPY","SPY 11/18/2025 Put $666.00","BTO","1","$2.80","($280.04)"
"11/17/2025","11/17/2025","11/18/2025","GLD","GLD 11/21/2025 Put $373.00","BTO","1","$4.25","($425.04)"
"11/17/2025","11/17/2025","11/18/2025","GLD","GLD 11/19/2025 Call $376.00","BTO","1","$2.86","($286.04)"
"11/17/2025","11/17/2025","11/18/2025","SPY","SPY 11/18/2025 Call $673.00","BTO","1","$3.20","($320.04)"
"11/17/2025","11/17/2025","11/18/2025","GLD","GLD 11/17/2025 Put $376.00","STC","1","$1.98","$197.95"
"11/17/2025","11/17/2025","11/18/2025","SPY","SPY 11/18/2025 Put $669.00","BTO","1","$3.73","($373.04)"
"11/17/2025","11/17/2025","11/17/2025","","Transfer from Brokerage to Brokerage","ITRF","","","$500.00"
"11/14/2025","11/14/2025","11/17/2025","GLD","Option Expiration for GLD 11/14/2025 Call $386.00","OEXP","2S","",""
"11/14/2025","11/14/2025","11/17/2025","HIMS","Option Expiration for HIMS 11/14/2025 Call $50.00","OEXP","2S","",""
"11/14/2025","11/14/2025","11/17/2025","GLD","GLD 11/17/2025 Put $376.00","BTO","1","$3.05","($305.04)"
"11/14/2025","11/14/2025","11/17/2025","GLD","GLD 11/17/2025 Call $378.00","BTO","1","$2.50","($250.04)"
"11/14/2025","11/14/2025","11/17/2025","GLD","GLD 11/17/2025 Call $376.00","BTO","1","$2.70","($270.04)"
"11/14/2025","11/14/2025","11/17/2025","GLD","GLD 11/14/2025 Put $385.00","STC","1","$10.85","$1,084.95"
"11/14/2025","11/14/2025","11/17/2025","GLD","GLD 11/14/2025 Put $381.00","STC","1","$7.51","$750.95"
"11/14/2025","11/14/2025","11/17/2025","NVDA","NVDA 11/14/2025 Put $185.00","STC","1","$3.95","$394.95"
"11/14/2025","11/14/2025","11/17/2025","NVDA","NVDA 11/14/2025 Put $185.00","STC","2","$3.95","$789.91"
"11/14/2025","11/14/2025","11/17/2025","GLD","GLD 11/14/2025 Put $385.00","STC","1","$11.60","$1,159.95"
"11/13/2025","11/13/2025","11/14/2025","SPY","Option Expiration for SPY 11/13/2025 Call $681.00","OEXP","2S","",""
"11/13/2025","11/13/2025","11/14/2025","GLD","GLD 11/14/2025 Put $381.00","BTO","1","$2.25","($225.04)"
"11/13/2025","11/13/2025","11/14/2025","GLD","GLD 11/14/2025 Put $385.00","BTO","2","$1.99","($398.08)"
"11/13/2025","11/13/2025","11/14/2025","NVDA","NVDA 11/14/2025 Put $185.00","BTO","1","$1.88","($188.04)"
"11/13/2025","11/13/2025","11/14/2025","NVDA","NVDA 11/14/2025 Put $185.00","BTO","1","$1.88","($188.04)"
"11/13/2025","11/13/2025","11/14/2025","NVDA","NVDA 11/14/2025 Put $185.00","BTO","1","$1.88","($188.04)"
"11/13/2025","11/13/2025","11/14/2025","GLD","GLD 11/14/2025 Put $386.00","STC","1","$2.26","$225.95"
"11/13/2025","11/13/2025","11/14/2025","GLD","GLD 11/14/2025 Put $386.00","STC","2","$2.26","$451.91"
"11/13/2025","11/13/2025","11/14/2025","GLD","GLD 11/14/2025 Call $386.00","BTO","2","$2.76","($552.08)"
"11/13/2025","11/13/2025","11/14/2025","GLD","GLD 11/14/2025 Put $386.00","BTO","3","$2.90","($870.12)"
"11/13/2025","11/13/2025","11/13/2025","","Transfer from Brokerage to Brokerage","ITRF","","","($500.00)"
"11/13/2025","11/13/2025","11/14/2025","SPY","SPY 11/14/2025 Put $679.00","STC","2","$3.08","$615.91"
"11/13/2025","11/13/2025","11/14/2025","SPY","SPY 11/14/2025 Put $679.00","BTO","2","$2.54","($508.08)"
"11/13/2025","11/13/2025","11/14/2025","GLD","GLD 11/14/2025 Call $383.00","STC","1","$5.05","$504.95"
"11/12/2025","11/12/2025","11/13/2025","GLD","GLD 11/14/2025 Call $383.00","STC","2","$5.05","$1,009.91"
"11/12/2025","11/12/2025","11/13/2025","SPY","SPY 11/13/2025 Call $681.00","BTO","1","$3.89","($389.04)"
"11/12/2025","11/12/2025","11/13/2025","SPY","SPY 11/13/2025 Call $681.00","BTO","1","$3.89","($389.04)"
"11/12/2025","11/12/2025","11/13/2025","GLD","GLD 11/14/2025 Call $383.00","BTO","3","$3.35","($1,005.12)"
"11/12/2025","11/12/2025","11/13/2025","IREN","IREN Limited
CUSIP: Q4982L109","Sell","120","$57.03","$6,844.13"
"11/12/2025","11/12/2025","11/13/2025","SPY","SPY 11/12/2025 Call $681.00","STC","1","$3.70","$369.95"
"11/11/2025","11/11/2025","11/12/2025","IREN","IREN Limited
CUSIP: Q4982L109","Sell","10","$56.84","$568.44"
"11/11/2025","11/11/2025","11/12/2025","SPY","SPY 11/12/2025 Call $681.00","BTO","1","$2.06","($206.04)"
"11/11/2025","11/11/2025","11/12/2025","QUBT","QUBT 12/5/2025 Call $18.50","STC","8","$0.19","$151.64"
"11/11/2025","11/11/2025","11/12/2025","SOYB","SOYB 2/20/2026 Call $26.00","STC","10","$0.18","$179.55"
"11/11/2025","11/11/2025","11/12/2025","PLTR","Palantir Technologies
CUSIP: 69608A108","Sell","0.13463","$189.94","$25.57"
"11/11/2025","11/11/2025","11/12/2025","UNH","UnitedHealth
CUSIP: 91324P102","Sell","0.017361","$322.46","$5.60"
"11/11/2025","11/11/2025","11/12/2025","TMC","TMC the metals company
CUSIP: 87261Y106","Sell","8","$5.71","$45.68"
"11/11/2025","11/11/2025","11/12/2025","IREN","IREN Limited
CUSIP: Q4982L109","Sell","40","$58.17","$2,326.83"
"11/11/2025","11/11/2025","11/12/2025","BBAI","BigBear.ai
CUSIP: 08975B109","Sell","120","$6.11","$733.67"
"11/11/2025","11/11/2025","11/12/2025","BBAI","BigBear.ai
CUSIP: 08975B109","Sell","30","$6.11","$183.30"
"11/7/2025","11/7/2025","11/10/2025","BYND","Option Expiration for BYND 11/7/2025 Put $1.00","OEXP","48S","",""
"11/7/2025","11/7/2025","11/10/2025","TSLA","Option Expiration for TSLA 11/7/2025 Call $467.50","OEXP","1S","",""
"11/7/2025","11/7/2025","11/10/2025","RR","Option Expiration for RR 11/7/2025 Call $7.00","OEXP","6S","",""
"11/7/2025","11/7/2025","11/10/2025","CLSK","Option Expiration for CLSK 11/7/2025 Call $21.50","OEXP","10S","",""
"11/7/2025","11/7/2025","11/10/2025","AMZN","Option Expiration for AMZN 11/7/2025 Call $255.00","OEXP","1S","",""
"11/7/2025","11/7/2025","11/10/2025","PLTR","Option Expiration for PLTR 11/7/2025 Call $222.50","OEXP","1S","",""
"11/7/2025","11/7/2025","11/10/2025","MSFT","Option Expiration for MSFT 11/7/2025 Call $527.50","OEXP","1S","",""
"11/7/2025","11/7/2025","11/7/2025","","ACH REVERSAL","ACH","","","($256.12)"
"11/7/2025","11/7/2025","11/10/2025","SPY","SPY 11/7/2025 Put $670.00","STC","1","$4.63","$462.95"
"11/7/2025","11/7/2025","11/10/2025","SPY","SPY 11/7/2025 Call $676.00","STC","1","$0.09","$8.95"
"11/6/2025","11/6/2025","11/7/2025","SPY","Option Expiration for SPY 11/6/2025 Call $682.00","OEXP","2S","",""
"11/6/2025","11/6/2025","11/7/2025","QQQ","Option Expiration for QQQ 11/6/2025 Call $626.00","OEXP","2S","",""
"11/6/2025","11/6/2025","11/7/2025","SPY","Option Expiration for SPY 11/6/2025 Call $679.00","OEXP","2S","",""
"11/6/2025","11/6/2025","11/7/2025","QQQ","Option Expiration for QQQ 11/6/2025 Call $622.00","OEXP","1S","",""
"11/6/2025","11/6/2025","11/7/2025","SPY","SPY 11/7/2025 Call $676.00","BTO","1","$0.91","($91.04)"
"11/6/2025","11/6/2025","11/7/2025","TMC","TMC the metals company
CUSIP: 87261Y106","Sell","10","$5.66","$56.65"
"11/6/2025","11/6/2025","11/7/2025","IREN","IREN Limited
CUSIP: Q4982L109","Buy","25","$69.28","($1,732.00)"
"11/6/2025","11/6/2025","11/7/2025","SPY","SPY 11/6/2025 Put $673.00","STC","1","$2.93","$292.95"
"11/6/2025","11/6/2025","11/7/2025","SPY","SPY 11/7/2025 Put $676.00","STC","1","$6.10","$609.95"
"11/6/2025","11/6/2025","11/7/2025","SPY","SPY 11/7/2025 Put $670.00","BTO","1","$2.51","($251.04)"
"11/6/2025","11/6/2025","11/7/2025","PLTR","PLTR 12/5/2025 Call $225.00","STC","1","$1.78","$177.95"
"11/6/2025","11/6/2025","11/7/2025","SPY","SPY 11/6/2025 Put $673.00","BTO","1","$1.63","($163.04)"
"11/6/2025","11/6/2025","11/7/2025","","ACH Deposit","ACH","","","$7.00"
"11/6/2025","11/6/2025","11/7/2025","","ACH Deposit","ACH","","","$8.00"
"11/6/2025","11/6/2025","11/7/2025","","ACH Deposit","ACH","","","$257.04"
"11/6/2025","11/6/2025","11/7/2025","SPY","SPY 11/7/2025 Put $676.00","BTO","1","$2.86","($286.04)"
"11/6/2025","11/6/2025","11/7/2025","","ACH Deposit","ACH","","","$16.00"
"11/6/2025","11/6/2025","11/7/2025","","ACH Deposit","ACH","","","$256.12"
"11/5/2025","11/5/2025","11/6/2025","QQQ","QQQ 11/6/2025 Call $626.00","BTO","2","$2.11","($422.08)"
"11/5/2025","11/5/2025","11/6/2025","SPY","SPY 11/6/2025 Call $680.00","STC","2","$1.85","$369.91"
"11/5/2025","11/5/2025","11/6/2025","TSLA","TSLA 11/7/2025 Call $467.50","BTO","1","$9.95","($995.04)"
"11/5/2025","11/5/2025","11/6/2025","RR","Richtech Robotics
CUSIP: 765504105","Sell","150","$4.05","$607.74"
"11/5/2025","11/5/2025","11/6/2025","ONDS","Ondas Inc.
CUSIP: 68236H204","Sell","255","$5.87","$1,497.65"
"11/5/2025","11/5/2025","11/6/2025","SPY","SPY 11/6/2025 Call $682.00","BTO","2","$1.17","($234.08)"
"11/5/2025","11/5/2025","11/6/2025","SPY","SPY 11/5/2025 Put $675.00","STC","1","$0.24","$23.95"
"11/5/2025","11/5/2025","11/6/2025","SPY","SPY 11/5/2025 Put $675.00","STC","2","$0.24","$47.91"
"11/5/2025","11/5/2025","11/6/2025","SPY","SPY 11/5/2025 Put $677.00","STC","2","$0.52","$103.91"
"11/5/2025","11/5/2025","11/6/2025","SPY","SPY 11/6/2025 Call $680.00","BTO","1","$1.61","($161.04)"
"11/5/2025","11/5/2025","11/6/2025","QQQ","QQQ 11/5/2025 Put $623.00","STC","2","$1.09","$217.91"
"11/5/2025","11/5/2025","11/6/2025","SPY","SPY 11/6/2025 Call $680.00","BTO","1","$1.48","($148.04)"
"11/5/2025","11/5/2025","11/6/2025","QQQ","QQQ 11/6/2025 Call $622.00","BTO","1","$2.72","($272.04)"
"11/5/2025","11/5/2025","11/6/2025","NOK","NOK 11/7/2025 Put $7.00","STC","10","$0.19","$189.55"
"11/5/2025","11/5/2025","11/6/2025","NOK","NOK 11/7/2025 Put $7.00","STC","10","$0.19","$189.55"
"11/5/2025","11/5/2025","11/6/2025","SPY","SPY 11/6/2025 Call $679.00","BTO","2","$1.83","($366.08)"
"11/5/2025","11/5/2025","11/6/2025","OKLO","OKLO 11/7/2025 Put $117.00","STC","1","$4.15","$414.95"
"11/4/2025","11/4/2025","11/5/2025","BYND","BYND 11/7/2025 Put $1.00","BTO","48","$0.03","($146.03)"
"11/4/2025","11/4/2025","11/5/2025","SPY","SPY 11/5/2025 Put $675.00","BTO","1","$2.23","($223.04)"
"11/4/2025","11/4/2025","11/4/2025","","Instant bank transfer - withdrawal fee","RTP","","","($1.00)"
"11/4/2025","11/4/2025","11/4/2025","","Instant bank transfer - account ending in 7703","RTP","","","($49.00)"
"11/4/2025","11/4/2025","11/5/2025","HIVE","HIVE 1/16/2026 Call $12.00","STC","1","$0.15","$14.95"
"11/4/2025","11/4/2025","11/5/2025","HIVE","HIVE 1/16/2026 Call $12.00","STC","1","$0.15","$14.95"
"11/4/2025","11/4/2025","11/5/2025","HIVE","HIVE 1/16/2026 Call $12.00","STC","6","$0.15","$89.73"
"11/4/2025","11/4/2025","11/5/2025","HIVE","HIVE 1/16/2026 Call $12.00","STC","1","$0.15","$14.95"
"11/4/2025","11/4/2025","11/5/2025","HIVE","HIVE 1/16/2026 Call $12.00","STC","4","$0.15","$59.83"
"11/4/2025","11/4/2025","11/5/2025","HIVE","HIVE 1/16/2026 Call $12.00","STC","12","$0.15","$179.46"
"11/4/2025","11/4/2025","11/5/2025","SPY","SPY 11/5/2025 Put $675.00","BTO","2","$2.04","($408.08)"
"11/4/2025","11/4/2025","11/5/2025","RR","Richtech Robotics
CUSIP: 765504105","Sell","50","$4.07","$203.51"
"11/4/2025","11/4/2025","11/5/2025","ONDS","Ondas Inc.
CUSIP: 68236H204","Sell","100","$6.24","$623.48"
"11/4/2025","11/4/2025","11/5/2025","SPY","SPY 11/5/2025 Put $677.00","BTO","2","$3.24","($648.08)"
"11/4/2025","11/4/2025","11/5/2025","RR","Richtech Robotics
CUSIP: 765504105","Sell","100","$4.04","$404.21"
"11/4/2025","11/4/2025","11/5/2025","ONDS","Ondas Inc.
CUSIP: 68236H204","Sell","150","$6.20","$929.23"
"11/4/2025","11/4/2025","11/5/2025","QQQ","QQQ 11/5/2025 Put $623.00","BTO","2","$4.06","($812.08)"
"11/4/2025","11/4/2025","11/5/2025","ONDS","Ondas Inc.
CUSIP: 68236H204","Sell","80","$6.18","$494.40"
"11/4/2025","11/4/2025","11/4/2025","","Instant bank transfer - withdrawal fee","RTP","","","($1.00)"
"11/4/2025","11/4/2025","11/4/2025","","Instant bank transfer - account ending in 7703","RTP","","","($49.00)"
"11/4/2025","11/4/2025","11/5/2025","BBAI","BigBear.ai
CUSIP: 08975B109","Sell","150","$6.00","$900.73"
"11/4/2025","11/4/2025","11/5/2025","OKLO","OKLO 11/7/2025 Put $117.00","BTO","1","$6.10","($610.04)"
"11/4/2025","11/4/2025","11/5/2025","JD","JD 1/16/2026 Call $37.50","STC","1","$1.04","$103.95"
"11/4/2025","11/4/2025","11/5/2025","JD","JD 1/16/2026 Call $37.50","STC","1","$1.04","$103.95"
"11/4/2025","11/4/2025","11/5/2025","JD","JD 1/16/2026 Call $37.50","STC","2","$1.04","$207.91"
"11/4/2025","11/4/2025","11/5/2025","JD","JD 1/16/2026 Call $37.50","STC","1","$1.04","$103.95"
"11/4/2025","11/4/2025","11/5/2025","HIVE","HIVE Digital Technologies Ltd.
CUSIP: 433921103","Sell","100","$4.96","$496.30"
"11/4/2025","11/4/2025","11/5/2025","NOK","NOK 11/7/2025 Put $7.00","BTO","18","$0.22","($396.76)"
"11/4/2025","11/4/2025","11/5/2025","NOK","NOK 11/7/2025 Put $7.00","BTO","2","$0.22","($44.08)"
"11/4/2025","11/4/2025","11/5/2025","TMQ","Trilogy Metals
CUSIP: 89621C105","Sell","200","$3.82","$763.97"
"11/3/2025","11/3/2025","11/4/2025","PLTR","PLTR 12/5/2025 Call $225.00","BTO","1","$9.90","($990.04)"
"11/3/2025","11/3/2025","11/4/2025","NVDA","NVDA 11/7/2025 Call $200.00","STC","1","$8.41","$840.95"
"11/3/2025","11/3/2025","11/4/2025","AMZN","AMZN 11/7/2025 Call $255.00","BTO","1","$3.62","($362.04)"
"11/3/2025","11/3/2025","11/3/2025","","Instant bank transfer - account ending in 7703","RTP","","","($589.50)"
"11/3/2025","11/3/2025","11/3/2025","","Instant bank transfer - withdrawal fee","RTP","","","($10.50)"
"11/3/2025","11/3/2025","11/4/2025","IREN","IREN Limited
CUSIP: Q4982L109","Buy","25","$69.04","($1,725.98)"
"11/3/2025","11/3/2025","11/4/2025","NVDA","NVDA 11/7/2025 Call $200.00","STC","2","$8.70","$1,739.91"
"11/3/2025","11/3/2025","11/4/2025","MSFT","MSFT 11/7/2025 Call $527.50","BTO","1","$4.15","($415.04)"
"11/3/2025","11/3/2025","11/4/2025","JD","JD 1/16/2026 Call $37.50","STC","5","$1.42","$709.78"
"11/3/2025","11/3/2025","11/4/2025","PLTR","PLTR 11/7/2025 Call $222.50","BTO","1","$3.95","($395.04)"
"11/3/2025","11/3/2025","11/4/2025","HIVE","HIVE Digital Technologies Ltd.
CUSIP: 433921103","Sell","100","$5.16","$515.98"
"11/3/2025","11/3/2025","11/4/2025","NVDA","NVDA 11/28/2025 Call $225.00","BTO","1","$4.55","($455.04)"
"11/3/2025","11/3/2025","11/4/2025","HIMS","HIMS 11/14/2025 Call $50.00","STC","1","$2.65","$264.95"
"11/3/2025","11/3/2025","11/4/2025","SPY","SPY 11/3/2025 Call $684.00","STC","1","$1.93","$192.95"
"11/3/2025","11/3/2025","11/3/2025","","Instant bank transfer - account ending in 7703","RTP","","","($29.00)"
"11/3/2025","11/3/2025","11/3/2025","","Instant bank transfer - withdrawal fee","RTP","","","($1.00)"
"11/3/2025","11/3/2025","11/3/2025","","Instant bank transfer - account ending in 7703","RTP","","","($19.00)"
"11/3/2025","11/3/2025","11/3/2025","","Instant bank transfer - withdrawal fee","RTP","","","($1.00)"
"10/31/2025","10/31/2025","11/3/2025","UNH","Option Expiration for UNH 10/31/2025 Call $382.50","OEXP","1S","",""
"10/31/2025","10/31/2025","11/3/2025","SLV","Option Expiration for SLV 10/31/2025 Call $49.50","OEXP","4S","",""
"10/31/2025","10/31/2025","11/3/2025","PLTR","Option Expiration for PLTR 10/31/2025 Call $205.00","OEXP","3S","",""
"10/31/2025","10/31/2025","11/3/2025","SLV","Option Expiration for SLV 10/31/2025 Call $48.50","OEXP","2S","",""
"10/31/2025","10/31/2025","11/3/2025","TMC","Option Expiration for TMC 10/31/2025 Call $9.50","OEXP","1S","",""
"10/31/2025","10/31/2025","11/3/2025","AAPL","Option Expiration for AAPL 10/31/2025 Call $290.00","OEXP","10S","",""
"10/31/2025","10/31/2025","11/3/2025","SLV","Option Expiration for SLV 10/31/2025 Call $50.00","OEXP","2S","",""
"10/31/2025","10/31/2025","10/31/2025","","Interest Payment","INT","","","$0.35"
"10/31/2025","10/31/2025","11/3/2025","SPY","SPY 10/31/2025 Call $685.00","STC","3","$0.18","$53.87"
"10/31/2025","10/31/2025","11/3/2025","SPY","SPY 11/3/2025 Call $684.00","BTO","1","$2.54","($254.04)"
"10/31/2025","10/31/2025","11/3/2025","PLTR","PLTR 10/31/2025 Call $200.00","STC","1","$1.36","$135.95"
"10/31/2025","10/31/2025","10/31/2025","","Instant bank transfer - withdrawal fee","RTP","","","($1.00)"
"10/31/2025","10/31/2025","10/31/2025","","Instant bank transfer - account ending in 7703","RTP","","","($44.00)"
"10/31/2025","10/31/2025","10/31/2025","","Instant bank transfer - withdrawal fee","RTP","","","($1.31)"
"10/31/2025","10/31/2025","10/31/2025","","Instant bank transfer - account ending in 7703","RTP","","","($73.69)"
"10/31/2025","10/31/2025","11/3/2025","HIMS","HIMS 10/31/2025 Put $45.00","STC","10","$0.26","$259.55"
"10/31/2025","10/31/2025","11/3/2025","SPY","SPY 10/31/2025 Put $675.00","STC","3","$0.13","$38.87"
"10/31/2025","10/31/2025","10/31/2025","","Instant bank transfer - account ending in 7703","RTP","","","($34.00)"
"10/31/2025","10/31/2025","10/31/2025","","Instant bank transfer - withdrawal fee","RTP","","","($1.00)"
"10/31/2025","10/31/2025","10/31/2025","","Instant bank transfer - account ending in 7703","RTP","","","($29.00)"
"10/31/2025","10/31/2025","10/31/2025","","Instant bank transfer - withdrawal fee","RTP","","","($1.00)"
"10/30/2025","10/30/2025","10/31/2025","SPY","SPY 10/30/2025 Call $686.00","STC","2","$0.04","$7.91"
"10/30/2025","10/30/2025","10/31/2025","SPY","SPY 10/31/2025 Put $675.00","BTO","3","$0.68","($204.12)"
"10/30/2025","10/30/2025","10/30/2025","","Instant bank transfer - withdrawal fee","RTP","","","($1.75)"
"10/30/2025","10/30/2025","10/30/2025","","Instant bank transfer - account ending in 7703","RTP","","","($98.25)"
"10/30/2025","10/30/2025","10/31/2025","AAPL","AAPL 10/31/2025 Call $290.00","BTO","5","$0.38","($190.21)"
"10/30/2025","10/30/2025","10/31/2025","AAPL","AAPL 10/31/2025 Call $290.00","BTO","5","$0.38","($190.21)"
"10/30/2025","10/30/2025","10/31/2025","SOYB","SOYB 2/20/2026 Call $26.00","BTO","10","$0.24","($240.42)"
"10/30/2025","10/30/2025","10/31/2025","CMG","CMG 12/5/2025 Call $42.00","BTO","15","$0.14","($210.63)"
"10/30/2025","10/30/2025","10/31/2025","CMG","CMG 12/5/2025 Call $42.00","BTO","5","$0.15","($75.21)"
"10/30/2025","10/30/2025","10/31/2025","HIMS","HIMS 10/31/2025 Put $45.00","BTO","3","$0.80","($240.12)"
"10/30/2025","10/30/2025","10/31/2025","HIMS","HIMS 10/31/2025 Put $45.00","BTO","2","$0.80","($160.08)"
"10/30/2025","10/30/2025","10/31/2025","HIMS","HIMS 10/31/2025 Put $45.00","BTO","5","$0.90","($450.21)"
"10/30/2025","10/30/2025","10/30/2025","","Instant bank transfer - withdrawal fee","RTP","","","($1.00)"
"10/30/2025","10/30/2025","10/30/2025","","Instant bank transfer - account ending in 7703","RTP","","","($49.00)"
"10/30/2025","10/30/2025","10/31/2025","SPY","SPY 10/31/2025 Call $685.00","BTO","3","$2.78","($834.12)"
"10/30/2025","10/30/2025","10/31/2025","JD","JD 10/31/2025 Put $33.00","STC","5","$0.25","$124.78"
"10/30/2025","10/30/2025","10/31/2025","JD","JD 10/31/2025 Put $33.00","STC","5","$0.25","$124.78"
"10/30/2025","10/30/2025","10/31/2025","AAPL","AAPL 10/31/2025 Call $282.50","STC","3","$1.14","$341.87"
"10/30/2025","10/30/2025","10/31/2025","AAPL","AAPL 10/31/2025 Call $282.50","STC","2","$1.14","$227.91"
"10/30/2025","10/30/2025","10/31/2025","SPY","SPY 10/30/2025 Put $681.00","STC","5","$1.78","$889.78"
"10/30/2025","10/30/2025","10/31/2025","JD","JD 10/31/2025 Put $33.00","BTO","5","$0.31","($155.21)"
"10/30/2025","10/30/2025","10/31/2025","JD","JD 10/31/2025 Put $33.00","BTO","5","$0.31","($155.21)"
"10/30/2025","10/30/2025","10/31/2025","SPY","SPY 10/30/2025 Put $681.00","BTO","5","$2.20","($1,100.21)"
"10/30/2025","10/30/2025","10/30/2025","","Gold Subscription Fee","GOLD","","","($5.00)"
"10/30/2025","10/30/2025","10/30/2025","","Aggregated Margin Rate","MINT","","","($24.29)"
"10/29/2025","10/29/2025","10/30/2025","SPY","SPY 10/29/2025 Call $687.00","STC","5","$0.84","$419.78"
"10/29/2025","10/29/2025","10/30/2025","SPY","SPY 10/29/2025 Call $688.00","STC","2","$0.49","$97.91"
"10/29/2025","10/29/2025","10/30/2025","SPY","SPY 10/30/2025 Call $686.00","BTO","2","$3.02","($604.08)"
"10/29/2025","10/29/2025","10/30/2025","SPY","SPY 10/31/2025 Put $683.00","STC","4","$3.47","$1,387.83"
"10/29/2025","10/29/2025","10/30/2025","SPY","SPY 10/31/2025 Put $683.00","BTO","2","$4.16","($832.08)"
"10/29/2025","10/29/2025","10/30/2025","SPY","SPY 10/31/2025 Put $683.00","BTO","2","$4.16","($832.08)"
"10/29/2025","10/29/2025","10/30/2025","QQQ","QQQ 10/29/2025 Call $630.00","STC","4","$4.44","$1,775.83"
"10/29/2025","10/29/2025","10/30/2025","PLTR","PLTR 10/31/2025 Call $205.00","BTO","2","$1.55","($310.08)"
"10/29/2025","10/29/2025","10/30/2025","PLTR","PLTR 10/31/2025 Call $205.00","BTO","1","$1.55","($155.04)"
"10/29/2025","10/29/2025","10/30/2025","HIVE","HIVE Digital Technologies Ltd.
CUSIP: 433921103","Sell","200","$5.74","$1,146.97"
"10/29/2025","10/29/2025","10/30/2025","HIMS","HIMS 11/14/2025 Call $50.00","BTO","1","$3.83","($383.04)"
"10/29/2025","10/29/2025","10/30/2025","HIMS","HIMS 11/14/2025 Call $50.00","BTO","2","$3.83","($766.08)"
"10/29/2025","10/29/2025","10/30/2025","NVDA","NVDA 11/7/2025 Call $200.00","STC","1","$13.22","$1,321.95"
"10/29/2025","10/29/2025","10/30/2025","AAPL","AAPL 10/31/2025 Call $282.50","BTO","5","$1.07","($535.21)"
"10/29/2025","10/29/2025","10/30/2025","SPY","SPY 10/29/2025 Call $687.00","STC","5","$3.22","$1,609.78"
"10/28/2025","10/28/2025","10/28/2025","","Instant bank transfer - account ending in 7703","RTP","","","($126.74)"
"10/28/2025","10/28/2025","10/28/2025","","Instant bank transfer - withdrawal fee","RTP","","","($2.26)"
"10/28/2025","10/28/2025","10/29/2025","SPY","SPY 10/29/2025 Call $688.00","BTO","2","$2.38","($476.08)"
"10/28/2025","10/28/2025","10/29/2025","NVDA","NVDA 11/7/2025 Call $200.00","STC","1","$5.85","$584.95"
"10/28/2025","10/28/2025","10/29/2025","PLTR","PLTR 10/31/2025 Call $200.00","BTO","1","$1.11","($111.04)"
"10/28/2025","10/28/2025","10/28/2025","","Instant bank transfer - withdrawal fee","RTP","","","($6.13)"
"10/28/2025","10/28/2025","10/28/2025","","Instant bank transfer - account ending in 7703","RTP","","","($343.87)"
"10/28/2025","10/28/2025","10/29/2025","CLSK","CLSK 11/7/2025 Call $21.50","BTO","10","$1.36","($1,360.42)"
"10/28/2025","10/28/2025","10/29/2025","SPY","SPY 10/29/2025 Call $687.00","BTO","10","$2.25","($2,250.42)"
"10/28/2025","10/28/2025","10/29/2025","NOK","NOK 1/16/2026 Call $10.00","BTO","40","$0.56","($2,241.69)"
"10/28/2025","10/28/2025","10/29/2025","QQQ","QQQ 10/28/2025 Call $626.00","STC","3","$4.04","$1,211.87"
"10/28/2025","10/28/2025","10/29/2025","SPY","SPY 10/28/2025 Call $685.00","STC","4","$1.08","$431.83"
"10/28/2025","10/28/2025","10/29/2025","QQQ","QQQ 10/29/2025 Call $630.00","BTO","4","$3.94","($1,576.16)"
"10/28/2025","10/28/2025","10/29/2025","QQQ","QQQ 10/28/2025 Call $627.00","STC","7","$4.18","$2,925.68"
"10/28/2025","10/28/2025","10/29/2025","QQQ","QQQ 10/28/2025 Call $627.00","STC","7","$4.17","$2,918.68"
"10/28/2025","10/28/2025","10/29/2025","QQQ","QQQ 10/28/2025 Call $627.00","STC","1","$4.18","$417.95"
"10/28/2025","10/28/2025","10/28/2025","","Instant bank transfer - account ending in 7703","RTP","","","($54.00)"
"10/28/2025","10/28/2025","10/28/2025","","Instant bank transfer - withdrawal fee","RTP","","","($1.00)"
"10/28/2025","10/28/2025","10/28/2025","","Instant bank transfer - account ending in 7703","RTP","","","($98.25)"
"10/28/2025","10/28/2025","10/28/2025","","Instant bank transfer - withdrawal fee","RTP","","","($1.75)"
"10/27/2025","10/27/2025","10/28/2025","QQQ","QQQ 10/28/2025 Call $626.00","BTO","3","$2.79","($837.12)"
"10/27/2025","10/27/2025","10/28/2025","SPY","SPY 10/27/2025 Call $678.00","STC","1","$6.65","$664.95"
"10/27/2025","10/27/2025","10/28/2025","SPY","SPY 10/28/2025 Call $685.00","BTO","4","$1.06","($424.16)"
"10/27/2025","10/27/2025","10/28/2025","SPY","SPY 10/27/2025 Call $678.00","STC","1","$6.36","$635.95"
"10/27/2025","10/27/2025","10/28/2025","UNH","UNH 10/31/2025 Call $382.50","BTO","1","$5.46","($546.04)"
"10/27/2025","10/27/2025","10/27/2025","","Instant bank transfer - account ending in 7703","RTP","","","($343.87)"
"10/27/2025","10/27/2025","10/27/2025","","Instant bank transfer - withdrawal fee","RTP","","","($6.13)"
"10/27/2025","10/27/2025","10/28/2025","QUBT","QUBT 12/5/2025 Call $18.50","BTO","8","$1.77","($1,416.34)"
"10/27/2025","10/27/2025","10/28/2025","HIVE","HIVE Digital Technologies Ltd.
CUSIP: 433921103","Buy","500","$6.14","($3,072.51)"
"10/27/2025","10/27/2025","10/28/2025","BYND","BYND 10/31/2025 Put $3.50","STC","5","$1.51","$754.78"
"10/27/2025","10/27/2025","10/28/2025","NVDA","NVDA 11/7/2025 Call $200.00","BTO","5","$1.90","($950.21)"
"10/27/2025","10/27/2025","10/28/2025","BYND","BYND 10/31/2025 Put $3.50","STC","1","$1.68","$167.95"
"10/27/2025","10/27/2025","10/28/2025","BYND","BYND 10/31/2025 Put $3.50","STC","9","$1.68","$1,511.59"
"10/27/2025","10/27/2025","10/28/2025","SPY","SPY 10/27/2025 Call $678.00","STC","3","$4.98","$1,493.87"
"10/27/2025","10/27/2025","10/28/2025","QQQ","QQQ 10/28/2025 Call $627.00","BTO","5","$1.48","($740.21)"
"10/27/2025","10/27/2025","10/28/2025","QQQ","QQQ 10/28/2025 Call $627.00","BTO","5","$1.48","($740.21)"
"10/27/2025","10/27/2025","10/28/2025","QQQ","QQQ 10/28/2025 Call $627.00","BTO","5","$1.48","($740.21)"
"10/27/2025","10/27/2025","10/28/2025","HOLO","MicroCloud Hologram
CUSIP: G55032174","Sell","300","$4.65","$1,395.01"
"10/27/2025","10/27/2025","10/28/2025","HOLO","MicroCloud Hologram
CUSIP: G55032174","Sell","200","$4.65","$930.01"
"10/27/2025","10/27/2025","10/27/2025","","Instant bank transfer - account ending in 7703","RTP","","","($196.50)"
"10/27/2025","10/27/2025","10/27/2025","","Instant bank transfer - withdrawal fee","RTP","","","($3.50)"
"10/27/2025","10/27/2025","10/27/2025","","Instant bank transfer - withdrawal fee","RTP","","","($6.13)"
"10/27/2025","10/27/2025","10/27/2025","","Instant bank transfer - account ending in 7703","RTP","","","($343.87)"
"10/24/2025","10/24/2025","10/27/2025","IREN","Option Expiration for IREN 10/24/2025 Call $70.00","OEXP","1S","",""
"10/24/2025","10/24/2025","10/27/2025","NAK","Option Expiration for NAK 10/24/2025 Call $2.50","OEXP","1S","",""
"10/24/2025","10/24/2025","10/27/2025","HOLO","MicroCloud Hologram
CUSIP: G55032174","Buy","500","$4.42","($2,207.51)"
"10/24/2025","10/24/2025","10/27/2025","HIVE","HIVE 1/16/2026 Call $12.00","BTO","50","$0.45","($2,252.11)"
"10/24/2025","10/24/2025","10/27/2025","HOOD","HOOD 10/24/2025 Call $130.00","STC","1","$9.82","$981.95"
"10/24/2025","10/24/2025","10/27/2025","HOOD","HOOD 10/24/2025 Call $130.00","STC","1","$9.82","$981.95"
"10/24/2025","10/24/2025","10/27/2025","SPY","SPY 10/27/2025 Call $678.00","BTO","1","$2.14","($214.04)"
"10/24/2025","10/24/2025","10/27/2025","SPY","SPY 10/27/2025 Call $678.00","BTO","1","$2.14","($214.04)"
"10/24/2025","10/24/2025","10/27/2025","SPY","SPY 10/27/2025 Call $678.00","BTO","3","$2.15","($645.12)"
"10/24/2025","10/24/2025","10/24/2025","","Instant bank transfer - withdrawal fee","RTP","","","($5.25)"
"10/24/2025","10/24/2025","10/24/2025","","Instant bank transfer - account ending in 7703","RTP","","","($294.75)"
"10/24/2025","10/24/2025","10/27/2025","BYND","BYND 10/31/2025 Put $3.50","BTO","15","$1.22","($1,830.63)"
"10/24/2025","10/24/2025","10/27/2025","JD","JD 1/16/2026 Call $37.50","BTO","15","$1.79","($2,685.63)"
"10/24/2025","10/24/2025","10/27/2025","HOOD","HOOD 10/24/2025 Call $130.00","STC","3","$11.20","$3,359.87"
"10/24/2025","10/24/2025","10/27/2025","HOOD","HOOD 10/24/2025 Call $130.00","STC","5","$10.25","$5,124.78"
"10/24/2025","10/24/2025","10/27/2025","TMQ","Trilogy Metals
CUSIP: 89621C105","Buy","100","$5.53","($553.00)"
"10/24/2025","10/24/2025","10/27/2025","TMQ","Trilogy Metals
CUSIP: 89621C105","Buy","100","$5.53","($553.00)"
"10/24/2025","10/24/2025","10/27/2025","IREN","IREN Limited
CUSIP: Q4982L109","Buy","10","$60.41","($604.09)"
"10/24/2025","10/24/2025","10/27/2025","ONDS","Ondas Inc.
CUSIP: 68236H204","Buy","100","$7.67","($766.99)"
"10/24/2025","10/24/2025","10/27/2025","RR","Richtech Robotics
CUSIP: 765504105","Buy","100","$5.63","($563.00)"
"10/24/2025","10/24/2025","10/27/2025","BBAI","BigBear.ai
CUSIP: 08975B109","Buy","100","$7.20","($720.00)"
"10/23/2025","10/23/2025","10/24/2025","HOOD","HOOD 10/24/2025 Call $130.00","BTO","4","$2.65","($1,060.16)"
"10/23/2025","10/23/2025","10/24/2025","HOOD","HOOD 10/24/2025 Call $130.00","BTO","1","$2.65","($265.04)"
"10/23/2025","10/23/2025","10/24/2025","HOOD","HOOD 10/24/2025 Call $130.00","BTO","5","$2.65","($1,325.21)"
"10/23/2025","10/23/2025","10/24/2025","QQQ","QQQ 10/24/2025 Call $605.00","STC","2","$5.09","$1,017.91"
"10/23/2025","10/23/2025","10/24/2025","QQQ","QQQ 10/24/2025 Put $605.00","STC","1","$3.34","$333.95"
"10/22/2025","10/22/2025","10/23/2025","QQQ","QQQ 10/24/2025 Call $605.00","BTO","2","$3.71","($742.08)"
"10/22/2025","10/22/2025","10/23/2025","QQQ","QQQ 10/24/2025 Put $605.00","STC","1","$4.54","$453.95"
"10/22/2025","10/22/2025","10/23/2025","QQQ","QQQ 10/24/2025 Put $605.00","STC","2","$5.52","$1,103.91"
"10/22/2025","10/22/2025","10/22/2025","","October interest charge credit","MINT","","","$0.05"
"10/22/2025","10/22/2025","10/23/2025","BABA","BABA 11/7/2025 Call $167.50","STC","2","$5.98","$1,195.91"
"10/22/2025","10/22/2025","10/23/2025","QQQ","QQQ 10/24/2025 Put $605.00","STC","1","$3.40","$339.95"
"10/22/2025","10/22/2025","10/23/2025","QQQ","QQQ 10/24/2025 Put $605.00","BTO","5","$3.45","($1,725.21)"
"10/22/2025","10/22/2025","10/23/2025","BYND","BYND 11/14/2025 Call $2.50","STC","1","$2.61","$260.95"
"10/22/2025","10/22/2025","10/23/2025","SOFI","SoFi Technologies
CUSIP: 83406F102","Sell","0.86066","$27.29","$23.49"
"10/22/2025","10/22/2025","10/23/2025","SOFI","SoFi Technologies
CUSIP: 83406F102","Sell","25","$27.29","$682.31"
"10/22/2025","10/22/2025","10/23/2025","HOOD","HOOD 10/31/2025 Call $114.00","STC","1","$12.60","$1,259.95"
"10/22/2025","10/22/2025","10/23/2025","BABA","BABA 11/7/2025 Call $167.50","BTO","1","$8.56","($856.04)"
"10/22/2025","10/22/2025","10/23/2025","BABA","BABA 11/7/2025 Call $167.50","BTO","1","$8.49","($849.04)"
"10/22/2025","10/22/2025","10/23/2025","UNH","UNH 10/24/2025 Put $357.50","STC","1","$3.90","$389.95"
"10/22/2025","10/22/2025","10/23/2025","BYND","BYND 11/14/2025 Call $2.50","STC","2","$3.85","$769.91"
"10/22/2025","10/22/2025","10/23/2025","UNH","UNH 10/31/2025 Call $365.00","STC","1","$10.60","$1,059.95"
"10/22/2025","10/22/2025","10/23/2025","UNH","UNH 10/24/2025 Put $357.50","BTO","1","$3.72","($372.04)"
"10/22/2025","10/22/2025","10/23/2025","BYND","BYND 11/14/2025 Call $2.50","STC","2","$3.80","$759.91"
"10/21/2025","10/21/2025","10/22/2025","BYND","BYND 11/14/2025 Call $2.50","BTO","5","$1.16","($580.21)"
"10/21/2025","10/21/2025","10/22/2025","UNH","UNH 10/31/2025 Call $365.00","BTO","1","$14.67","($1,467.04)"
"10/21/2025","10/21/2025","10/22/2025","UNH","UNH 10/31/2025 Call $350.00","STC","1","$21.45","$2,144.95"
"10/21/2025","10/21/2025","10/22/2025","CIFR","Cipher Mining
CUSIP: 17253J106","Sell","77","$19.27","$1,483.82"
"10/21/2025","10/21/2025","10/21/2025","","Instant bank transfer - account ending in 7703","RTP","","","($589.50)"
"10/21/2025","10/21/2025","10/21/2025","","Instant bank transfer - withdrawal fee","RTP","","","($10.50)"
"10/20/2025","10/20/2025","10/21/2025","SPY","SPY 10/20/2025 Call $664.00","STC","1","$8.00","$799.95"
"10/17/2025","10/17/2025","10/20/2025","PLTR","Option Expiration for PLTR 10/17/2025 Call $185.00","OEXP","1S","",""
"10/17/2025","10/17/2025","10/20/2025","SPY","SPY 10/20/2025 Call $664.00","BTO","1","$3.65","($365.04)"
"10/17/2025","10/17/2025","10/20/2025","ONDS","Ondas Inc.
CUSIP: 68236H204","Buy","150","$7.95","($1,192.47)"
"10/17/2025","10/17/2025","10/20/2025","BBAI","BigBear.ai
CUSIP: 08975B109","Buy","200","$7.66","($1,533.00)"
"10/17/2025","10/17/2025","10/20/2025","ONDS","Ondas Inc.
CUSIP: 68236H204","Buy","150","$7.93","($1,189.49)"
"10/17/2025","10/17/2025","10/20/2025","GLD","GLD 10/24/2025 Call $395.00","STC","1","$7.65","$764.95"
"10/17/2025","10/17/2025","10/20/2025","GLD","GLD 10/24/2025 Call $396.00","STC","2","$7.75","$1,549.91"
"10/16/2025","10/16/2025","10/17/2025","SPY","Option Expiration for SPY 10/16/2025 Call $667.00","OEXP","1S","",""
"10/16/2025","10/16/2025","10/17/2025","SLV","SLV 10/31/2025 Call $50.00","BTO","2","$1.66","($332.08)"
"10/16/2025","10/16/2025","10/17/2025","QUBT","Quantum Computing
CUSIP: 74766W108","Sell","50","$19.31","$965.51"
"10/16/2025","10/16/2025","10/17/2025","SLV","SLV 10/31/2025 Call $49.50","BTO","4","$1.93","($772.16)"
"10/16/2025","10/16/2025","10/17/2025","","ACH Deposit","ACH","","","$12.00"
"10/16/2025","10/16/2025","10/17/2025","","ACH Deposit","ACH","","","$27.09"
"10/16/2025","10/16/2025","10/17/2025","SPY","SPY 10/16/2025 Call $667.00","STC","5","$1.20","$599.78"
"10/16/2025","10/16/2025","10/17/2025","SLV","SLV 10/31/2025 Call $48.50","BTO","2","$2.27","($454.08)"
"10/16/2025","10/16/2025","10/17/2025","ONDS","Ondas Inc.
CUSIP: 68236H204","Sell","5","$8.65","$43.25"
"10/16/2025","10/16/2025","10/17/2025","ONDS","Ondas Inc.
CUSIP: 68236H204","Sell","81","$8.65","$700.64"
"10/16/2025","10/16/2025","10/17/2025","ONDS","Ondas Inc.
CUSIP: 68236H204","Sell","1","$8.65","$8.65"
"10/16/2025","10/16/2025","10/17/2025","ONDS","Ondas Inc.
CUSIP: 68236H204","Sell","14","$8.65","$121.10"
"10/16/2025","10/16/2025","10/17/2025","ONDS","Ondas Inc.
CUSIP: 68236H204","Sell","14","$8.65","$121.10"
"10/16/2025","10/16/2025","10/17/2025","GLD","GLD 10/24/2025 Call $396.00","BTO","1","$5.02","($502.04)"
"10/16/2025","10/16/2025","10/17/2025","GLD","GLD 10/24/2025 Call $396.00","BTO","1","$5.02","($502.04)"
"10/16/2025","10/16/2025","10/17/2025","GLD","GLD 10/24/2025 Call $395.00","BTO","1","$5.41","($541.04)"
"10/16/2025","10/16/2025","10/17/2025","","ACH Deposit","ACH","","","$15.00"
"10/16/2025","10/16/2025","10/17/2025","","ACH Deposit","ACH","","","$103.70"
"10/16/2025","10/16/2025","10/17/2025","NAK","Northern Dynasty Minerals
CUSIP: 66510M204","Sell","1250","$2.40","$2,999.76"
"10/16/2025","10/16/2025","10/17/2025","NAK","NAK 10/24/2025 Call $2.50","BTO","1","$0.57","($57.04)"
"10/15/2025","10/15/2025","10/16/2025","SPY","SPY 10/16/2025 Call $667.00","BTO","2","$2.86","($572.08)"
"10/15/2025","10/15/2025","10/16/2025","SPY","SPY 10/16/2025 Call $667.00","BTO","2","$2.86","($572.08)"
"10/15/2025","10/15/2025","10/16/2025","SPY","SPY 10/16/2025 Call $667.00","BTO","2","$2.86","($572.08)"
"10/15/2025","10/15/2025","10/16/2025","SPY","SPY 10/15/2025 Call $666.00","STC","3","$1.99","$596.87"
"10/15/2025","10/15/2025","10/16/2025","SPY","SPY 10/15/2025 Call $666.00","STC","2","$2.00","$399.91"
"10/15/2025","10/15/2025","10/16/2025","SPY","SPY 10/15/2025 Put $662.00","STC","1","$0.49","$48.95"
"10/15/2025","10/15/2025","10/16/2025","SPY","SPY 10/15/2025 Put $662.00","STC","1","$0.52","$51.95"
"10/14/2025","10/14/2025","10/15/2025","SPY","SPY 10/15/2025 Put $662.00","BTO","2","$2.72","($544.08)"
"10/14/2025","10/14/2025","10/15/2025","SPY","SPY 10/15/2025 Call $666.00","BTO","4","$0.85","($340.16)"
"10/14/2025","10/14/2025","10/15/2025","IREN","IREN 10/31/2025 Call $62.00","STC","1","$11.75","$1,174.95"
"10/14/2025","10/14/2025","10/15/2025","","ACH Deposit","ACH","","","$11.21"
"10/14/2025","10/14/2025","10/15/2025","SPY","SPY 10/15/2025 Call $666.00","BTO","1","$1.88","($188.04)"
"10/14/2025","10/14/2025","10/15/2025","TMC","TMC 10/31/2025 Call $9.50","STC","1","$1.75","$174.95"
"10/14/2025","10/14/2025","10/15/2025","ONDS","Ondas Inc.
CUSIP: 68236H204","Buy","10","$10.48","($104.75)"
"10/14/2025","10/14/2025","10/15/2025","RR","Richtech Robotics
CUSIP: 765504105","Buy","50","$6.14","($307.00)"
"10/14/2025","10/14/2025","10/15/2025","ONDS","Ondas Inc.
CUSIP: 68236H204","Buy","30","$10.24","($307.20)"
"10/13/2025","10/13/2025","10/14/2025","IREN","IREN 10/24/2025 Call $70.00","BTO","1","$4.70","($470.04)"
"10/13/2025","10/13/2025","10/15/2025","","ACH Deposit","ACH","","","$274.65"
"10/13/2025","10/13/2025","10/14/2025","CIFR","Cipher Mining
CUSIP: 17253J106","Buy","20","$18.72","($374.40)"
"10/13/2025","10/13/2025","10/14/2025","ONDS","Ondas Inc.
CUSIP: 68236H204","Buy","100","$10.02","($1,002.50)"
"10/13/2025","10/13/2025","10/14/2025","QQQ","QQQ 10/13/2025 Put $596.00","STC","1","$1.08","$107.95"
"10/13/2025","10/13/2025","10/14/2025","QQQ","QQQ 10/13/2025 Put $589.00","STC","1","$0.33","$32.95"
"10/13/2025","10/13/2025","10/14/2025","QQQ","QQQ 10/15/2025 Put $604.00","STC","1","$7.27","$726.95"
"10/10/2025","10/10/2025","10/14/2025","QQQ","QQQ 10/13/2025 Put $589.00","BTO","1","$3.87","($387.04)"
"10/10/2025","10/10/2025","10/14/2025","LAC","LAC 10/17/2025 Call $3.50","STC","1","$4.00","$399.95"
"10/10/2025","10/10/2025","10/14/2025","QQQ","QQQ 10/13/2025 Put $596.00","BTO","1","$4.20","($420.04)"
"10/10/2025","10/10/2025","10/13/2025","","ACH Deposit","ACH","","","$422.37"
"10/10/2025","10/10/2025","10/14/2025","CIFR","Cipher Mining
CUSIP: 17253J106","Buy","7","$18.67","($130.68)"
"10/10/2025","10/10/2025","10/14/2025","BBAI","BBAI 1/16/2026 Call $10.00","BTO","1","$1.40","($140.04)"
"10/10/2025","10/10/2025","10/14/2025","BBAI","BBAI 1/16/2026 Call $10.00","BTO","1","$1.40","($140.04)"
"10/10/2025","10/10/2025","10/14/2025","BBAI","BBAI 1/16/2026 Call $10.00","BTO","1","$1.40","($140.04)"
"10/10/2025","10/10/2025","10/14/2025","QQQ","QQQ 10/14/2025 Call $600.00","STC","1","$4.46","$445.95"
"10/10/2025","10/10/2025","10/14/2025","TMC","TMC 10/31/2025 Call $9.50","BTO","2","$1.40","($280.08)"
"10/10/2025","10/10/2025","10/14/2025","QQQ","QQQ 10/14/2025 Call $600.00","BTO","1","$5.69","($569.04)"
"10/10/2025","10/10/2025","10/14/2025","RR","RR 10/17/2025 Call $5.00","STC","3","$1.35","$404.87"
"10/10/2025","10/10/2025","10/14/2025","NVDA","NVDA 10/24/2025 Call $195.00","STC","1","$3.90","$389.95"
"10/10/2025","10/10/2025","10/14/2025","NVDA","NVIDIA
CUSIP: 67066G104","Sell","1","$190.24","$190.25"
"10/10/2025","10/10/2025","10/14/2025","TMC","TMC the metals company
CUSIP: 87261Y106","Buy","18","$9.72","($174.97)"
"10/10/2025","10/10/2025","10/14/2025","QQQ","QQQ 10/15/2025 Put $604.00","BTO","1","$4.24","($424.04)"
"10/10/2025","10/10/2025","10/14/2025","RR","RR 10/17/2025 Call $5.00","STC","3","$1.65","$494.87"
"10/10/2025","10/10/2025","10/14/2025","ONDS","Ondas Inc.
CUSIP: 68236H204","Buy","10","$10.24","($102.40)"
"10/10/2025","10/10/2025","10/14/2025","NVDA","NVDA 10/24/2025 Call $195.00","BTO","1","$6.00","($600.04)"
"10/10/2025","10/10/2025","10/14/2025","RKLB","RKLB 10/31/2025 Call $71.00","STC","1","$6.55","$654.95"
"10/10/2025","10/10/2025","10/14/2025","CIFR","Cipher Mining
CUSIP: 17253J106","Buy","25","$19.38","($484.45)"
"10/10/2025","10/10/2025","10/14/2025","RKLB","RKLB 10/31/2025 Call $71.00","BTO","1","$7.10","($710.04)"
"10/10/2025","10/10/2025","10/14/2025","NVDA","NVDA 10/10/2025 Call $185.00","STC","1","$9.65","$964.95"
"10/10/2025","10/10/2025","10/14/2025","CIFR","Cipher Mining
CUSIP: 17253J106","Buy","25","$19.16","($479.13)"
"10/10/2025","10/10/2025","10/14/2025","NAK","Northern Dynasty Minerals
CUSIP: 66510M204","Buy","250","$2.06","($514.93)"
"10/10/2025","10/10/2025","10/14/2025","BURU","Nuburu, Inc.
CUSIP: 67021W301","Sell","1450","$0.52","$747.93"
"10/9/2025","10/9/2025","10/10/2025","PLTR","PLTR 10/17/2025 Call $185.00","BTO","1","$5.89","($589.04)"
"10/9/2025","10/9/2025","10/10/2025","CHWY","CHWY 11/21/2025 Call $37.50","STC","2","$3.13","$625.91"
"10/9/2025","10/9/2025","10/10/2025","PFE","PFE 10/31/2025 Call $25.00","STC","1","$0.83","$82.95"
"10/9/2025","10/9/2025","10/10/2025","BURU","Nuburu, Inc.
CUSIP: 67021W301","Buy","745","$0.51","($379.37)"
"10/9/2025","10/9/2025","10/10/2025","BURU","Nuburu, Inc.
CUSIP: 67021W301","Buy","705","$0.51","($358.94)"
"10/9/2025","10/9/2025","10/10/2025","RR","RR 11/7/2025 Call $7.00","BTO","6","$1.45","($870.25)"
"10/9/2025","10/9/2025","10/10/2025","BURU","Nuburu, Inc.
CUSIP: 67021W301","Sell","3520","$0.47","$1,653.74"
"10/9/2025","10/9/2025","10/10/2025","IREN","IREN 10/31/2025 Call $62.00","BTO","1","$8.98","($898.04)"
"10/9/2025","10/9/2025","10/10/2025","","ACH Deposit","ACH","","","$500.00"
"10/7/2025","10/7/2025","10/8/2025","BURU","Nuburu, Inc.
CUSIP: 67021W301","Buy","1000","$0.40","($396.62)"
"10/7/2025","10/7/2025","10/8/2025","TMQ","TMQ 3/20/2026 Call $5.00","BTO","3","$3.49","($1,047.12)"
"10/7/2025","10/7/2025","10/8/2025","RR","Richtech Robotics
CUSIP: 765504105","Buy","25","$6.94","($173.38)"
"10/7/2025","10/7/2025","10/8/2025","NAK","Northern Dynasty Minerals
CUSIP: 66510M204","Buy","1000","$1.78","($1,778.82)"
"10/7/2025","10/7/2025","10/8/2025","MSFT","MSFT 10/31/2025 Call $515.00","STC","1","$22.45","$2,244.95"
"10/7/2025","10/7/2025","10/8/2025","BURU","Nuburu, Inc.
CUSIP: 67021W301","Buy","1120","$0.35","($389.11)"
"10/7/2025","10/7/2025","10/8/2025","CJET","Chijet Motor Company
CUSIP: G4465R111","Sell","1500","$0.15","$228.25"
"10/7/2025","10/7/2025","10/8/2025","CJET","Chijet Motor Company
CUSIP: G4465R111","Sell","603","$0.15","$91.73"
"10/7/2025","10/7/2025","10/8/2025","CJET","Chijet Motor Company
CUSIP: G4465R111","Sell","230","$0.15","$34.99"
"10/7/2025","10/7/2025","10/8/2025","CJET","Chijet Motor Company
CUSIP: G4465R111","Sell","2","$0.15","$0.30"
"10/7/2025","10/7/2025","10/8/2025","CJET","Chijet Motor Company
CUSIP: G4465R111","Sell","5","$0.15","$0.76"
"10/7/2025","10/7/2025","10/8/2025","CJET","Chijet Motor Company
CUSIP: G4465R111","Sell","10","$0.15","$1.52"
"10/7/2025","10/7/2025","10/8/2025","CJET","Chijet Motor Company
CUSIP: G4465R111","Sell","150","$0.15","$22.83"
"10/7/2025","10/7/2025","10/8/2025","BURU","Nuburu, Inc.
CUSIP: 67021W301","Buy","1400","$0.31","($439.07)"
"10/6/2025","10/6/2025","10/7/2025","RR","Richtech Robotics
CUSIP: 765504105","Buy","50","$6.48","($323.85)"
"10/6/2025","10/6/2025","10/6/2025","OSCR","Stock Lending","SLIP","","","$0.01"
"10/6/2025","10/6/2025","10/6/2025","NLSP","Stock Lending","SLIP","","","$0.01"
"10/6/2025","10/6/2025","10/6/2025","ACHR","Stock Lending","SLIP","","","$0.01"
"10/6/2025","10/6/2025","10/6/2025","FIG","Stock Lending","SLIP","","","$0.01"
"10/6/2025","10/6/2025","10/6/2025","KLAR","Stock Lending","SLIP","","","$0.01"
"10/6/2025","10/6/2025","10/7/2025","QUBT","Quantum Computing
CUSIP: 74766W108","Buy","50","$22.14","($1,106.75)"
"10/6/2025","10/6/2025","10/7/2025","IREN","IREN Limited
CUSIP: Q4982L109","Buy","10","$52.54","($525.40)"
"10/6/2025","10/6/2025","10/7/2025","SOFI","SoFi Technologies
CUSIP: 83406F102","Buy","15","$25.62","($384.30)"
"10/6/2025","10/6/2025","10/7/2025","SOFI","SoFi Technologies
CUSIP: 83406F102","Buy","10","$25.62","($256.20)"
"10/6/2025","10/6/2025","10/7/2025","NVDA","NVIDIA
CUSIP: 67066G104","Buy","1","$188.42","($188.42)"
"10/6/2025","10/6/2025","10/6/2025","","Instant bank transfer - withdrawal fee","RTP","","","($2.63)"
"10/6/2025","10/6/2025","10/6/2025","","Instant bank transfer - account ending in 7703","RTP","","","($147.37)"
"10/6/2025","10/6/2025","10/6/2025","","Instant bank transfer - withdrawal fee","RTP","","","($3.68)"
"10/6/2025","10/6/2025","10/6/2025","","Instant bank transfer - account ending in 7703","RTP","","","($206.32)"
"10/6/2025","10/6/2025","10/6/2025","","Instant bank transfer - account ending in 7703","RTP","","","($58.95)"
"10/6/2025","10/6/2025","10/6/2025","","Instant bank transfer - withdrawal fee","RTP","","","($1.05)"
"10/6/2025","10/6/2025","10/6/2025","","Instant bank transfer - account ending in 7703","RTP","","","($49.00)"
"10/6/2025","10/6/2025","10/6/2025","","Instant bank transfer - withdrawal fee","RTP","","","($1.00)"
"10/6/2025","10/6/2025","10/6/2025","","Instant bank transfer - account ending in 7703","RTP","","","($98.25)"
"10/6/2025","10/6/2025","10/6/2025","","Instant bank transfer - withdrawal fee","RTP","","","($1.75)"
"10/6/2025","10/6/2025","10/6/2025","","Instant bank transfer - account ending in 7703","RTP","","","($98.25)"
"10/6/2025","10/6/2025","10/6/2025","","Instant bank transfer - withdrawal fee","RTP","","","($1.75)"
"10/6/2025","10/6/2025","10/6/2025","","Instant bank transfer - withdrawal fee","RTP","","","($1.75)"
"10/6/2025","10/6/2025","10/6/2025","","Instant bank transfer - account ending in 7703","RTP","","","($98.25)"
"10/6/2025","10/6/2025","10/6/2025","","Instant bank transfer - withdrawal fee","RTP","","","($1.00)"
"10/6/2025","10/6/2025","10/6/2025","","Instant bank transfer - account ending in 7703","RTP","","","($19.00)"
"10/3/2025","10/3/2025","10/6/2025","OPEN","Option Expiration for OPEN 10/3/2025 Call $8.50","OEXP","2S","",""
"10/3/2025","10/3/2025","10/6/2025","CRWV","Option Expiration for CRWV 10/3/2025 Call $137.00","OEXP","1S","",""
"10/3/2025","10/3/2025","10/3/2025","","Instant bank transfer - account ending in 7703","RTP","","","($49.00)"
"10/3/2025","10/3/2025","10/3/2025","","Instant bank transfer - withdrawal fee","RTP","","","($1.00)"
"10/3/2025","10/3/2025","10/3/2025","","Instant bank transfer - account ending in 7703","RTP","","","($98.25)"
"10/3/2025","10/3/2025","10/3/2025","","Instant bank transfer - withdrawal fee","RTP","","","($1.75)"
"10/3/2025","10/3/2025","10/6/2025","AMD","AMD 10/3/2025 Call $162.50","STC","1","$2.21","$220.95"
"10/3/2025","10/3/2025","10/6/2025","RR","Richtech Robotics
CUSIP: 765504105","Buy","50","$5.98","($299.00)"
"10/3/2025","10/3/2025","10/6/2025","UUUU","UUUU 10/3/2025 Call $15.00","STC","1","$1.75","$174.95"
"10/3/2025","10/3/2025","10/6/2025","ONDS","Ondas Inc.
CUSIP: 68236H204","Buy","25","$9.59","($239.75)"
"10/3/2025","10/3/2025","10/6/2025","RR","Richtech Robotics
CUSIP: 765504105","Buy","100","$6.15","($614.62)"
"10/3/2025","10/3/2025","10/6/2025","ONDS","Ondas Inc.
CUSIP: 68236H204","Buy","25","$9.74","($243.63)"
"10/3/2025","10/3/2025","10/6/2025","ONDS","Ondas Inc.
CUSIP: 68236H204","Buy","100","$9.86","($985.62)"
"10/3/2025","10/3/2025","10/6/2025","MSFT","MSFT 10/31/2025 Call $515.00","BTO","1","$19.43","($1,943.04)"
"10/3/2025","10/3/2025","10/3/2025","","Instant bank transfer - account ending in 7703","RTP","","","($147.37)"
"10/3/2025","10/3/2025","10/3/2025","","Instant bank transfer - withdrawal fee","RTP","","","($2.63)"
"10/2/2025","10/2/2025","10/3/2025","UNH","UNH 10/31/2025 Call $350.00","BTO","1","$21.45","($2,145.04)"
"10/2/2025","10/2/2025","10/3/2025","UNH","UNH 10/3/2025 Call $337.50","STC","1","$11.00","$1,099.95"
"10/2/2025","10/2/2025","10/3/2025","BABA","BABA 10/3/2025 Call $180.00","STC","1","$9.30","$929.95"
"10/2/2025","10/2/2025","10/3/2025","HOOD","HOOD 10/3/2025 Call $123.00","STC","1","$19.20","$1,919.95"
"10/2/2025","10/2/2025","10/3/2025","MU","MU 10/3/2025 Call $167.50","STC","1","$14.65","$1,464.95"
"10/2/2025","10/2/2025","10/3/2025","PFE","PFE 10/31/2025 Call $25.00","STC","1","$2.19","$218.95"
"10/2/2025","10/2/2025","10/3/2025","BIDU","BIDU 10/3/2025 Call $135.00","STC","1","$8.75","$874.95"
"10/1/2025","10/1/2025","10/2/2025","LAC","LAC 10/17/2025 Call $3.50","BTO","1","$3.90","($390.04)"
"10/1/2025","10/1/2025","10/2/2025","PFE","PFE 10/31/2025 Call $25.00","STC","1","$1.90","$189.95"
"10/1/2025","10/1/2025","10/2/2025","CJET","Chijet Motor Company
CUSIP: G4465R111","Buy","815","$0.50","($407.52)"
"10/1/2025","10/1/2025","10/2/2025","CJET","Chijet Motor Company
CUSIP: G4465R111","Buy","185","$0.50","($92.50)"
"10/1/2025","10/1/2025","10/2/2025","CJET","Chijet Motor Company
CUSIP: G4465R111","Buy","1400","$0.50","($700.03)"
"10/1/2025","10/1/2025","10/2/2025","CJET","Chijet Motor Company
CUSIP: G4465R111","Buy","100","$0.50","($50.00)"
"10/1/2025","10/1/2025","10/2/2025","PFE","PFE 10/3/2025 Call $24.50","STC","1","$1.32","$131.95"
"9/30/2025","9/30/2025","9/30/2025","","Interest Payment","INT","","","$1.10"
"9/30/2025","9/30/2025","10/1/2025","PFE","PFE 10/31/2025 Call $25.00","STC","3","$1.10","$329.87"
"9/30/2025","9/30/2025","10/1/2025","PFE","PFE 10/3/2025 Call $24.50","STC","1","$1.07","$106.95"
"9/30/2025","9/30/2025","10/1/2025","NVDA","NVDA 10/10/2025 Call $185.00","BTO","1","$5.85","($585.04)"
"9/30/2025","9/30/2025","10/1/2025","CNC","CNC 10/3/2025 Call $35.00","STC","1","$1.00","$99.95"
"9/30/2025","9/30/2025","10/1/2025","FIGR","Figure Technology Solutions
CUSIP: 349381103","Sell","1","$36.41","$36.41"
"9/30/2025","9/30/2025","10/1/2025","FIG","Figma
CUSIP: 316841105","Sell","1","$52.67","$52.67"
"9/30/2025","9/30/2025","10/1/2025","NLSP","NLS Pharmaceutics
CUSIP: H57830137","Sell","111","$2.01","$223.10"
"9/30/2025","9/30/2025","10/1/2025","PFE","PFE 10/31/2025 Call $25.00","BTO","1","$0.69","($69.04)"
"9/30/2025","9/30/2025","10/1/2025","PFE","PFE 10/31/2025 Call $25.00","BTO","2","$0.69","($138.08)"
"9/30/2025","9/30/2025","10/1/2025","PFE","PFE 10/31/2025 Call $25.00","BTO","3","$0.69","($207.12)"
"9/30/2025","9/30/2025","10/1/2025","PFE","PFE 10/3/2025 Call $24.50","BTO","2","$0.38","($76.08)"
"9/30/2025","9/30/2025","10/1/2025","OSCR","Oscar Health
CUSIP: 687793109","Sell","6","$19.67","$118.04"
"9/30/2025","9/30/2025","9/30/2025","","Instant bank transfer - withdrawal fee","RTP","","","($3.50)"
"9/30/2025","9/30/2025","9/30/2025","","Instant bank transfer - account ending in 7703","RTP","","","($196.50)"
"9/30/2025","9/30/2025","9/30/2025","","Instant bank transfer - account ending in 7703","RTP","","","($147.37)"
"9/30/2025","9/30/2025","9/30/2025","","Instant bank transfer - withdrawal fee","RTP","","","($2.63)"
"9/30/2025","9/30/2025","10/1/2025","CRWV","CRWV 10/3/2025 Call $137.00","BTO","1","$5.92","($592.04)"
"9/30/2025","9/30/2025","9/30/2025","","Gold Subscription Fee","GOLD","","","($5.00)"
"9/30/2025","9/30/2025","9/30/2025","","Aggregated Margin Rate","MINT","","","($2.46)"
"9/29/2025","9/29/2025","9/30/2025","AMD","AMD 10/3/2025 Call $162.50","BTO","1","$3.67","($367.04)"
"9/29/2025","9/29/2025","9/30/2025","ONDS","ONDS 1/16/2026 Call $10.00","BTO","1","$1.97","($197.04)"
"9/29/2025","9/29/2025","9/30/2025","ONDS","ONDS 1/16/2026 Call $10.00","BTO","2","$1.97","($394.08)"
"9/29/2025","9/29/2025","9/30/2025","CHWY","CHWY 11/21/2025 Call $37.50","STC","1","$4.05","$404.95"
"9/29/2025","9/29/2025","9/30/2025","BABA","BABA 10/3/2025 Call $180.00","BTO","1","$4.05","($405.04)"
"9/29/2025","9/29/2025","9/30/2025","LAC","Lithium Americas
CUSIP: 53681J103","Sell","423","$6.02","$2,546.38"
"9/29/2025","9/29/2025","9/30/2025","UUUU","UUUU 10/3/2025 Call $15.00","STC","1","$2.15","$214.95"
"9/26/2025","9/26/2025","9/29/2025","META","Option Expiration for META 9/26/2025 Call $782.50","OEXP","1S","",""
"9/26/2025","9/26/2025","9/29/2025","BBAI","Option Expiration for BBAI 9/26/2025 Call $7.50","OEXP","5S","",""
"9/26/2025","9/26/2025","9/29/2025","AMZN","Option Expiration for AMZN 9/26/2025 Put $215.00","OEXP","1S","",""
"9/26/2025","9/26/2025","9/29/2025","DIS","DIS 9/26/2025 Call $112.00","STC","1","$1.19","$118.95"
"9/26/2025","9/26/2025","9/29/2025","SOFI","SOFI 9/26/2025 Call $27.50","STC","2","$0.46","$91.91"
"9/26/2025","9/26/2025","9/29/2025","CNC","CNC 10/3/2025 Call $35.00","BTO","1","$1.14","($114.04)"
"9/25/2025","9/25/2025","9/26/2025","AMZN","AMZN 9/26/2025 Put $215.00","BTO","1","$0.72","($72.04)"
"9/25/2025","9/25/2025","9/26/2025","OSCR","Oscar Health
CUSIP: 687793109","Sell","1","$17.93","$17.93"
"9/25/2025","9/25/2025","9/26/2025","OPEN","OPEN 10/3/2025 Call $8.50","BTO","2","$0.99","($198.08)"
"9/25/2025","9/25/2025","9/26/2025","BIDU","BIDU 10/3/2025 Call $135.00","BTO","1","$4.99","($499.04)"
"9/25/2025","9/25/2025","9/26/2025","KLAR","Klarna Group
CUSIP: G5279N105","Sell","12","$42.15","$505.83"
"9/24/2025","9/24/2025","9/25/2025","LAC","Lithium Americas
CUSIP: 53681J103","Buy","31","$5.84","($181.03)"
"9/24/2025","9/24/2025","9/25/2025","LAC","Lithium Americas
CUSIP: 53681J103","Buy","50","$5.95","($297.32)"
"9/24/2025","9/24/2025","9/25/2025","LAC","Lithium Americas
CUSIP: 53681J103","Buy","75","$6.01","($450.70)"
"9/24/2025","9/24/2025","9/25/2025","DIS","DIS 9/26/2025 Call $112.00","STC","2","$2.30","$459.91"
"9/24/2025","9/24/2025","9/25/2025","LAC","Lithium Americas
CUSIP: 53681J103","Buy","217","$6.12","($1,326.96)"
"9/24/2025","9/24/2025","9/25/2025","UUUU","UUUU 10/3/2025 Call $15.00","STC","2","$3.35","$669.91"
"9/24/2025","9/24/2025","9/25/2025","LAC","Lithium Americas
CUSIP: 53681J103","Buy","50","$5.79","($289.50)"
"9/23/2025","9/23/2025","9/23/2025","UNH","Cash Div: R/D 2025-09-15 P/D 2025-09-23 - 0.017361 shares at 2.21","CDIV","","","$0.04"
"9/23/2025","9/23/2025","9/24/2025","MU","MU 10/3/2025 Call $167.50","BTO","1","$9.51","($951.04)"
"9/23/2025","9/23/2025","9/24/2025","SOFI","SOFI 9/26/2025 Call $27.50","STC","4","$2.45","$979.83"
"9/23/2025","9/23/2025","9/24/2025","CHWY","CHWY 11/21/2025 Call $37.50","BTO","1","$3.05","($305.04)"
"9/23/2025","9/23/2025","9/24/2025","CHWY","CHWY 11/21/2025 Call $37.50","BTO","1","$3.05","($305.04)"
"9/23/2025","9/23/2025","9/24/2025","CHWY","CHWY 11/21/2025 Call $37.50","BTO","1","$3.05","($305.04)"
"9/23/2025","9/23/2025","9/24/2025","BBAI","BBAI 9/26/2025 Call $7.50","BTO","2","$0.74","($148.08)"
"9/23/2025","9/23/2025","9/24/2025","BBAI","BBAI 9/26/2025 Call $7.50","BTO","3","$0.74","($222.12)"
"9/23/2025","9/23/2025","9/24/2025","ORCL","ORCL 10/3/2025 Call $310.00","STC","1","$11.80","$1,179.95"
"9/22/2025","9/22/2025","9/23/2025","DIS","DIS 9/26/2025 Call $112.00","BTO","1","$1.83","($183.04)"
"9/22/2025","9/22/2025","9/23/2025","DIS","DIS 9/26/2025 Call $112.00","BTO","2","$1.83","($366.08)"
"9/22/2025","9/22/2025","9/23/2025","RR","RR 10/17/2025 Call $5.00","BTO","3","$1.14","($342.12)"
"9/22/2025","9/22/2025","9/23/2025","RR","RR 10/17/2025 Call $5.00","BTO","3","$1.14","($342.12)"
"9/22/2025","9/22/2025","9/23/2025","UNH","UNH 10/3/2025 Call $337.50","BTO","1","$9.80","($980.04)"
"9/22/2025","9/22/2025","9/23/2025","META","META 9/26/2025 Call $782.50","BTO","1","$10.45","($1,045.04)"
"9/22/2025","9/22/2025","9/23/2025","ORCL","ORCL 10/3/2025 Call $310.00","BTO","1","$11.89","($1,189.04)"
"9/22/2025","9/22/2025","9/23/2025","BBAI","BBAI 9/26/2025 Call $5.50","STC","8","$1.15","$919.64"
"9/22/2025","9/22/2025","9/23/2025","RR","RR 10/17/2025 Call $3.00","STC","1","$1.50","$149.95"
"9/22/2025","9/22/2025","9/23/2025","RR","RR 10/17/2025 Call $3.00","STC","2","$1.50","$299.91"
"9/22/2025","9/22/2025","9/23/2025","RR","RR 10/17/2025 Call $3.00","STC","2","$1.50","$299.91"
"9/19/2025","9/19/2025","9/22/2025","IREN","IREN 9/19/2025 Call $33.00","OEXCS","1S","",""
"9/19/2025","9/19/2025","9/22/2025","IREN","IREN Limited
CUSIP: Q4982L109
1 IREN Option Exercised","Buy","100","$33.00","($3,300.00)"
"9/19/2025","9/19/2025","9/22/2025","HOOD","HOOD 10/3/2025 Call $123.00","BTO","1","$5.75","($575.04)"
"9/19/2025","9/19/2025","9/22/2025","UUUU","UUUU 10/3/2025 Call $15.00","BTO","4","$1.25","($500.16)"
"9/19/2025","9/19/2025","9/22/2025","HIMS","HIMS 9/19/2025 Call $49.50","STC","1","$8.55","$854.95"
"9/19/2025","9/19/2025","9/22/2025","UNH","UNH 9/19/2025 Call $340.00","STC","1","$0.14","$13.95"
"9/19/2025","9/19/2025","9/22/2025","OKLO","OKLO 9/19/2025 Call $109.00","STC","1","$23.40","$2,339.95"
"9/19/2025","9/19/2025","9/22/2025","CRWV","CRWV 9/19/2025 Call $119.00","STC","1","$5.45","$544.95"
"9/18/2025","9/18/2025","9/19/2025","UUUU","UUUU 9/26/2025 Call $14.00","STC","1","$0.85","$84.95"
"9/18/2025","9/18/2025","9/19/2025","UUUU","UUUU 9/26/2025 Call $14.00","STC","1","$0.85","$84.95"
"9/18/2025","9/18/2025","9/19/2025","UUUU","UUUU 9/26/2025 Call $14.00","STC","1","$0.85","$84.95"
"9/18/2025","9/18/2025","9/19/2025","OKLO","OKLO 9/19/2025 Call $109.00","BTO","1","$3.80","($380.04)"
"9/18/2025","9/18/2025","9/19/2025","UUUU","UUUU 9/26/2025 Call $14.00","BTO","3","$0.95","($285.12)"
"9/18/2025","9/18/2025","9/19/2025","UNH","UNH 9/19/2025 Call $340.00","BTO","1","$4.40","($440.04)"
"9/18/2025","9/18/2025","9/19/2025","PLTR","PLTR 9/19/2025 Call $170.00","STC","1","$4.95","$494.95"
"9/18/2025","9/18/2025","9/19/2025","CHWY","CHWY 9/19/2025 Call $35.50","STC","1","$2.55","$254.95"
"9/18/2025","9/18/2025","9/19/2025","CHWY","CHWY 9/19/2025 Call $35.50","STC","2","$2.55","$509.91"
"9/16/2025","9/16/2025","9/17/2025","RR","RR 10/17/2025 Call $3.00","BTO","5","$1.25","($625.21)"
"9/16/2025","9/16/2025","9/17/2025","BBAI","BBAI 9/26/2025 Call $5.50","BTO","8","$0.70","($560.34)"
"9/15/2025","9/15/2025","9/16/2025","HOOD","HOOD 10/31/2025 Call $114.00","BTO","1","$10.67","($1,067.04)"
"9/15/2025","9/15/2025","9/16/2025","CRWV","CRWV 9/19/2025 Call $119.00","BTO","1","$5.25","($525.04)"
"9/15/2025","9/15/2025","9/16/2025","SOFI","SOFI 9/26/2025 Call $27.50","BTO","6","$1.30","($780.25)"
"9/12/2025","9/12/2025","9/15/2025","AEO","Option Expiration for AEO 9/12/2025 Call $19.50","OEXP","2S","",""
"9/12/2025","9/12/2025","9/15/2025","PLTR","PLTR 9/19/2025 Call $170.00","BTO","1","$5.25","($525.04)"
"9/12/2025","9/12/2025","9/15/2025","OPEN","OPEN 9/12/2025 Call $3.50","STC","2","$5.50","$1,099.91"
"9/12/2025","9/12/2025","9/15/2025","ACHR","ACHR 9/12/2025 Call $8.00","STC","5","$0.72","$359.78"
"9/12/2025","9/12/2025","9/15/2025","MRVL","MRVL 9/12/2025 Call $67.00","STC","2","$0.43","$85.91"
"9/12/2025","9/12/2025","9/15/2025","ACHR","ACHR 9/12/2025 Call $8.00","STC","4","$0.71","$283.83"
"9/12/2025","9/12/2025","9/15/2025","UNH","UNH 9/12/2025 Call $317.50","STC","1","$36.70","$3,669.95"
"9/11/2025","9/11/2025","9/11/2025","","ACH REVERSAL","ACH","","","($0.07)"
"9/11/2025","9/11/2025","9/11/2025","","ACH REVERSAL","ACH","","","($600.00)"
"9/11/2025","9/11/2025","9/11/2025","","ACH REVERSAL","ACH","","","($193.85)"
"9/11/2025","9/11/2025","9/12/2025","AEO","AEO 9/12/2025 Call $19.50","BTO","2","$0.34","($68.08)"
"9/11/2025","9/11/2025","9/12/2025","IREN","IREN 9/19/2025 Call $33.00","BTO","1","$1.91","($191.04)"
"9/11/2025","9/11/2025","9/12/2025","CHWY","CHWY 9/19/2025 Call $35.50","BTO","1","$1.16","($116.04)"
"9/11/2025","9/11/2025","9/12/2025","CHWY","CHWY 9/19/2025 Call $35.50","BTO","2","$1.16","($232.08)"
"9/11/2025","9/11/2025","9/12/2025","FIGR","Figure Technology Solutions
CUSIP: 349381103
Primary Issue","Buy","1","$25.00","($25.00)"
"9/10/2025","9/10/2025","9/11/2025","ACHR","ACHR 9/12/2025 Call $8.00","BTO","9","$0.39","($351.38)"
"9/10/2025","9/10/2025","9/11/2025","","ACH Deposit","ACH","","","$0.50"
"9/10/2025","9/10/2025","9/11/2025","","ACH Deposit","ACH","","","$0.07"
"9/10/2025","9/10/2025","9/11/2025","","ACH Deposit","ACH","","","$193.85"
"9/10/2025","9/10/2025","9/11/2025","ACHR","Archer Aviation
CUSIP: 03945R102","Sell","37.9","$8.32","$315.14"
"9/10/2025","9/10/2025","9/11/2025","HIMS","HIMS 9/19/2025 Call $49.50","BTO","1","$2.60","($260.04)"
"9/10/2025","9/10/2025","9/11/2025","","ACH Deposit","ACH","","","$480.00"
"9/10/2025","9/10/2025","9/11/2025","PYPL","PayPal
CUSIP: 70450Y103","Sell","6","$66.50","$398.97"
"9/10/2025","9/10/2025","9/11/2025","PYPL","PayPal
CUSIP: 70450Y103","Sell","0.8","$66.50","$53.20"
"9/10/2025","9/10/2025","9/11/2025","KLAR","Klarna Group
CUSIP: G5279N105
Primary Issue","Buy","12","$40.00","($480.00)"
"9/10/2025","9/10/2025","9/11/2025","","ACH Deposit","ACH","","","$600.00"
"9/9/2025","9/9/2025","9/10/2025","MRVL","MRVL 9/12/2025 Call $67.00","BTO","1","$1.13","($113.04)"
"9/9/2025","9/9/2025","9/10/2025","MRVL","MRVL 9/12/2025 Call $67.00","BTO","1","$1.13","($113.04)"
"9/8/2025","9/8/2025","9/9/2025","UNH","UNH 9/12/2025 Call $317.50","BTO","1","$6.20","($620.04)"
"9/8/2025","9/8/2025","9/8/2025","NLSP","Stock Lending","SLIP","","","$0.11"
"9/8/2025","9/8/2025","9/8/2025","ACHR","Stock Lending","SLIP","","","$0.01"
"9/8/2025","9/8/2025","9/8/2025","FIG","Stock Lending","SLIP","","","$0.01"
"9/8/2025","9/8/2025","9/8/2025","OSCR","Stock Lending","SLIP","","","$0.01"
"9/5/2025","9/5/2025","9/8/2025","SOFI","SOFI 9/5/2025 Call $25.00","STC","2","$0.57","$113.91"
"9/5/2025","9/5/2025","9/8/2025","SOFI","SOFI 9/5/2025 Call $25.00","STC","1","$0.57","$56.95"
"9/4/2025","9/4/2025","9/5/2025","SOFI","SOFI 9/5/2025 Call $25.00","BTO","3","$0.69","($207.12)"
"9/4/2025","9/4/2025","9/5/2025","AEO","AEO 9/5/2025 Call $17.50","STC","2","$1.18","$235.91"
"9/4/2025","9/4/2025","9/5/2025","AEO","AEO 9/5/2025 Call $17.50","BTO","2","$0.72","($144.08)"
"9/2/2025","9/2/2025","9/2/2025","","Gold Subscription Fee","GOLD","","","($5.00)"
"8/29/2025","8/29/2025","8/29/2025","","Interest Payment","INT","","","$0.21"
"8/29/2025","8/29/2025","9/2/2025","SOFI","SOFI 8/29/2025 Call $23.50","STC","1","$1.97","$196.95"
"8/18/2025","8/18/2025","8/19/2025","OPEN","OPEN 9/12/2025 Call $3.50","BTO","1","$0.78","($78.04)"
"8/18/2025","8/18/2025","8/19/2025","OPEN","OPEN 9/12/2025 Call $3.50","BTO","1","$0.79","($79.04)"
"8/15/2025","8/15/2025","8/18/2025","ABAT","Option Expiration for ABAT 8/15/2025 Call $4.00","OEXP","2S","",""
"8/15/2025","8/15/2025","8/18/2025","VTR","VTR 8/15/2025 Call $67.50","STC","2","$0.13","$25.91"
"8/15/2025","8/15/2025","8/18/2025","SOFI","SOFI 8/29/2025 Call $23.50","BTO","1","$1.15","($115.04)"
"8/15/2025","8/15/2025","8/18/2025","","ACH Deposit","ACH","","","$0.12"
"8/7/2025","8/7/2025","8/7/2025","OSCR","Stock Lending","SLIP","","","$0.01"
"8/7/2025","8/7/2025","8/7/2025","ACHR","Stock Lending","SLIP","","","$0.01"
"8/4/2025","8/4/2025","8/5/2025","FIG","Figma
CUSIP: 316841105","Sell","8","$99.60","$796.81"
"8/1/2025","8/1/2025","8/4/2025","AMZN","Option Expiration for AMZN 8/1/2025 Call $237.50","OEXP","1S","",""
"8/1/2025","8/1/2025","8/4/2025","SOFI","Option Expiration for SOFI 8/1/2025 Call $24.00","OEXP","1S","",""
"8/1/2025","8/1/2025","8/4/2025","AMZN","Option Expiration for AMZN 8/1/2025 Call $232.50","OEXP","1S","",""
"8/1/2025","8/1/2025","8/1/2025","","Gold Subscription Fee","GOLD","","","($5.00)"
"8/1/2025","8/1/2025","8/4/2025","","ACH Deposit","ACH","","","$5.00"
"7/31/2025","7/31/2025","7/31/2025","","Interest Payment","INT","","","$0.07"
"7/31/2025","7/31/2025","8/1/2025","FIG","Figma
CUSIP: 316841105","Buy","8","$104.18","($833.40)"
"7/31/2025","7/31/2025","8/1/2025","AMZN","AMZN 8/1/2025 Call $232.50","BTO","1","$7.84","($784.04)"
"7/31/2025","7/31/2025","8/1/2025","IREN","IREN Limited
CUSIP: Q4982L109","Sell","45","$16.76","$754.43"
"7/31/2025","7/31/2025","8/1/2025","HOVR","New Horizon Aircraft Ltd.
CUSIP: 64550A107","Sell","279","$1.50","$419.48"
"7/31/2025","7/31/2025","8/1/2025","AMZN","AMZN 8/1/2025 Call $237.50","BTO","1","$5.46","($546.04)"
"7/31/2025","7/31/2025","8/1/2025","FIG","Figma
CUSIP: 316841105","Buy","1","$33.00","($33.00)"
"7/29/2025","7/29/2025","7/30/2025","SOFI","SOFI 8/1/2025 Call $24.00","BTO","1","$0.84","($84.04)"
"7/29/2025","7/29/2025","7/30/2025","","ACH Deposit","ACH","","","$121.89"
"7/28/2025","7/28/2025","7/29/2025","OPEN","Opendoor Technologies
CUSIP: 683712103","Sell","200","$2.36","$471.11"
"7/28/2025","7/28/2025","7/29/2025","OPEN","Opendoor Technologies
CUSIP: 683712103","Sell","100","$2.35","$234.98"
"7/25/2025","7/25/2025","7/28/2025","KULR","Option Expiration for KULR 7/25/2025 Call $7.00","OEXP","2S","",""
"7/25/2025","7/25/2025","7/28/2025","CART","Option Expiration for CART 7/25/2025 Call $49.50","OEXP","2S","",""
"7/25/2025","7/25/2025","7/28/2025","OPEN","OPEN 7/25/2025 Call $2.00","OEXCS","3S","",""
"7/25/2025","7/25/2025","7/28/2025","OPEN","Opendoor Technologies
CUSIP: 683712103
3 OPEN Options Exercised","Buy","300","$2.00","($600.00)"
"7/25/2025","7/25/2025","7/28/2025","OSCR","Option Expiration for OSCR 7/25/2025 Call $24.00","OEXP","4S","",""
"7/25/2025","7/25/2025","7/28/2025","IREN","Option Expiration for IREN 7/25/2025 Call $20.50","OEXP","2S","",""
"7/25/2025","7/25/2025","7/28/2025","OSCR","Option Expiration for OSCR 7/25/2025 Call $25.00","OEXP","5S","",""
"7/25/2025","7/25/2025","7/28/2025","BABA","Option Expiration for BABA 7/25/2025 Call $124.00","OEXP","2S","",""
"7/25/2025","7/25/2025","7/28/2025","OPEN","OPEN 7/25/2025 Call $2.00","STC","1","$0.47","$46.95"
"7/23/2025","7/23/2025","7/24/2025","ABAT","ABAT 8/15/2025 Call $4.00","BTO","2","$0.27","($54.08)"
"7/21/2025","7/21/2025","7/22/2025","IREN","IREN 7/25/2025 Call $20.50","BTO","2","$0.94","($188.08)"
"7/18/2025","7/18/2025","7/21/2025","BBAI","Option Expiration for BBAI 7/18/2025 Call $9.00","OEXP","3S","",""
"7/18/2025","7/18/2025","7/21/2025","PYPL","Option Expiration for PYPL 7/18/2025 Call $80.00","OEXP","2S","",""
"7/18/2025","7/18/2025","7/21/2025","OSCR","Option Expiration for OSCR 7/18/2025 Call $21.00","OEXP","1S","",""
"7/18/2025","7/18/2025","7/21/2025","PLTR","PLTR 7/18/2025 Call $150.00","STC","1","$3.10","$309.95"
"7/18/2025","7/18/2025","7/21/2025","RGTI","RGTI 7/18/2025 Call $15.00","STC","2","$2.14","$427.91"
"7/18/2025","7/18/2025","7/21/2025","VTR","VTR 8/15/2025 Call $67.50","BTO","2","$0.94","($188.08)"
"7/18/2025","7/18/2025","7/21/2025","KULR","KULR 7/25/2025 Call $7.00","BTO","1","$0.50","($50.04)"
"7/18/2025","7/18/2025","7/21/2025","KULR","KULR 7/25/2025 Call $7.00","BTO","1","$0.50","($50.04)"
"7/18/2025","7/18/2025","7/18/2025","UNH","UnitedHealth
CUSIP: 91324P102","REC","0.0174","",""
"7/17/2025","7/17/2025","7/18/2025","OPEN","OPEN 7/25/2025 Call $2.00","BTO","4","$0.35","($140.16)"
"7/17/2025","7/17/2025","7/18/2025","","ACH Deposit","ACH","","","$500.00"
"7/16/2025","7/16/2025","7/17/2025","CART","CART 7/25/2025 Call $49.50","BTO","2","$0.96","($192.08)"
"7/16/2025","7/16/2025","7/17/2025","SBET","SBET 7/18/2025 Call $34.00","STC","1","$2.00","$199.95"
"7/16/2025","7/16/2025","7/17/2025","SBET","SBET 7/18/2025 Call $34.00","BTO","1","$3.06","($306.04)"
"7/16/2025","7/16/2025","7/17/2025","SBET","SBET 7/18/2025 Call $35.00","STC","1","$2.25","$224.95"
"7/16/2025","7/16/2025","7/17/2025","SBET","SBET 7/18/2025 Call $35.00","BTO","1","$2.89","($289.04)"
"7/16/2025","7/16/2025","7/17/2025","BABA","BABA 7/25/2025 Call $124.00","BTO","2","$0.54","($108.08)"
"7/16/2025","7/16/2025","7/17/2025","SBET","SBET 7/18/2025 Call $29.00","STC","1","$5.70","$569.95"
"7/16/2025","7/16/2025","7/17/2025","","ACH Deposit","ACH","","","$350.00"
"7/15/2025","7/15/2025","7/16/2025","SBET","SBET 7/18/2025 Call $29.00","BTO","1","$2.58","($258.04)"
"7/14/2025","7/14/2025","7/15/2025","PLTR","PLTR 7/18/2025 Call $150.00","BTO","1","$2.86","($286.04)"
"7/14/2025","7/14/2025","7/15/2025","PLTR","PLTR 7/18/2025 Call $150.00","STC","1","$2.87","$286.95"
"7/14/2025","7/14/2025","7/15/2025","PLTR","PLTR 7/18/2025 Call $150.00","BTO","1","$2.93","($293.04)"
"7/11/2025","7/11/2025","7/14/2025","BBAI","Option Expiration for BBAI 7/11/2025 Call $8.00","OEXP","2S","",""
"7/8/2025","7/8/2025","7/8/2025","ACHR","Stock Lending","SLIP","","","$0.01"
"7/7/2025","7/7/2025","7/8/2025","RGTI","RGTI 7/18/2025 Call $15.00","BTO","1","$0.54","($54.04)"
"7/7/2025","7/7/2025","7/8/2025","RGTI","RGTI 7/18/2025 Call $15.00","BTO","1","$0.55","($55.04)"
"7/2/2025","7/2/2025","7/3/2025","BBAI","BBAI 7/11/2025 Call $8.00","BTO","1","$0.55","($55.04)"
"7/2/2025","7/2/2025","7/3/2025","BBAI","BBAI 7/11/2025 Call $8.00","BTO","1","$0.55","($55.04)"
"7/2/2025","7/2/2025","7/3/2025","PYPL","PYPL 7/18/2025 Call $80.00","BTO","1","$0.56","($56.04)"
"7/2/2025","7/2/2025","7/3/2025","PYPL","PYPL 7/18/2025 Call $80.00","BTO","1","$0.56","($56.04)"
"7/2/2025","7/2/2025","7/3/2025","BBAI","BBAI 7/18/2025 Call $9.00","BTO","1","$0.55","($55.04)"
"7/2/2025","7/2/2025","7/3/2025","BBAI","BBAI 7/18/2025 Call $9.00","BTO","1","$0.55","($55.04)"
"7/2/2025","7/2/2025","7/3/2025","BBAI","BBAI 7/18/2025 Call $9.00","BTO","1","$0.55","($55.04)"
"7/2/2025","7/2/2025","7/2/2025","","External debit card transfer - account ending in 8200","DCF","","","$25.04"
"7/2/2025","7/2/2025","7/2/2025","","External debit card transfer - account ending in 8200","DCF","","","$137.21"
"7/2/2025","7/2/2025","7/3/2025","NLSP","NLS Pharmaceutics
CUSIP: H57830137","Buy","111","$2.67","($295.95)"
"7/2/2025","7/2/2025","7/3/2025","ACHR","Archer Aviation
CUSIP: 03945R102","Sell","30","$9.96","$298.82"
"7/2/2025","7/2/2025","7/3/2025","","ACH Deposit","ACH","","","$4.00"
"7/2/2025","7/2/2025","7/2/2025","","Gold Subscription Fee","GOLD","","","($5.00)"
"7/1/2025","7/1/2025","7/2/2025","OSCR","OSCR 7/18/2025 Call $21.00","BTO","1","$1.44","($144.04)"
"7/1/2025","7/1/2025","7/1/2025","","External debit card transfer - account ending in 8200","DCF","","","$35.00"
"7/1/2025","7/1/2025","7/2/2025","","ACH Deposit","ACH","","","$100.50"
"7/1/2025","7/1/2025","7/2/2025","OSCR","OSCR 7/25/2025 Call $24.00","BTO","4","$0.79","($316.16)"
"7/1/2025","7/1/2025","7/2/2025","OSCR","OSCR 7/25/2025 Call $25.00","BTO","5","$0.65","($325.21)"
"7/1/2025","7/1/2025","7/1/2025","","External debit card transfer - account ending in 8200","DCF","","","$650.00"
"6/30/2025","6/30/2025","6/30/2025","","Interest Payment","INT","","","$0.88"
"6/30/2025","6/30/2025","7/1/2025","ACHR","Archer Aviation
CUSIP: 03945R102","Buy","0.9","$10.72","($9.65)"
"6/30/2025","6/30/2025","7/1/2025","ACHR","Archer Aviation
CUSIP: 03945R102","Buy","2","$10.72","($21.44)"
"6/30/2025","6/30/2025","7/1/2025","IREN","IREN Limited
CUSIP: Q4982L109","Buy","45","$14.99","($674.45)"
"6/30/2025","6/30/2025","6/30/2025","","External debit card transfer - account ending in 8200","DCF","","","$700.00"
"6/26/2025","6/26/2025","6/27/2025","PYPL","PayPal
CUSIP: 70450Y103","Buy","3.8","$72.68","($276.20)"
"6/26/2025","6/26/2025","6/27/2025","HOVR","New Horizon Aircraft Ltd.
CUSIP: 64550A107","Sell","200","$1.39","$278.25"
"6/26/2025","6/26/2025","6/27/2025","PYPL","PayPal
CUSIP: 70450Y103","Buy","3","$72.70","($218.09)"
"6/26/2025","6/26/2025","6/27/2025","HOVR","New Horizon Aircraft Ltd.
CUSIP: 64550A107","Buy","200","$1.40","($280.00)"
"6/26/2025","6/26/2025","6/26/2025","","External debit card transfer - account ending in 8200","DCF","","","$500.00"
"6/26/2025","6/26/2025","6/27/2025","HOVR","New Horizon Aircraft Ltd.
CUSIP: 64550A107","Buy","6","$1.54","($9.27)"
"6/20/2025","6/20/2025","6/23/2025","","ACH CANCEL","ACH","","","($350.00)"
"6/20/2025","6/20/2025","6/23/2025","","ACH Deposit","ACH","","","$350.00"
"6/20/2025","6/20/2025","6/23/2025","ACHR","Archer Aviation
CUSIP: 03945R102","Buy","15","$10.24","($153.68)"
"6/20/2025","6/20/2025","6/23/2025","HOVR","New Horizon Aircraft Ltd.
CUSIP: 64550A107","Buy","65","$2.10","($136.18)"
"6/20/2025","6/20/2025","6/20/2025","","External debit card transfer - account ending in 8200","DCF","","","$300.00"
"6/20/2025","6/20/2025","6/23/2025","HOVR","New Horizon Aircraft Ltd.
CUSIP: 64550A107","Buy","8","$2.22","($17.72)"
"6/20/2025","6/20/2025","6/23/2025","OSCR","Oscar Health
CUSIP: 687793109","Buy","7","$21.13","($147.91)"
"6/20/2025","6/20/2025","6/23/2025","HOVR","New Horizon Aircraft Ltd.
CUSIP: 64550A107","Buy","100","$2.47","($247.00)"
"6/20/2025","6/20/2025","6/23/2025","HOVR","New Horizon Aircraft Ltd.
CUSIP: 64550A107","Buy","100","$2.47","($247.00)"
"6/20/2025","6/20/2025","6/23/2025","ACHR","Archer Aviation
CUSIP: 03945R102","Buy","50","$10.35","($517.50)"
"6/20/2025","6/20/2025","6/20/2025","","External debit card transfer - account ending in 8200","DCF","","","$1,000.00"
"6/20/2025","6/20/2025","6/23/2025","","ACH CANCEL","ACH","","","($1,500.00)"
"6/20/2025","6/20/2025","6/23/2025","","ACH Deposit","ACH","","","$1,500.00"
"6/2/2025","6/2/2025","6/2/2025","","Gold Subscription Fee","GOLD","","","($5.00)"
"5/30/2025","5/30/2025","5/30/2025","","Interest Payment","INT","","","$2.75"
"5/5/2025","5/5/2025","5/5/2025","","Gold Subscription Fee","GOLD","","","($5.00)"
"4/30/2025","4/30/2025","4/30/2025","","Interest Payment","INT","","","$4.96"
"4/16/2025","4/16/2025","4/16/2025","","FINRA Settlement Credit","MISC","","","$248.74"
"4/16/2025","4/16/2025","4/16/2025","","FINRA Settlement Credit","INT","","","$66.82"
"4/3/2025","4/3/2025","4/3/2025","","Gold Subscription Fee","GOLD","","","($5.00)"
"3/31/2025","3/31/2025","3/31/2025","","Interest Payment","INT","","","$4.90"
"3/4/2025","3/4/2025","3/4/2025","","Gold Subscription Fee","GOLD","","","($5.00)"
"3/3/2025","3/3/2025","3/4/2025","","ACH Deposit","ACH","","","$200.00"
"2/28/2025","2/28/2025","2/28/2025","","Interest Payment","INT","","","$7.33"
"2/3/2025","2/3/2025","2/3/2025","","Gold Subscription Fee","GOLD","","","($5.00)"
"2/3/2025","2/3/2025","2/3/2025","","External debit card transfer - account ending in 2262","DCF","","","$5.00"
"1/31/2025","1/31/2025","1/31/2025","","Interest Payment","INT","","","$0.75"
"1/13/2025","1/13/2025","1/13/2025","","External debit card transfer - account ending in 2262","DCF","","","($491.25)"
"1/13/2025","1/13/2025","1/13/2025","","External debit card transfer - withdrawal fee","DCF","","","($8.75)"
"1/13/2025","1/13/2025","1/13/2025","","External debit card transfer - withdrawal fee","DCF","","","($8.38)"
"1/13/2025","1/13/2025","1/13/2025","","External debit card transfer - account ending in 2262","DCF","","","($470.62)"
"1/6/2025","1/6/2025","1/6/2025","","Interest Adjustment Credit","INT","","","$0.01"
"1/6/2025","1/6/2025","1/6/2025","","External debit card transfer - account ending in 2262","DCF","","","($29.00)"
"1/6/2025","1/6/2025","1/6/2025","","External debit card transfer - withdrawal fee","DCF","","","($1.00)"
"1/3/2025","1/3/2025","1/3/2025","","External debit card transfer - withdrawal fee","DCF","","","($1.00)"
"1/3/2025","1/3/2025","1/3/2025","","External debit card transfer - account ending in 2262","DCF","","","($49.00)"
"1/3/2025","1/3/2025","1/3/2025","","Gold Subscription Fee","GOLD","","","($5.00)"
"1/2/2025","1/2/2025","1/2/2025","","External debit card transfer - account ending in 2262","DCF","","","($412.65)"
"1/2/2025","1/2/2025","1/2/2025","","External debit card transfer - withdrawal fee","DCF","","","($7.35)"
"1/2/2025","1/2/2025","1/2/2025","","External debit card transfer - withdrawal fee","DCF","","","($1.00)"
"1/2/2025","1/2/2025","1/2/2025","","External debit card transfer - account ending in 2262","DCF","","","($29.00)"
"1/2/2025","1/2/2025","1/2/2025","","External debit card transfer - withdrawal fee","DCF","","","($2.63)"
"1/2/2025","1/2/2025","1/2/2025","","External debit card transfer - account ending in 2262","DCF","","","($147.37)"
"12/31/2024","12/31/2024","12/31/2024","","External debit card transfer - withdrawal fee","DCF","","","($1.05)"
"12/31/2024","12/31/2024","12/31/2024","","External debit card transfer - account ending in 2262","DCF","","","($58.95)"
"12/31/2024","12/31/2024","12/31/2024","","Interest Payment","INT","","","$2.58"
"12/31/2024","12/31/2024","12/31/2024","","External debit card transfer - account ending in 2262","DCF","","","($39.00)"
"12/31/2024","12/31/2024","12/31/2024","","External debit card transfer - withdrawal fee","DCF","","","($1.00)"
"12/30/2024","12/30/2024","12/30/2024","","External debit card transfer - withdrawal fee","DCF","","","($1.00)"
"12/30/2024","12/30/2024","12/30/2024","","External debit card transfer - account ending in 2262","DCF","","","($49.00)"
"12/27/2024","12/27/2024","12/27/2024","","External debit card transfer - withdrawal fee","DCF","","","($1.00)"
"12/27/2024","12/27/2024","12/27/2024","","External debit card transfer - account ending in 2262","DCF","","","($49.00)"
"12/24/2024","12/24/2024","12/24/2024","","Interest Payment","INT","","","$4.06"
"12/24/2024","12/24/2024","12/24/2024","","External debit card transfer - withdrawal fee","DCF","","","($5.25)"
"12/24/2024","12/24/2024","12/24/2024","","External debit card transfer - account ending in 2262","DCF","","","($294.75)"
"12/24/2024","12/24/2024","12/24/2024","","External debit card transfer - withdrawal fee","DCF","","","($4.38)"
"12/24/2024","12/24/2024","12/24/2024","","External debit card transfer - account ending in 2262","DCF","","","($245.62)"
"12/20/2024","12/20/2024","12/20/2024","","External debit card transfer - account ending in 2262","DCF","","","($393.00)"
"12/20/2024","12/20/2024","12/20/2024","","External debit card transfer - withdrawal fee","DCF","","","($7.00)"
"12/18/2024","12/18/2024","12/18/2024","","External debit card transfer - withdrawal fee","DCF","","","($8.75)"
"12/18/2024","12/18/2024","12/18/2024","","External debit card transfer - account ending in 2262","DCF","","","($491.25)"
"12/18/2024","12/18/2024","12/18/2024","","External debit card transfer - withdrawal fee","DCF","","","($1.00)"
"12/18/2024","12/18/2024","12/18/2024","","External debit card transfer - account ending in 2262","DCF","","","($49.00)"
"12/16/2024","12/16/2024","12/16/2024","","External debit card transfer - withdrawal fee","DCF","","","($5.25)"
"12/16/2024","12/16/2024","12/16/2024","","External debit card transfer - account ending in 2262","DCF","","","($294.75)"
"12/16/2024","12/16/2024","12/16/2024","","External debit card transfer - withdrawal fee","DCF","","","($3.50)"
"12/16/2024","12/16/2024","12/16/2024","","External debit card transfer - account ending in 2262","DCF","","","($196.50)"
"12/9/2024","12/9/2024","12/10/2024","SOFI","SoFi Technologies
CUSIP: 83406F102","Sell","62","$15.80","$979.56"
"12/9/2024","12/9/2024","12/10/2024","SOFI","SoFi Technologies
CUSIP: 83406F102","Buy","0.86066","$15.91","($13.69)"
"12/9/2024","12/9/2024","12/10/2024","SOFI","SoFi Technologies
CUSIP: 83406F102","Buy","62","$15.91","($986.31)"
"12/9/2024","12/9/2024","12/9/2024","","External debit card transfer - withdrawal fee","DCF","","","($1.75)"
"12/9/2024","12/9/2024","12/9/2024","","External debit card transfer - account ending in 2262","DCF","","","($98.25)"
"12/9/2024","12/9/2024","12/9/2024","","External debit card transfer - account ending in 2262","DCF","","","($196.50)"
"12/9/2024","12/9/2024","12/9/2024","","External debit card transfer - withdrawal fee","DCF","","","($3.50)"
"12/5/2024","12/5/2024","12/5/2024","","External debit card transfer - account ending in 2262","DCF","","","($294.75)"
"12/5/2024","12/5/2024","12/5/2024","","External debit card transfer - withdrawal fee","DCF","","","($5.25)"
"12/4/2024","12/4/2024","12/4/2024","","Gold Subscription Fee","GOLD","","","($5.00)"
"12/2/2024","12/2/2024","12/2/2024","","Cash reward","MISC","","","$0.43"
"11/29/2024","11/29/2024","11/29/2024","","Interest Payment","INT","","","$9.96"
"11/29/2024","11/29/2024","12/2/2024","CMG","Chipotle
CUSIP: 169656105","Sell","23.694266","$62.03","$1,469.74"
"11/25/2024","11/25/2024","11/25/2024","","Cash reward","MISC","","","$1.22"
"11/22/2024","11/22/2024","11/25/2024","CMG","Chipotle
CUSIP: 169656105","Sell","6.41488","$62.36","$400.00"
"11/22/2024","11/22/2024","11/25/2024","CMG","Chipotle
CUSIP: 169656105","Sell","4.81154","$62.34","$299.95"
"11/20/2024","11/20/2024","11/20/2024","","ACH REVERSAL","ACH","","","($500.00)"
"11/20/2024","11/20/2024","11/20/2024","","ACH REVERSAL","ACH","","","($1,200.00)"
"11/19/2024","11/19/2024","11/19/2024","","External debit card transfer - account ending in 2262","DCF","","","($640.59)"
"11/19/2024","11/19/2024","11/19/2024","","External debit card transfer - withdrawal fee","DCF","","","($11.41)"
"11/18/2024","11/18/2024","11/19/2024","CMG","Chipotle
CUSIP: 169656105","Sell","8.46023","$59.10","$500.00"
"11/18/2024","11/18/2024","11/19/2024","PLTR","Palantir Technologies
CUSIP: 69608A108","Sell","38","$64.39","$2,446.75"
"11/18/2024","11/18/2024","11/19/2024","","ACH Deposit","ACH","","","$500.00"
"11/18/2024","11/18/2024","11/19/2024","","ACH Deposit","ACH","","","$1,200.00"
"11/18/2024","11/18/2024","11/18/2024","","Cash reward","MISC","","","$0.25"
"11/15/2024","11/15/2024","11/18/2024","CMG","Chipotle
CUSIP: 169656105","Buy","1.733956","$58.83","($102.00)"
"11/15/2024","11/15/2024","11/18/2024","BAC","Bank of America
CUSIP: 060505104","Sell","0.640163","$46.66","$29.87"
"11/15/2024","11/15/2024","11/18/2024","CSD","Invesco S&P Spin-Off ETF
CUSIP: 46137V159","Sell","0.873473","$82.76","$72.28"
"11/15/2024","11/15/2024","11/18/2024","PLTR","Palantir Technologies
CUSIP: 69608A108","Buy","35.94454","$63.83","($2,294.34)"
"11/15/2024","11/15/2024","11/18/2024","PLTR","Palantir Technologies
CUSIP: 69608A108","Buy","2","$63.83","($127.66)"
"11/15/2024","11/15/2024","11/18/2024","PLTR","Palantir Technologies
CUSIP: 69608A108","Sell","34","$63.73","$2,166.75"
"11/15/2024","11/15/2024","11/18/2024","PLTR","Palantir Technologies
CUSIP: 69608A108","Sell","4","$63.75","$255.00"
"11/15/2024","11/15/2024","11/18/2024","PLTR","Palantir Technologies
CUSIP: 69608A108","Buy","18.19009","$63.70","($1,158.80)"
"11/15/2024","11/15/2024","11/18/2024","PLTR","Palantir Technologies
CUSIP: 69608A108","Buy","20","$63.71","($1,274.20)"
"11/15/2024","11/15/2024","11/18/2024","CMG","Chipotle
CUSIP: 169656105","Sell","21.34059","$58.77","$1,254.15"
"11/15/2024","11/15/2024","11/18/2024","CMG","Chipotle
CUSIP: 169656105","Sell","20","$58.77","$1,175.36"
"11/14/2024","11/14/2024","11/15/2024","CMG","Chipotle
CUSIP: 169656105","Buy","82.98755","$60.25","($5,000.00)"
"11/4/2024","11/4/2024","11/4/2024","","Gold Subscription Fee","GOLD","","","($5.00)"
"10/31/2024","10/31/2024","10/31/2024","","Interest Payment","INT","","","$21.02"
"10/7/2024","10/7/2024","10/7/2024","","Gold Subscription Fee","GOLD","","","($5.00)"
"10/2/2024","10/2/2024","10/2/2024","","External debit card transfer - account ending in 2262","DCF","","","($491.25)"
"10/2/2024","10/2/2024","10/2/2024","","External debit card transfer - withdrawal fee","DCF","","","($8.75)"
"9/30/2024","9/30/2024","9/30/2024","","Interest Payment","INT","","","$25.77"
"9/27/2024","9/27/2024","9/27/2024","BAC","Cash Div: R/D 2024-09-06 P/D 2024-09-27 - 0.640163 shares at 0.26","CDIV","","","$0.17"
"9/24/2024","9/24/2024","9/24/2024","","External debit card transfer - account ending in 2262","DCF","","","($294.75)"
"9/24/2024","9/24/2024","9/24/2024","","External debit card transfer - withdrawal fee","DCF","","","($5.25)"
"9/16/2024","9/16/2024","9/16/2024","","External debit card transfer - withdrawal fee","DCF","","","($1.00)"
"9/16/2024","9/16/2024","9/16/2024","","External debit card transfer - account ending in 2262","DCF","","","($49.00)"
"9/16/2024","9/16/2024","9/16/2024","","External debit card transfer - account ending in 2262","DCF","","","($147.37)"
"9/16/2024","9/16/2024","9/16/2024","","External debit card transfer - withdrawal fee","DCF","","","($2.63)"
"9/12/2024","9/12/2024","9/12/2024","","External debit card transfer - account ending in 2262","DCF","","","($294.75)"
"9/12/2024","9/12/2024","9/12/2024","","External debit card transfer - withdrawal fee","DCF","","","($5.25)"
"9/9/2024","9/9/2024","9/9/2024","","External debit card transfer - withdrawal fee","DCF","","","($1.02)"
"9/9/2024","9/9/2024","9/9/2024","","External debit card transfer - account ending in 2262","DCF","","","($56.98)"
"9/9/2024","9/9/2024","9/9/2024","","External debit card transfer - account ending in 2262","DCF","","","($49.00)"
"9/9/2024","9/9/2024","9/9/2024","","External debit card transfer - withdrawal fee","DCF","","","($1.00)"
"9/9/2024","9/9/2024","9/9/2024","","External debit card transfer - withdrawal fee","DCF","","","($1.00)"
"9/9/2024","9/9/2024","9/9/2024","","External debit card transfer - account ending in 2262","DCF","","","($35.00)"
"9/9/2024","9/9/2024","9/9/2024","","External debit card transfer - account ending in 2262","DCF","","","($49.00)"
"9/9/2024","9/9/2024","9/9/2024","","External debit card transfer - withdrawal fee","DCF","","","($1.00)"
"9/6/2024","9/6/2024","9/6/2024","","External debit card transfer - account ending in 2262","DCF","","","($49.00)"
"9/6/2024","9/6/2024","9/6/2024","","External debit card transfer - withdrawal fee","DCF","","","($1.00)"
"9/6/2024","9/6/2024","9/6/2024","","External debit card transfer - account ending in 2262","DCF","","","($127.72)"
"9/6/2024","9/6/2024","9/6/2024","","External debit card transfer - withdrawal fee","DCF","","","($2.28)"
"9/5/2024","9/5/2024","9/5/2024","","External debit card transfer - account ending in 2262","DCF","","","($49.00)"
"9/5/2024","9/5/2024","9/5/2024","","External debit card transfer - withdrawal fee","DCF","","","($1.00)"
"9/5/2024","9/5/2024","9/5/2024","","Gold Subscription Fee","GOLD","","","($5.00)"
"9/4/2024","9/4/2024","9/4/2024","","External debit card transfer - account ending in 2262","DCF","","","($196.50)"
"9/4/2024","9/4/2024","9/4/2024","","External debit card transfer - withdrawal fee","DCF","","","($3.50)"
"9/3/2024","9/3/2024","9/3/2024","","External debit card transfer - account ending in 2262","DCF","","","($29.00)"
"9/3/2024","9/3/2024","9/3/2024","","External debit card transfer - withdrawal fee","DCF","","","($1.00)"
"9/3/2024","9/3/2024","9/3/2024","","External debit card transfer - account ending in 2262","DCF","","","($265.27)"
"9/3/2024","9/3/2024","9/3/2024","","External debit card transfer - withdrawal fee","DCF","","","($4.73)"
"8/30/2024","8/30/2024","8/30/2024","","Interest Payment","INT","","","$20.10"
"8/26/2024","8/26/2024","8/26/2024","","External debit card transfer - withdrawal fee","DCF","","","($1.31)"
"8/26/2024","8/26/2024","8/26/2024","","External debit card transfer - account ending in 2262","DCF","","","($73.69)"
"8/26/2024","8/26/2024","8/26/2024","","External debit card transfer - account ending in 2262","DCF","","","($73.69)"
"8/26/2024","8/26/2024","8/26/2024","","External debit card transfer - withdrawal fee","DCF","","","($1.31)"
"8/26/2024","8/26/2024","8/26/2024","","External debit card transfer - account ending in 2262","DCF","","","($49.00)"
"8/26/2024","8/26/2024","8/26/2024","","External debit card transfer - withdrawal fee","DCF","","","($1.00)"
"8/23/2024","8/23/2024","8/23/2024","","External debit card transfer - account ending in 2262","DCF","","","($186.67)"
"8/23/2024","8/23/2024","8/23/2024","","External debit card transfer - withdrawal fee","DCF","","","($3.33)"
"8/21/2024","8/21/2024","8/21/2024","","External debit card transfer - account ending in 2262","DCF","","","($98.25)"
"8/21/2024","8/21/2024","8/21/2024","","External debit card transfer - withdrawal fee","DCF","","","($1.75)"
"8/21/2024","8/21/2024","8/21/2024","","External debit card transfer - withdrawal fee","DCF","","","($1.75)"
"8/21/2024","8/21/2024","8/21/2024","","External debit card transfer - account ending in 2262","DCF","","","($98.25)"
"8/21/2024","8/21/2024","8/21/2024","","External debit card transfer - withdrawal fee","DCF","","","($1.75)"
"8/21/2024","8/21/2024","8/21/2024","","External debit card transfer - account ending in 2262","DCF","","","($98.25)"
"8/21/2024","8/21/2024","8/21/2024","","External debit card transfer - account ending in 2262","DCF","","","($491.25)"
"8/21/2024","8/21/2024","8/21/2024","","External debit card transfer - withdrawal fee","DCF","","","($8.75)"
"8/16/2024","8/16/2024","8/16/2024","","External debit card transfer - withdrawal fee","DCF","","","($15.75)"
"8/16/2024","8/16/2024","8/16/2024","","External debit card transfer - account ending in 2262","DCF","","","($884.25)"
"8/15/2024","8/15/2024","8/15/2024","","External debit card transfer - account ending in 2262","DCF","","","($520.72)"
"8/15/2024","8/15/2024","8/15/2024","","External debit card transfer - withdrawal fee","DCF","","","($9.28)"
"8/15/2024","8/15/2024","8/15/2024","","Interest Payment","INT","","","$21.06"
"8/15/2024","8/15/2024","8/15/2024","","External debit card transfer - account ending in 2262","DCF","","","($58.95)"
"8/15/2024","8/15/2024","8/15/2024","","External debit card transfer - withdrawal fee","DCF","","","($1.05)"
"8/15/2024","8/15/2024","8/15/2024","","External debit card transfer - account ending in 2262","DCF","","","($491.25)"
"8/15/2024","8/15/2024","8/15/2024","","External debit card transfer - withdrawal fee","DCF","","","($8.75)"
"8/14/2024","8/14/2024","8/14/2024","","External debit card transfer - account ending in 2262","DCF","","","($98.25)"
"8/14/2024","8/14/2024","8/14/2024","","External debit card transfer - withdrawal fee","DCF","","","($1.75)"
"8/13/2024","8/13/2024","8/13/2024","","External debit card transfer - withdrawal fee","DCF","","","($1.75)"
"8/13/2024","8/13/2024","8/13/2024","","External debit card transfer - account ending in 2262","DCF","","","($98.25)"
"8/13/2024","8/13/2024","8/13/2024","","External debit card transfer - account ending in 2262","DCF","","","($19.00)"
"8/13/2024","8/13/2024","8/13/2024","","External debit card transfer - withdrawal fee","DCF","","","($1.00)"
"8/12/2024","8/12/2024","8/12/2024","","External debit card transfer - withdrawal fee","DCF","","","($1.75)"
"8/12/2024","8/12/2024","8/12/2024","","External debit card transfer - account ending in 2262","DCF","","","($98.25)"
"8/12/2024","8/12/2024","8/12/2024","","External debit card transfer - account ending in 2262","DCF","","","($29.00)"
"8/12/2024","8/12/2024","8/12/2024","","External debit card transfer - withdrawal fee","DCF","","","($1.00)"
"8/12/2024","8/12/2024","8/12/2024","","External debit card transfer - withdrawal fee","DCF","","","($1.00)"
"8/12/2024","8/12/2024","8/12/2024","","External debit card transfer - account ending in 2262","DCF","","","($49.00)"
"8/12/2024","8/12/2024","8/12/2024","","External debit card transfer - withdrawal fee","DCF","","","($1.00)"
"8/12/2024","8/12/2024","8/12/2024","","External debit card transfer - account ending in 2262","DCF","","","($49.00)"
"8/9/2024","8/9/2024","8/9/2024","","External debit card transfer - account ending in 2262","DCF","","","($98.25)"
"8/9/2024","8/9/2024","8/9/2024","","External debit card transfer - withdrawal fee","DCF","","","($1.75)"
"8/9/2024","8/9/2024","8/9/2024","","External debit card transfer - withdrawal fee","DCF","","","($1.75)"
"8/9/2024","8/9/2024","8/9/2024","","External debit card transfer - account ending in 2262","DCF","","","($98.25)"
"8/7/2024","8/7/2024","8/7/2024","","External debit card transfer - withdrawal fee","DCF","","","($1.75)"
"8/7/2024","8/7/2024","8/7/2024","","External debit card transfer - account ending in 2262","DCF","","","($98.25)"
"8/6/2024","8/6/2024","8/6/2024","","Gold Subscription Fee","GOLD","","","($5.00)"
"8/5/2024","8/5/2024","8/5/2024","","External debit card transfer - withdrawal fee","DCF","","","($1.75)"
"8/5/2024","8/5/2024","8/5/2024","","External debit card transfer - account ending in 2262","DCF","","","($98.25)"
"8/5/2024","8/5/2024","8/5/2024","","External debit card transfer - withdrawal fee","DCF","","","($3.50)"
"8/5/2024","8/5/2024","8/5/2024","","External debit card transfer - account ending in 2262","DCF","","","($196.50)"
"7/31/2024","7/31/2024","7/31/2024","","Interest Payment","INT","","","$14.63"
"7/29/2024","7/29/2024","7/29/2024","","External debit card transfer - withdrawal fee","DCF","","","($1.42)"
"7/29/2024","7/29/2024","7/29/2024","","External debit card transfer - account ending in 2262","DCF","","","($79.58)"
"7/29/2024","7/29/2024","7/29/2024","","External debit card transfer - withdrawal fee","DCF","","","($1.75)"
"7/29/2024","7/29/2024","7/29/2024","","External debit card transfer - account ending in 2262","DCF","","","($98.25)"
"7/29/2024","7/29/2024","7/29/2024","","External debit card transfer - account ending in 2262","DCF","","","($19.00)"
"7/29/2024","7/29/2024","7/29/2024","","External debit card transfer - withdrawal fee","DCF","","","($1.00)"
"7/29/2024","7/29/2024","7/29/2024","","External debit card transfer - withdrawal fee","DCF","","","($1.00)"
"7/29/2024","7/29/2024","7/29/2024","","External debit card transfer - account ending in 2262","DCF","","","($49.00)"
"7/29/2024","7/29/2024","7/29/2024","","External debit card transfer - withdrawal fee","DCF","","","($1.00)"
"7/29/2024","7/29/2024","7/29/2024","","External debit card transfer - account ending in 2262","DCF","","","($49.00)"
"7/26/2024","7/26/2024","7/26/2024","","External debit card transfer - account ending in 2262","DCF","","","($58.95)"
"7/26/2024","7/26/2024","7/26/2024","","External debit card transfer - withdrawal fee","DCF","","","($1.05)"
"7/26/2024","7/26/2024","7/26/2024","","External debit card transfer - account ending in 2262","DCF","","","($68.77)"
"7/26/2024","7/26/2024","7/26/2024","","External debit card transfer - withdrawal fee","DCF","","","($1.23)"
"7/26/2024","7/26/2024","7/26/2024","","External debit card transfer - withdrawal fee","DCF","","","($1.00)"
"7/26/2024","7/26/2024","7/26/2024","","External debit card transfer - account ending in 2262","DCF","","","($49.00)"
"7/26/2024","7/26/2024","7/26/2024","","External debit card transfer - account ending in 2262","DCF","","","($98.25)"
"7/26/2024","7/26/2024","7/26/2024","","External debit card transfer - withdrawal fee","DCF","","","($1.75)"
"7/25/2024","7/25/2024","7/25/2024","","External debit card transfer - account ending in 2262","DCF","","","($19.00)"
"7/25/2024","7/25/2024","7/25/2024","","External debit card transfer - withdrawal fee","DCF","","","($1.00)"
"7/24/2024","7/24/2024","7/24/2024","","External debit card transfer - withdrawal fee","DCF","","","($3.50)"
"7/24/2024","7/24/2024","7/24/2024","","External debit card transfer - account ending in 2262","DCF","","","($196.50)"
"7/24/2024","7/24/2024","7/24/2024","","Interest Payment","INT","","","$47.82"
"7/23/2024","7/23/2024","7/23/2024","","External debit card transfer - withdrawal fee","DCF","","","($3.50)"
"7/23/2024","7/23/2024","7/23/2024","","External debit card transfer - account ending in 2262","DCF","","","($196.50)"
"7/23/2024","7/23/2024","7/23/2024","","External debit card transfer - withdrawal fee","DCF","","","($1.75)"
"7/23/2024","7/23/2024","7/23/2024","","External debit card transfer - account ending in 2262","DCF","","","($98.25)"
"7/22/2024","7/22/2024","7/22/2024","","External debit card transfer - withdrawal fee","DCF","","","($5.25)"
"7/22/2024","7/22/2024","7/22/2024","","External debit card transfer - account ending in 2262","DCF","","","($294.75)"
"7/22/2024","7/22/2024","7/22/2024","","External debit card transfer - account ending in 2262","DCF","","","($196.50)"
"7/22/2024","7/22/2024","7/22/2024","","External debit card transfer - withdrawal fee","DCF","","","($3.50)"
"7/22/2024","7/22/2024","7/22/2024","","External debit card transfer - account ending in 2262","DCF","","","($98.25)"
"7/22/2024","7/22/2024","7/22/2024","","External debit card transfer - withdrawal fee","DCF","","","($1.75)"
"7/19/2024","7/19/2024","7/19/2024","","External debit card transfer - withdrawal fee","DCF","","","($5.25)"
"7/19/2024","7/19/2024","7/19/2024","","External debit card transfer - account ending in 2262","DCF","","","($294.75)"
"7/19/2024","7/19/2024","7/19/2024","","External debit card transfer - account ending in 2262","DCF","","","($196.50)"
"7/19/2024","7/19/2024","7/19/2024","","External debit card transfer - withdrawal fee","DCF","","","($3.50)"
"7/18/2024","7/18/2024","7/18/2024","","External debit card transfer - account ending in 2262","DCF","","","($343.87)"
"7/18/2024","7/18/2024","7/18/2024","","External debit card transfer - withdrawal fee","DCF","","","($6.13)"
"7/18/2024","7/18/2024","7/18/2024","","External debit card transfer - account ending in 2262","DCF","","","($196.50)"
"7/18/2024","7/18/2024","7/18/2024","","External debit card transfer - withdrawal fee","DCF","","","($3.50)"
"7/18/2024","7/18/2024","7/18/2024","","External debit card transfer - withdrawal fee","DCF","","","($1.31)"
"7/18/2024","7/18/2024","7/18/2024","","External debit card transfer - account ending in 2262","DCF","","","($73.69)"
"7/17/2024","7/17/2024","7/17/2024","","External debit card transfer - account ending in 2262","DCF","","","($196.50)"
"7/17/2024","7/17/2024","7/17/2024","","External debit card transfer - withdrawal fee","DCF","","","($3.50)"
"7/16/2024","7/16/2024","7/16/2024","","External debit card transfer - account ending in 2262","DCF","","","($491.25)"
"7/16/2024","7/16/2024","7/16/2024","","External debit card transfer - withdrawal fee","DCF","","","($8.75)"
"7/15/2024","7/15/2024","7/15/2024","","External debit card transfer - withdrawal fee","DCF","","","($8.75)"
"7/15/2024","7/15/2024","7/15/2024","","External debit card transfer - account ending in 2262","DCF","","","($491.25)"
"7/15/2024","7/15/2024","7/15/2024","","External debit card transfer - withdrawal fee","DCF","","","($2.10)"
"7/15/2024","7/15/2024","7/15/2024","","External debit card transfer - account ending in 2262","DCF","","","($117.90)"
"7/12/2024","7/12/2024","7/12/2024","","External debit card transfer - account ending in 2262","DCF","","","($98.25)"
"7/12/2024","7/12/2024","7/12/2024","","External debit card transfer - withdrawal fee","DCF","","","($1.75)"
"7/10/2024","7/10/2024","7/10/2024","","External debit card transfer - withdrawal fee","DCF","","","($7.00)"
"7/10/2024","7/10/2024","7/10/2024","","External debit card transfer - account ending in 2262","DCF","","","($393.00)"
"7/8/2024","7/8/2024","7/8/2024","","External debit card transfer - withdrawal fee","DCF","","","($13.13)"
"7/8/2024","7/8/2024","7/8/2024","","External debit card transfer - account ending in 2262","DCF","","","($736.87)"
"7/8/2024","7/8/2024","7/8/2024","","Gold Subscription Fee","GOLD","","","($5.00)"
"7/5/2024","7/5/2024","7/5/2024","","External debit card transfer - withdrawal fee","DCF","","","($1.00)"
"7/5/2024","7/5/2024","7/5/2024","","External debit card transfer - account ending in 2262","DCF","","","($24.00)"
"6/28/2024","6/28/2024","6/28/2024","","Interest Payment","INT","","","$72.73"
"6/28/2024","6/28/2024","6/28/2024","BAC","Cash Div: R/D 2024-06-07 P/D 2024-06-28 - 0.640163 shares at 0.24","CDIV","","","$0.15"
"6/7/2024","6/7/2024","6/7/2024","","Gold Subscription Fee","GOLD","","","($5.00)"
"5/31/2024","5/31/2024","5/31/2024","","Interest Payment","INT","","","$14.03"
"5/29/2024","5/29/2024","5/30/2024","AMD","AMD
CUSIP: 007903107","Sell","44.958638","$167.03","$7,509.23"
"5/24/2024","5/24/2024","5/29/2024","AMD","AMD
CUSIP: 007903107","Buy","44.958638","$166.82","($7,500.00)"
"5/23/2024","5/23/2024","5/28/2024","AMD","AMD
CUSIP: 007903107","Sell","17.575908","$159.14","$2,796.98"
"5/23/2024","5/23/2024","5/28/2024","QQQ","Invesco QQQ
CUSIP: 46090E103","Sell","13.447953","$453.82","$6,102.85"
"5/23/2024","5/23/2024","5/28/2024","VOO","Vanguard S&P 500 ETF
CUSIP: 922908363","Sell","17.342181","$483.65","$8,387.31"
"5/23/2024","5/23/2024","5/28/2024","AMD","AMD
CUSIP: 007903107","Buy","2.999657","$162.00","($485.94)"
"5/23/2024","5/23/2024","5/28/2024","AMD","AMD
CUSIP: 007903107","Buy","0.0868","$161.98","($14.06)"
"5/23/2024","5/23/2024","5/23/2024","","External debit card transfer - account ending in 4091","DCF","","","$500.00"
"5/22/2024","5/22/2024","5/24/2024","AMD","AMD
CUSIP: 007903107","Buy","2.489451","$165.90","($413.00)"
"5/22/2024","5/22/2024","5/23/2024","","ACH Deposit","ACH","","","$1,000.00"
"5/22/2024","5/22/2024","5/22/2024","","External debit card transfer - account ending in 4091","DCF","","","$1,000.00"
"5/22/2024","5/22/2024","5/24/2024","AMD","AMD
CUSIP: 007903107","Buy","6","$165.00","($990.00)"
"5/22/2024","5/22/2024","5/24/2024","AMD","AMD
CUSIP: 007903107","Buy","6","$164.90","($989.40)"
"5/14/2024","5/14/2024","5/16/2024","AMC","AMC Entertainment
CUSIP: 00165C302","Sell","37","$10.26","$379.62"
"5/14/2024","5/14/2024","5/16/2024","AMC","AMC Entertainment
CUSIP: 00165C302","Buy","37","$10.16","($375.92)"
"5/14/2024","5/14/2024","5/16/2024","TSLA","Tesla
CUSIP: 88160R101","Sell","2","$174.73","$349.46"
"5/14/2024","5/14/2024","5/16/2024","TSLA","Tesla
CUSIP: 88160R101","Buy","2","$177.19","($354.38)"
"5/14/2024","5/14/2024","5/16/2024","QQQ","Invesco QQQ
CUSIP: 46090E103","Buy","1","$443.00","($443.00)"
"5/14/2024","5/14/2024","5/16/2024","AMC","AMC Entertainment
CUSIP: 00165C302","Sell","23","$11.00","$253.00"
"5/14/2024","5/14/2024","5/16/2024","VOO","Vanguard S&P 500 ETF
CUSIP: 922908363","Buy","6","$479.02","($2,874.12)"
"5/14/2024","5/14/2024","5/16/2024","GME","GameStop
CUSIP: 36467W109","Sell","60","$57.38","$3,442.76"
"5/14/2024","5/14/2024","5/16/2024","AMC","AMC Entertainment
CUSIP: 00165C302","Buy","23","$11.55","($265.65)"
"5/14/2024","5/14/2024","5/16/2024","GME","GameStop
CUSIP: 36467W109","Buy","60","$67.69","($4,061.40)"
"5/14/2024","5/14/2024","5/16/2024","AMC","AMC Entertainment
CUSIP: 00165C302","Sell","151","$10.83","$1,635.30"
"5/14/2024","5/14/2024","5/16/2024","GME","GameStop
CUSIP: 36467W109","Sell","40","$67.73","$2,709.17"
"5/14/2024","5/14/2024","5/16/2024","AMC","AMC Entertainment
CUSIP: 00165C302","Buy","11","$10.35","($113.85)"
"5/14/2024","5/14/2024","5/16/2024","QQQ","Invesco QQQ
CUSIP: 46090E103","Buy","4.5","$443.30","($1,994.85)"
"5/14/2024","5/14/2024","5/16/2024","VOO","Vanguard S&P 500 ETF
CUSIP: 922908363","Buy","4","$479.15","($1,916.60)"
"5/14/2024","5/14/2024","5/16/2024","AMC","AMC Entertainment
CUSIP: 00165C302","Buy","40","$10.90","($436.00)"
"5/14/2024","5/14/2024","5/16/2024","GME","GameStop
CUSIP: 36467W109","Buy","40","$67.30","($2,692.00)"
"5/14/2024","5/14/2024","5/16/2024","AMC","AMC Entertainment
CUSIP: 00165C302","Buy","100","$10.63","($1,063.00)"
"5/14/2024","5/14/2024","5/16/2024","AMC","AMC Entertainment
CUSIP: 00165C302","Sell","42","$9.38","$393.96"
"5/14/2024","5/14/2024","5/16/2024","AMC","AMC Entertainment
CUSIP: 00165C302","Sell","250","$9.39","$2,347.44"
"5/14/2024","5/14/2024","5/16/2024","AMC","AMC Entertainment
CUSIP: 00165C302","Sell","134","$10.90","$1,460.59"
"5/14/2024","5/14/2024","5/16/2024","AMC","AMC Entertainment
CUSIP: 00165C302","Buy","35","$11.99","($419.63)"
"5/14/2024","5/14/2024","5/16/2024","AMC","AMC Entertainment
CUSIP: 00165C302","Buy","99","$11.07","($1,095.93)"
"5/14/2024","5/14/2024","5/16/2024","GME","GameStop
CUSIP: 36467W109","Sell","21","$66.94","$1,405.72"
"5/14/2024","5/14/2024","5/16/2024","AMC","AMC Entertainment
CUSIP: 00165C302","Buy","90","$10.00","($900.00)"
"5/14/2024","5/14/2024","5/16/2024","AMC","AMC Entertainment
CUSIP: 00165C302","Buy","99","$9.86","($976.13)"
"5/14/2024","5/14/2024","5/16/2024","BAC","Bank of America
CUSIP: 060505104","Sell","51","$38.28","$1,952.25"
"5/14/2024","5/14/2024","5/16/2024","AMC","AMC Entertainment
CUSIP: 00165C302","Buy","99","$8.53","($844.44)"
"5/14/2024","5/14/2024","5/16/2024","CSD","Invesco S&P Spin-Off ETF
CUSIP: 46137V159","Sell","13","$68.47","$890.10"
"5/14/2024","5/14/2024","5/16/2024","AMC","AMC Entertainment
CUSIP: 00165C302","Buy","4","$8.38","($33.52)"
"5/14/2024","5/14/2024","5/16/2024","GME","GameStop
CUSIP: 36467W109","Buy","19","$45.69","($868.11)"
"5/14/2024","5/14/2024","5/14/2024","","External debit card transfer - account ending in 4091","DCF","","","$900.00"
"5/14/2024","5/14/2024","5/16/2024","GME","GameStop
CUSIP: 36467W109","Buy","2","$45.13","($90.26)"
"5/14/2024","5/14/2024","5/14/2024","","External debit card transfer - account ending in 4091","DCF","","","$100.00"
"5/13/2024","5/13/2024","5/15/2024","BAC","Bank of America
CUSIP: 060505104","Buy","50.99394","$38.73","($1,974.98)"
"5/13/2024","5/13/2024","5/15/2024","BAC","Bank of America
CUSIP: 060505104","Buy","0.646223","$38.72","($25.02)"
"5/13/2024","5/13/2024","5/13/2024","","External debit card transfer - account ending in 4091","DCF","","","$1,000.00"
"5/13/2024","5/13/2024","5/13/2024","","External debit card transfer - account ending in 4091","DCF","","","$1,000.00"
"5/10/2024","5/10/2024","5/14/2024","QQQ","Invesco QQQ
CUSIP: 46090E103","Buy","0.999954","$442.57","($442.55)"
"5/10/2024","5/10/2024","5/14/2024","QQQ","Invesco QQQ
CUSIP: 46090E103","Buy","0.129815","$442.55","($57.45)"
"5/10/2024","5/10/2024","5/14/2024","VOO","Vanguard S&P 500 ETF
CUSIP: 922908363","Buy","0.999958","$479.52","($479.50)"
"5/10/2024","5/10/2024","5/14/2024","VOO","Vanguard S&P 500 ETF
CUSIP: 922908363","Buy","0.042752","$479.50","($20.50)"
"5/10/2024","5/10/2024","5/10/2024","","External debit card transfer - account ending in 4091","DCF","","","$1,000.00"
"5/9/2024","5/9/2024","5/13/2024","CSD","Invesco S&P Spin-Off ETF
CUSIP: 46137V159","Buy","13.873473","$72.08","($1,000.00)"
"5/9/2024","5/9/2024","5/9/2024","","External debit card transfer - account ending in 4091","DCF","","","$1,000.00"
"5/8/2024","5/8/2024","5/10/2024","VOO","Vanguard S&P 500 ETF
CUSIP: 922908363","Buy","3.999957","$475.41","($1,901.62)"
"5/8/2024","5/8/2024","5/10/2024","VOO","Vanguard S&P 500 ETF
CUSIP: 922908363","Buy","0.196421","$475.40","($93.38)"
"5/8/2024","5/8/2024","5/10/2024","QQQ","Invesco QQQ
CUSIP: 46090E103","Buy","4.545093","$440.04","($2,000.00)"
"5/8/2024","5/8/2024","5/8/2024","","Gold Subscription Fee","GOLD","","","($5.00)"
"5/8/2024","5/8/2024","5/10/2024","VOO","Vanguard S&P 500 ETF
CUSIP: 922908363","Buy","1.999978","$475.49","($950.97)"
"5/8/2024","5/8/2024","5/10/2024","VOO","Vanguard S&P 500 ETF
CUSIP: 922908363","Buy","0.103115","$475.48","($49.03)"
"5/8/2024","5/8/2024","5/9/2024","","ACH Deposit","ACH","","","$9,000.00"
"5/8/2024","5/8/2024","5/10/2024","QQQ","Invesco QQQ
CUSIP: 46090E103","Buy","1.999977","$439.93","($879.85)"
"5/8/2024","5/8/2024","5/10/2024","QQQ","Invesco QQQ
CUSIP: 46090E103","Buy","0.273114","$439.92","($120.15)"
"5/8/2024","5/8/2024","5/8/2024","","External debit card transfer - account ending in 4091","DCF","","","$1,000.00"
""
"","","","","","","","","","The data provided is for informational purposes only. Please consult a professional tax service or personal tax advisor if you need instructions on how to calculate cost basis or questions regarding your specific tax situation. Reminder: This data does not include Robinhood Crypto or Robinhood Spending activity."
