underlying,expiry,option_type,strike,contract_key,open_date,close_date,open_process_date,close_process_date,quantity,entry_price,exit_price,pnl_per_contract_dollars,total_pnl_dollars,result,holding_days,source_file_open,source_file_close,description
PLTR,7/18/2025,C,150.0,PLTR|7/18/2025|C|150.0,2025-07-14,2025-07-14,2025-07-14,2025-07-14,1,2.86,2.87,1.0,1.0,WIN,0,APRIL1 TO APRIL 10 26.csv,APRIL1 TO APRIL 10 26.csv,PLTR 7/18/2025 Call $150.00
SBET,7/18/2025,C,29.0,SBET|7/18/2025|C|29.0,2025-07-15,2025-07-16,2025-07-15,2025-07-16,1,2.58,5.7,312.0,312.0,WIN,1,APRIL1 TO APRIL 10 26.csv,APRIL1 TO APRIL 10 26.csv,SBET 7/18/2025 Call $29.00
SBET,7/18/2025,C,34.0,SBET|7/18/2025|C|34.0,2025-07-16,2025-07-16,2025-07-16,2025-07-16,1,3.06,2.0,-106.0,-106.0,LOSS,0,APRIL1 TO APRIL 10 26.csv,APRIL1 TO APRIL 10 26.csv,SBET 7/18/2025 Call $34.00
SBET,7/18/2025,C,35.0,SBET|7/18/2025|C|35.0,2025-07-16,2025-07-16,2025-07-16,2025-07-16,1,2.89,2.25,-64.0,-64.0,LOSS,0,APRIL1 TO APRIL 10 26.csv,APRIL1 TO APRIL 10 26.csv,SBET 7/18/2025 Call $35.00
PLTR,7/18/2025,C,150.0,PLTR|7/18/2025|C|150.0,2025-07-14,2025-07-18,2025-07-14,2025-07-18,1,2.93,3.1,17.0,17.0,WIN,4,APRIL1 TO APRIL 10 26.csv,APRIL1 TO APRIL 10 26.csv,PLTR 7/18/2025 Call $150.00
RGTI,7/18/2025,C,15.0,RGTI|7/18/2025|C|15.0,2025-07-07,2025-07-18,2025-07-07,2025-07-18,1,0.54,2.14,160.0,160.0,WIN,11,APRIL1 TO APRIL 10 26.csv,APRIL1 TO APRIL 10 26.csv,RGTI 7/18/2025 Call $15.00
RGTI,7/18/2025,C,15.0,RGTI|7/18/2025|C|15.0,2025-07-07,2025-07-18,2025-07-07,2025-07-18,1,0.55,2.14,159.0,159.0,WIN,11,APRIL1 TO APRIL 10 26.csv,APRIL1 TO APRIL 10 26.csv,RGTI 7/18/2025 Call $15.00
OPEN,7/25/2025,C,2.0,OPEN|7/25/2025|C|2.0,2025-07-17,2025-07-25,2025-07-17,2025-07-25,1,0.35,0.47,12.0,12.0,WIN,8,APRIL1 TO APRIL 10 26.csv,APRIL1 TO APRIL 10 26.csv,OPEN 7/25/2025 Call $2.00
VTR,8/15/2025,C,67.5,VTR|8/15/2025|C|67.5,2025-07-18,2025-08-15,2025-07-18,2025-08-15,2,0.94,0.13,-81.0,-162.0,LOSS,28,APRIL1 TO APRIL 10 26.csv,APRIL1 TO APRIL 10 26.csv,VTR 8/15/2025 Call $67.50
SOFI,8/29/2025,C,23.5,SOFI|8/29/2025|C|23.5,2025-08-15,2025-08-29,2025-08-15,2025-08-29,1,1.15,1.97,82.0,82.0,WIN,14,APRIL1 TO APRIL 10 26.csv,APRIL1 TO APRIL 10 26.csv,SOFI 8/29/2025 Call $23.50
AEO,9/5/2025,C,17.5,AEO|9/5/2025|C|17.5,2025-09-04,2025-09-04,2025-09-04,2025-09-04,2,0.72,1.18,46.0,92.0,WIN,0,APRIL1 TO APRIL 10 26.csv,APRIL1 TO APRIL 10 26.csv,AEO 9/5/2025 Call $17.50
SOFI,9/5/2025,C,25.0,SOFI|9/5/2025|C|25.0,2025-09-04,2025-09-05,2025-09-04,2025-09-05,2,0.69,0.57,-12.0,-24.0,LOSS,1,APRIL1 TO APRIL 10 26.csv,APRIL1 TO APRIL 10 26.csv,SOFI 9/5/2025 Call $25.00
SOFI,9/5/2025,C,25.0,SOFI|9/5/2025|C|25.0,2025-09-04,2025-09-05,2025-09-04,2025-09-05,1,0.69,0.57,-12.0,-12.0,LOSS,1,APRIL1 TO APRIL 10 26.csv,APRIL1 TO APRIL 10 26.csv,SOFI 9/5/2025 Call $25.00
ACHR,9/12/2025,C,8.0,ACHR|9/12/2025|C|8.0,2025-09-10,2025-09-12,2025-09-10,2025-09-12,5,0.39,0.72,33.0,165.0,WIN,2,APRIL1 TO APRIL 10 26.csv,APRIL1 TO APRIL 10 26.csv,ACHR 9/12/2025 Call $8.00
ACHR,9/12/2025,C,8.0,ACHR|9/12/2025|C|8.0,2025-09-10,2025-09-12,2025-09-10,2025-09-12,4,0.39,0.71,32.0,128.0,WIN,2,APRIL1 TO APRIL 10 26.csv,APRIL1 TO APRIL 10 26.csv,ACHR 9/12/2025 Call $8.00
MRVL,9/12/2025,C,67.0,MRVL|9/12/2025|C|67.0,2025-09-09,2025-09-12,2025-09-09,2025-09-12,1,1.13,0.43,-70.0,-70.0,LOSS,3,APRIL1 TO APRIL 10 26.csv,APRIL1 TO APRIL 10 26.csv,MRVL 9/12/2025 Call $67.00
MRVL,9/12/2025,C,67.0,MRVL|9/12/2025|C|67.0,2025-09-09,2025-09-12,2025-09-09,2025-09-12,1,1.13,0.43,-70.0,-70.0,LOSS,3,APRIL1 TO APRIL 10 26.csv,APRIL1 TO APRIL 10 26.csv,MRVL 9/12/2025 Call $67.00
OPEN,9/12/2025,C,3.5,OPEN|9/12/2025|C|3.5,2025-08-18,2025-09-12,2025-08-18,2025-09-12,1,0.78,5.5,472.0,472.0,WIN,25,APRIL1 TO APRIL 10 26.csv,APRIL1 TO APRIL 10 26.csv,OPEN 9/12/2025 Call $3.50
OPEN,9/12/2025,C,3.5,OPEN|9/12/2025|C|3.5,2025-08-18,2025-09-12,2025-08-18,2025-09-12,1,0.79,5.5,471.0,471.0,WIN,25,APRIL1 TO APRIL 10 26.csv,APRIL1 TO APRIL 10 26.csv,OPEN 9/12/2025 Call $3.50
UNH,9/12/2025,C,317.5,UNH|9/12/2025|C|317.5,2025-09-08,2025-09-12,2025-09-08,2025-09-12,1,6.2,36.7,3050.0,3050.0,WIN,4,APRIL1 TO APRIL 10 26.csv,APRIL1 TO APRIL 10 26.csv,UNH 9/12/2025 Call $317.50
CHWY,9/19/2025,C,35.5,CHWY|9/19/2025|C|35.5,2025-09-11,2025-09-18,2025-09-11,2025-09-18,1,1.16,2.55,139.0,139.0,WIN,7,APRIL1 TO APRIL 10 26.csv,APRIL1 TO APRIL 10 26.csv,CHWY 9/19/2025 Call $35.50
CHWY,9/19/2025,C,35.5,CHWY|9/19/2025|C|35.5,2025-09-11,2025-09-18,2025-09-11,2025-09-18,2,1.16,2.55,139.0,278.0,WIN,7,APRIL1 TO APRIL 10 26.csv,APRIL1 TO APRIL 10 26.csv,CHWY 9/19/2025 Call $35.50
PLTR,9/19/2025,C,170.0,PLTR|9/19/2025|C|170.0,2025-09-12,2025-09-18,2025-09-12,2025-09-18,1,5.25,4.95,-30.0,-30.0,LOSS,6,APRIL1 TO APRIL 10 26.csv,APRIL1 TO APRIL 10 26.csv,PLTR 9/19/2025 Call $170.00
UUUU,9/26/2025,C,14.0,UUUU|9/26/2025|C|14.0,2025-09-18,2025-09-18,2025-09-18,2025-09-18,1,0.95,0.85,-10.0,-10.0,LOSS,0,APRIL1 TO APRIL 10 26.csv,APRIL1 TO APRIL 10 26.csv,UUUU 9/26/2025 Call $14.00
UUUU,9/26/2025,C,14.0,UUUU|9/26/2025|C|14.0,2025-09-18,2025-09-18,2025-09-18,2025-09-18,1,0.95,0.85,-10.0,-10.0,LOSS,0,APRIL1 TO APRIL 10 26.csv,APRIL1 TO APRIL 10 26.csv,UUUU 9/26/2025 Call $14.00
UUUU,9/26/2025,C,14.0,UUUU|9/26/2025|C|14.0,2025-09-18,2025-09-18,2025-09-18,2025-09-18,1,0.95,0.85,-10.0,-10.0,LOSS,0,APRIL1 TO APRIL 10 26.csv,APRIL1 TO APRIL 10 26.csv,UUUU 9/26/2025 Call $14.00
CRWV,9/19/2025,C,119.0,CRWV|9/19/2025|C|119.0,2025-09-15,2025-09-19,2025-09-15,2025-09-19,1,5.25,5.45,20.0,20.0,WIN,4,APRIL1 TO APRIL 10 26.csv,APRIL1 TO APRIL 10 26.csv,CRWV 9/19/2025 Call $119.00
HIMS,9/19/2025,C,49.5,HIMS|9/19/2025|C|49.5,2025-09-10,2025-09-19,2025-09-10,2025-09-19,1,2.6,8.55,595.0,595.0,WIN,9,APRIL1 TO APRIL 10 26.csv,APRIL1 TO APRIL 10 26.csv,HIMS 9/19/2025 Call $49.50
OKLO,9/19/2025,C,109.0,OKLO|9/19/2025|C|109.0,2025-09-18,2025-09-19,2025-09-18,2025-09-19,1,3.8,23.4,1960.0,1960.0,WIN,1,APRIL1 TO APRIL 10 26.csv,APRIL1 TO APRIL 10 26.csv,OKLO 9/19/2025 Call $109.00
UNH,9/19/2025,C,340.0,UNH|9/19/2025|C|340.0,2025-09-18,2025-09-19,2025-09-18,2025-09-19,1,4.4,0.14,-426.0,-426.0,LOSS,1,APRIL1 TO APRIL 10 26.csv,APRIL1 TO APRIL 10 26.csv,UNH 9/19/2025 Call $340.00
BBAI,9/26/2025,C,5.5,BBAI|9/26/2025|C|5.5,2025-09-16,2025-09-22,2025-09-16,2025-09-22,8,0.7,1.15,45.0,360.0,WIN,6,APRIL1 TO APRIL 10 26.csv,APRIL1 TO APRIL 10 26.csv,BBAI 9/26/2025 Call $5.50
RR,10/17/2025,C,3.0,RR|10/17/2025|C|3.0,2025-09-16,2025-09-22,2025-09-16,2025-09-22,1,1.25,1.5,25.0,25.0,WIN,6,APRIL1 TO APRIL 10 26.csv,APRIL1 TO APRIL 10 26.csv,RR 10/17/2025 Call $3.00
RR,10/17/2025,C,3.0,RR|10/17/2025|C|3.0,2025-09-16,2025-09-22,2025-09-16,2025-09-22,2,1.25,1.5,25.0,50.0,WIN,6,APRIL1 TO APRIL 10 26.csv,APRIL1 TO APRIL 10 26.csv,RR 10/17/2025 Call $3.00
RR,10/17/2025,C,3.0,RR|10/17/2025|C|3.0,2025-09-16,2025-09-22,2025-09-16,2025-09-22,2,1.25,1.5,25.0,50.0,WIN,6,APRIL1 TO APRIL 10 26.csv,APRIL1 TO APRIL 10 26.csv,RR 10/17/2025 Call $3.00
ORCL,10/3/2025,C,310.0,ORCL|10/3/2025|C|310.0,2025-09-22,2025-09-23,2025-09-22,2025-09-23,1,11.89,11.8,-9.0,-9.0,LOSS,1,APRIL1 TO APRIL 10 26.csv,APRIL1 TO APRIL 10 26.csv,ORCL 10/3/2025 Call $310.00
SOFI,9/26/2025,C,27.5,SOFI|9/26/2025|C|27.5,2025-09-15,2025-09-23,2025-09-15,2025-09-23,4,1.3,2.45,115.0,460.0,WIN,8,APRIL1 TO APRIL 10 26.csv,APRIL1 TO APRIL 10 26.csv,SOFI 9/26/2025 Call $27.50
DIS,9/26/2025,C,112.0,DIS|9/26/2025|C|112.0,2025-09-22,2025-09-24,2025-09-22,2025-09-24,1,1.83,2.3,47.0,47.0,WIN,2,APRIL1 TO APRIL 10 26.csv,APRIL1 TO APRIL 10 26.csv,DIS 9/26/2025 Call $112.00
DIS,9/26/2025,C,112.0,DIS|9/26/2025|C|112.0,2025-09-22,2025-09-24,2025-09-22,2025-09-24,1,1.83,2.3,47.0,47.0,WIN,2,APRIL1 TO APRIL 10 26.csv,APRIL1 TO APRIL 10 26.csv,DIS 9/26/2025 Call $112.00
UUUU,10/3/2025,C,15.0,UUUU|10/3/2025|C|15.0,2025-09-19,2025-09-24,2025-09-19,2025-09-24,2,1.25,3.35,210.0,420.0,WIN,5,APRIL1 TO APRIL 10 26.csv,APRIL1 TO APRIL 10 26.csv,UUUU 10/3/2025 Call $15.00
DIS,9/26/2025,C,112.0,DIS|9/26/2025|C|112.0,2025-09-22,2025-09-26,2025-09-22,2025-09-26,1,1.83,1.19,-64.0,-64.0,LOSS,4,APRIL1 TO APRIL 10 26.csv,APRIL1 TO APRIL 10 26.csv,DIS 9/26/2025 Call $112.00
SOFI,9/26/2025,C,27.5,SOFI|9/26/2025|C|27.5,2025-09-15,2025-09-26,2025-09-15,2025-09-26,2,1.3,0.46,-84.0,-168.0,LOSS,11,APRIL1 TO APRIL 10 26.csv,APRIL1 TO APRIL 10 26.csv,SOFI 9/26/2025 Call $27.50
CHWY,11/21/2025,C,37.5,CHWY|11/21/2025|C|37.5,2025-09-23,2025-09-29,2025-09-23,2025-09-29,1,3.05,4.05,100.0,100.0,WIN,6,APRIL1 TO APRIL 10 26.csv,APRIL1 TO APRIL 10 26.csv,CHWY 11/21/2025 Call $37.50
UUUU,10/3/2025,C,15.0,UUUU|10/3/2025|C|15.0,2025-09-19,2025-09-29,2025-09-19,2025-09-29,1,1.25,2.15,90.0,90.0,WIN,10,APRIL1 TO APRIL 10 26.csv,APRIL1 TO APRIL 10 26.csv,UUUU 10/3/2025 Call $15.00
CNC,10/3/2025,C,35.0,CNC|10/3/2025|C|35.0,2025-09-26,2025-09-30,2025-09-26,2025-09-30,1,1.14,1.0,-14.0,-14.0,LOSS,4,APRIL1 TO APRIL 10 26.csv,APRIL1 TO APRIL 10 26.csv,CNC 10/3/2025 Call $35.00
PFE,10/3/2025,C,24.5,PFE|10/3/2025|C|24.5,2025-09-30,2025-09-30,2025-09-30,2025-09-30,1,0.38,1.07,69.0,69.0,WIN,0,APRIL1 TO APRIL 10 26.csv,APRIL1 TO APRIL 10 26.csv,PFE 10/3/2025 Call $24.50
PFE,10/31/2025,C,25.0,PFE|10/31/2025|C|25.0,2025-09-30,2025-09-30,2025-09-30,2025-09-30,1,0.69,1.1,41.0,41.0,WIN,0,APRIL1 TO APRIL 10 26.csv,APRIL1 TO APRIL 10 26.csv,PFE 10/31/2025 Call $25.00
PFE,10/31/2025,C,25.0,PFE|10/31/2025|C|25.0,2025-09-30,2025-09-30,2025-09-30,2025-09-30,2,0.69,1.1,41.0,82.0,WIN,0,APRIL1 TO APRIL 10 26.csv,APRIL1 TO APRIL 10 26.csv,PFE 10/31/2025 Call $25.00
PFE,10/3/2025,C,24.5,PFE|10/3/2025|C|24.5,2025-09-30,2025-10-01,2025-09-30,2025-10-01,1,0.38,1.32,94.0,94.0,WIN,1,APRIL1 TO APRIL 10 26.csv,APRIL1 TO APRIL 10 26.csv,PFE 10/3/2025 Call $24.50
PFE,10/31/2025,C,25.0,PFE|10/31/2025|C|25.0,2025-09-30,2025-10-01,2025-09-30,2025-10-01,1,0.69,1.9,121.0,121.0,WIN,1,APRIL1 TO APRIL 10 26.csv,APRIL1 TO APRIL 10 26.csv,PFE 10/31/2025 Call $25.00
BABA,10/3/2025,C,180.0,BABA|10/3/2025|C|180.0,2025-09-29,2025-10-02,2025-09-29,2025-10-02,1,4.05,9.3,525.0,525.0,WIN,3,APRIL1 TO APRIL 10 26.csv,APRIL1 TO APRIL 10 26.csv,BABA 10/3/2025 Call $180.00
BIDU,10/3/2025,C,135.0,BIDU|10/3/2025|C|135.0,2025-09-25,2025-10-02,2025-09-25,2025-10-02,1,4.99,8.75,376.0,376.0,WIN,7,APRIL1 TO APRIL 10 26.csv,APRIL1 TO APRIL 10 26.csv,BIDU 10/3/2025 Call $135.00
HOOD,10/3/2025,C,123.0,HOOD|10/3/2025|C|123.0,2025-09-19,2025-10-02,2025-09-19,2025-10-02,1,5.75,19.2,1345.0,1345.0,WIN,13,APRIL1 TO APRIL 10 26.csv,APRIL1 TO APRIL 10 26.csv,HOOD 10/3/2025 Call $123.00
MU,10/3/2025,C,167.5,MU|10/3/2025|C|167.5,2025-09-23,2025-10-02,2025-09-23,2025-10-02,1,9.51,14.65,514.0,514.0,WIN,9,APRIL1 TO APRIL 10 26.csv,APRIL1 TO APRIL 10 26.csv,MU 10/3/2025 Call $167.50
PFE,10/31/2025,C,25.0,PFE|10/31/2025|C|25.0,2025-09-30,2025-10-02,2025-09-30,2025-10-02,1,0.69,2.19,150.0,150.0,WIN,2,APRIL1 TO APRIL 10 26.csv,APRIL1 TO APRIL 10 26.csv,PFE 10/31/2025 Call $25.00
UNH,10/3/2025,C,337.5,UNH|10/3/2025|C|337.5,2025-09-22,2025-10-02,2025-09-22,2025-10-02,1,9.8,11.0,120.0,120.0,WIN,10,APRIL1 TO APRIL 10 26.csv,APRIL1 TO APRIL 10 26.csv,UNH 10/3/2025 Call $337.50
AMD,10/3/2025,C,162.5,AMD|10/3/2025|C|162.5,2025-09-29,2025-10-03,2025-09-29,2025-10-03,1,3.67,2.21,-146.0,-146.0,LOSS,4,APRIL1 TO APRIL 10 26.csv,APRIL1 TO APRIL 10 26.csv,AMD 10/3/2025 Call $162.50
UUUU,10/3/2025,C,15.0,UUUU|10/3/2025|C|15.0,2025-09-19,2025-10-03,2025-09-19,2025-10-03,1,1.25,1.75,50.0,50.0,WIN,14,APRIL1 TO APRIL 10 26.csv,APRIL1 TO APRIL 10 26.csv,UUUU 10/3/2025 Call $15.00
MSFT,10/31/2025,C,515.0,MSFT|10/31/2025|C|515.0,2025-10-03,2025-10-07,2025-10-03,2025-10-07,1,19.43,22.45,302.0,302.0,WIN,4,APRIL1 TO APRIL 10 26.csv,APRIL1 TO APRIL 10 26.csv,MSFT 10/31/2025 Call $515.00
CHWY,11/21/2025,C,37.5,CHWY|11/21/2025|C|37.5,2025-09-23,2025-10-09,2025-09-23,2025-10-09,1,3.05,3.13,8.0,8.0,WIN,16,APRIL1 TO APRIL 10 26.csv,APRIL1 TO APRIL 10 26.csv,CHWY 11/21/2025 Call $37.50
CHWY,11/21/2025,C,37.5,CHWY|11/21/2025|C|37.5,2025-09-23,2025-10-09,2025-09-23,2025-10-09,1,3.05,3.13,8.0,8.0,WIN,16,APRIL1 TO APRIL 10 26.csv,APRIL1 TO APRIL 10 26.csv,CHWY 11/21/2025 Call $37.50
PFE,10/31/2025,C,25.0,PFE|10/31/2025|C|25.0,2025-09-30,2025-10-09,2025-09-30,2025-10-09,1,0.69,0.83,14.0,14.0,WIN,9,APRIL1 TO APRIL 10 26.csv,APRIL1 TO APRIL 10 26.csv,PFE 10/31/2025 Call $25.00
LAC,10/17/2025,C,3.5,LAC|10/17/2025|C|3.5,2025-10-01,2025-10-10,2025-10-01,2025-10-10,1,3.9,4.0,10.0,10.0,WIN,9,APRIL1 TO APRIL 10 26.csv,APRIL1 TO APRIL 10 26.csv,LAC 10/17/2025 Call $3.50
NVDA,10/10/2025,C,185.0,NVDA|10/10/2025|C|185.0,2025-09-30,2025-10-10,2025-09-30,2025-10-10,1,5.85,9.65,380.0,380.0,WIN,10,APRIL1 TO APRIL 10 26.csv,APRIL1 TO APRIL 10 26.csv,NVDA 10/10/2025 Call $185.00
NVDA,10/24/2025,C,195.0,NVDA|10/24/2025|C|195.0,2025-10-10,2025-10-10,2025-10-10,2025-10-10,1,6.0,3.9,-210.0,-210.0,LOSS,0,APRIL1 TO APRIL 10 26.csv,APRIL1 TO APRIL 10 26.csv,NVDA 10/24/2025 Call $195.00
QQQ,10/14/2025,C,600.0,QQQ|10/14/2025|C|600.0,2025-10-10,2025-10-10,2025-10-10,2025-10-10,1,5.69,4.46,-123.0,-123.0,LOSS,0,APRIL1 TO APRIL 10 26.csv,APRIL1 TO APRIL 10 26.csv,QQQ 10/14/2025 Call $600.00
RKLB,10/31/2025,C,71.0,RKLB|10/31/2025|C|71.0,2025-10-10,2025-10-10,2025-10-10,2025-10-10,1,7.1,6.55,-55.0,-55.0,LOSS,0,APRIL1 TO APRIL 10 26.csv,APRIL1 TO APRIL 10 26.csv,RKLB 10/31/2025 Call $71.00
RR,10/17/2025,C,5.0,RR|10/17/2025|C|5.0,2025-09-22,2025-10-10,2025-09-22,2025-10-10,3,1.14,1.35,21.0,63.0,WIN,18,APRIL1 TO APRIL 10 26.csv,APRIL1 TO APRIL 10 26.csv,RR 10/17/2025 Call $5.00
RR,10/17/2025,C,5.0,RR|10/17/2025|C|5.0,2025-09-22,2025-10-10,2025-09-22,2025-10-10,3,1.14,1.65,51.0,153.0,WIN,18,APRIL1 TO APRIL 10 26.csv,APRIL1 TO APRIL 10 26.csv,RR 10/17/2025 Call $5.00
QQQ,10/13/2025,P,589.0,QQQ|10/13/2025|P|589.0,2025-10-10,2025-10-13,2025-10-10,2025-10-13,1,3.87,0.33,-354.0,-354.0,LOSS,3,APRIL1 TO APRIL 10 26.csv,APRIL1 TO APRIL 10 26.csv,QQQ 10/13/2025 Put $589.00
QQQ,10/13/2025,P,596.0,QQQ|10/13/2025|P|596.0,2025-10-10,2025-10-13,2025-10-10,2025-10-13,1,4.2,1.08,-312.0,-312.0,LOSS,3,APRIL1 TO APRIL 10 26.csv,APRIL1 TO APRIL 10 26.csv,QQQ 10/13/2025 Put $596.00
QQQ,10/15/2025,P,604.0,QQQ|10/15/2025|P|604.0,2025-10-10,2025-10-13,2025-10-10,2025-10-13,1,4.24,7.27,303.0,303.0,WIN,3,APRIL1 TO APRIL 10 26.csv,APRIL1 TO APRIL 10 26.csv,QQQ 10/15/2025 Put $604.00
IREN,10/31/2025,C,62.0,IREN|10/31/2025|C|62.0,2025-10-09,2025-10-14,2025-10-09,2025-10-14,1,8.98,11.75,277.0,277.0,WIN,5,APRIL1 TO APRIL 10 26.csv,APRIL1 TO APRIL 10 26.csv,IREN 10/31/2025 Call $62.00
TMC,10/31/2025,C,9.5,TMC|10/31/2025|C|9.5,2025-10-10,2025-10-14,2025-10-10,2025-10-14,1,1.4,1.75,35.0,35.0,WIN,4,APRIL1 TO APRIL 10 26.csv,APRIL1 TO APRIL 10 26.csv,TMC 10/31/2025 Call $9.50
SPY,10/15/2025,C,666.0,SPY|10/15/2025|C|666.0,2025-10-14,2025-10-15,2025-10-14,2025-10-15,3,0.85,1.99,114.0,342.0,WIN,1,APRIL1 TO APRIL 10 26.csv,APRIL1 TO APRIL 10 26.csv,SPY 10/15/2025 Call $666.00
SPY,10/15/2025,C,666.0,SPY|10/15/2025|C|666.0,2025-10-14,2025-10-15,2025-10-14,2025-10-15,1,0.85,2.0,115.0,115.0,WIN,1,APRIL1 TO APRIL 10 26.csv,APRIL1 TO APRIL 10 26.csv,SPY 10/15/2025 Call $666.00
SPY,10/15/2025,C,666.0,SPY|10/15/2025|C|666.0,2025-10-14,2025-10-15,2025-10-14,2025-10-15,1,1.88,2.0,12.0,12.0,WIN,1,APRIL1 TO APRIL 10 26.csv,APRIL1 TO APRIL 10 26.csv,SPY 10/15/2025 Call $666.00
SPY,10/15/2025,P,662.0,SPY|10/15/2025|P|662.0,2025-10-14,2025-10-15,2025-10-14,2025-10-15,1,2.72,0.49,-223.0,-223.0,LOSS,1,APRIL1 TO APRIL 10 26.csv,APRIL1 TO APRIL 10 26.csv,SPY 10/15/2025 Put $662.00
SPY,10/15/2025,P,662.0,SPY|10/15/2025|P|662.0,2025-10-14,2025-10-15,2025-10-14,2025-10-15,1,2.72,0.52,-220.0,-220.0,LOSS,1,APRIL1 TO APRIL 10 26.csv,APRIL1 TO APRIL 10 26.csv,SPY 10/15/2025 Put $662.00
SPY,10/16/2025,C,667.0,SPY|10/16/2025|C|667.0,2025-10-15,2025-10-16,2025-10-15,2025-10-16,2,2.86,1.2,-166.0,-332.0,LOSS,1,APRIL1 TO APRIL 10 26.csv,APRIL1 TO APRIL 10 26.csv,SPY 10/16/2025 Call $667.00
SPY,10/16/2025,C,667.0,SPY|10/16/2025|C|667.0,2025-10-15,2025-10-16,2025-10-15,2025-10-16,2,2.86,1.2,-166.0,-332.0,LOSS,1,APRIL1 TO APRIL 10 26.csv,APRIL1 TO APRIL 10 26.csv,SPY 10/16/2025 Call $667.00
SPY,10/16/2025,C,667.0,SPY|10/16/2025|C|667.0,2025-10-15,2025-10-16,2025-10-15,2025-10-16,1,2.86,1.2,-166.0,-166.0,LOSS,1,APRIL1 TO APRIL 10 26.csv,APRIL1 TO APRIL 10 26.csv,SPY 10/16/2025 Call $667.00
GLD,10/24/2025,C,395.0,GLD|10/24/2025|C|395.0,2025-10-16,2025-10-17,2025-10-16,2025-10-17,1,5.41,7.65,224.0,224.0,WIN,1,APRIL1 TO APRIL 10 26.csv,APRIL1 TO APRIL 10 26.csv,GLD 10/24/2025 Call $395.00
GLD,10/24/2025,C,396.0,GLD|10/24/2025|C|396.0,2025-10-16,2025-10-17,2025-10-16,2025-10-17,1,5.02,7.75,273.0,273.0,WIN,1,APRIL1 TO APRIL 10 26.csv,APRIL1 TO APRIL 10 26.csv,GLD 10/24/2025 Call $396.00
GLD,10/24/2025,C,396.0,GLD|10/24/2025|C|396.0,2025-10-16,2025-10-17,2025-10-16,2025-10-17,1,5.02,7.75,273.0,273.0,WIN,1,APRIL1 TO APRIL 10 26.csv,APRIL1 TO APRIL 10 26.csv,GLD 10/24/2025 Call $396.00
SPY,10/20/2025,C,664.0,SPY|10/20/2025|C|664.0,2025-10-17,2025-10-20,2025-10-17,2025-10-20,1,3.65,8.0,435.0,435.0,WIN,3,APRIL1 TO APRIL 10 26.csv,APRIL1 TO APRIL 10 26.csv,SPY 10/20/2025 Call $664.00
UNH,10/31/2025,C,350.0,UNH|10/31/2025|C|350.0,2025-10-02,2025-10-21,2025-10-02,2025-10-21,1,21.45,21.45,0.0,0.0,FLAT,19,APRIL1 TO APRIL 10 26.csv,APRIL1 TO APRIL 10 26.csv,UNH 10/31/2025 Call $350.00
BABA,11/7/2025,C,167.5,BABA|11/7/2025|C|167.5,2025-10-22,2025-10-22,2025-10-22,2025-10-22,1,8.56,5.98,-258.0,-258.0,LOSS,0,APRIL1 TO APRIL 10 26.csv,APRIL1 TO APRIL 10 26.csv,BABA 11/7/2025 Call $167.50
BABA,11/7/2025,C,167.5,BABA|11/7/2025|C|167.5,2025-10-22,2025-10-22,2025-10-22,2025-10-22,1,8.49,5.98,-251.0,-251.0,LOSS,0,APRIL1 TO APRIL 10 26.csv,APRIL1 TO APRIL 10 26.csv,BABA 11/7/2025 Call $167.50
BYND,11/14/2025,C,2.5,BYND|11/14/2025|C|2.5,2025-10-21,2025-10-22,2025-10-21,2025-10-22,1,1.16,2.61,145.0,145.0,WIN,1,APRIL1 TO APRIL 10 26.csv,APRIL1 TO APRIL 10 26.csv,BYND 11/14/2025 Call $2.50
BYND,11/14/2025,C,2.5,BYND|11/14/2025|C|2.5,2025-10-21,2025-10-22,2025-10-21,2025-10-22,2,1.16,3.85,269.0,538.0,WIN,1,APRIL1 TO APRIL 10 26.csv,APRIL1 TO APRIL 10 26.csv,BYND 11/14/2025 Call $2.50
BYND,11/14/2025,C,2.5,BYND|11/14/2025|C|2.5,2025-10-21,2025-10-22,2025-10-21,2025-10-22,2,1.16,3.8,264.0,528.0,WIN,1,APRIL1 TO APRIL 10 26.csv,APRIL1 TO APRIL 10 26.csv,BYND 11/14/2025 Call $2.50
HOOD,10/31/2025,C,114.0,HOOD|10/31/2025|C|114.0,2025-09-15,2025-10-22,2025-09-15,2025-10-22,1,10.67,12.6,193.0,193.0,WIN,37,APRIL1 TO APRIL 10 26.csv,APRIL1 TO APRIL 10 26.csv,HOOD 10/31/2025 Call $114.00
QQQ,10/24/2025,P,605.0,QQQ|10/24/2025|P|605.0,2025-10-22,2025-10-22,2025-10-22,2025-10-22,1,3.45,4.54,109.0,109.0,WIN,0,APRIL1 TO APRIL 10 26.csv,APRIL1 TO APRIL 10 26.csv,QQQ 10/24/2025 Put $605.00
QQQ,10/24/2025,P,605.0,QQQ|10/24/2025|P|605.0,2025-10-22,2025-10-22,2025-10-22,2025-10-22,2,3.45,5.52,207.0,414.0,WIN,0,APRIL1 TO APRIL 10 26.csv,APRIL1 TO APRIL 10 26.csv,QQQ 10/24/2025 Put $605.00
QQQ,10/24/2025,P,605.0,QQQ|10/24/2025|P|605.0,2025-10-22,2025-10-22,2025-10-22,2025-10-22,1,3.45,3.4,-5.0,-5.0,LOSS,0,APRIL1 TO APRIL 10 26.csv,APRIL1 TO APRIL 10 26.csv,QQQ 10/24/2025 Put $605.00
UNH,10/24/2025,P,357.5,UNH|10/24/2025|P|357.5,2025-10-22,2025-10-22,2025-10-22,2025-10-22,1,3.72,3.9,18.0,18.0,WIN,0,APRIL1 TO APRIL 10 26.csv,APRIL1 TO APRIL 10 26.csv,UNH 10/24/2025 Put $357.50
UNH,10/31/2025,C,365.0,UNH|10/31/2025|C|365.0,2025-10-21,2025-10-22,2025-10-21,2025-10-22,1,14.67,10.6,-407.0,-407.0,LOSS,1,APRIL1 TO APRIL 10 26.csv,APRIL1 TO APRIL 10 26.csv,UNH 10/31/2025 Call $365.00
QQQ,10/24/2025,C,605.0,QQQ|10/24/2025|C|605.0,2025-10-22,2025-10-23,2025-10-22,2025-10-23,2,3.71,5.09,138.0,276.0,WIN,1,APRIL1 TO APRIL 10 26.csv,APRIL1 TO APRIL 10 26.csv,QQQ 10/24/2025 Call $605.00
QQQ,10/24/2025,P,605.0,QQQ|10/24/2025|P|605.0,2025-10-22,2025-10-23,2025-10-22,2025-10-23,1,3.45,3.34,-11.0,-11.0,LOSS,1,APRIL1 TO APRIL 10 26.csv,APRIL1 TO APRIL 10 26.csv,QQQ 10/24/2025 Put $605.00
HOOD,10/24/2025,C,130.0,HOOD|10/24/2025|C|130.0,2025-10-23,2025-10-24,2025-10-23,2025-10-24,1,2.65,9.82,717.0,717.0,WIN,1,APRIL1 TO APRIL 10 26.csv,APRIL1 TO APRIL 10 26.csv,HOOD 10/24/2025 Call $130.00
HOOD,10/24/2025,C,130.0,HOOD|10/24/2025|C|130.0,2025-10-23,2025-10-24,2025-10-23,2025-10-24,1,2.65,9.82,717.0,717.0,WIN,1,APRIL1 TO APRIL 10 26.csv,APRIL1 TO APRIL 10 26.csv,HOOD 10/24/2025 Call $130.00
HOOD,10/24/2025,C,130.0,HOOD|10/24/2025|C|130.0,2025-10-23,2025-10-24,2025-10-23,2025-10-24,2,2.65,11.2,855.0,1710.0,WIN,1,APRIL1 TO APRIL 10 26.csv,APRIL1 TO APRIL 10 26.csv,HOOD 10/24/2025 Call $130.00
HOOD,10/24/2025,C,130.0,HOOD|10/24/2025|C|130.0,2025-10-23,2025-10-24,2025-10-23,2025-10-24,1,2.65,11.2,855.0,855.0,WIN,1,APRIL1 TO APRIL 10 26.csv,APRIL1 TO APRIL 10 26.csv,HOOD 10/24/2025 Call $130.00
HOOD,10/24/2025,C,130.0,HOOD|10/24/2025|C|130.0,2025-10-23,2025-10-24,2025-10-23,2025-10-24,5,2.65,10.25,760.0,3800.0,WIN,1,APRIL1 TO APRIL 10 26.csv,APRIL1 TO APRIL 10 26.csv,HOOD 10/24/2025 Call $130.00
BYND,10/31/2025,P,3.5,BYND|10/31/2025|P|3.5,2025-10-24,2025-10-27,2025-10-24,2025-10-27,5,1.22,1.51,29.0,145.0,WIN,3,APRIL1 TO APRIL 10 26.csv,APRIL1 TO APRIL 10 26.csv,BYND 10/31/2025 Put $3.50
BYND,10/31/2025,P,3.5,BYND|10/31/2025|P|3.5,2025-10-24,2025-10-27,2025-10-24,2025-10-27,1,1.22,1.68,46.0,46.0,WIN,3,APRIL1 TO APRIL 10 26.csv,APRIL1 TO APRIL 10 26.csv,BYND 10/31/2025 Put $3.50
BYND,10/31/2025,P,3.5,BYND|10/31/2025|P|3.5,2025-10-24,2025-10-27,2025-10-24,2025-10-27,9,1.22,1.68,46.0,414.0,WIN,3,APRIL1 TO APRIL 10 26.csv,APRIL1 TO APRIL 10 26.csv,BYND 10/31/2025 Put $3.50
SPY,10/27/2025,C,678.0,SPY|10/27/2025|C|678.0,2025-10-24,2025-10-27,2025-10-24,2025-10-27,1,2.14,6.65,451.0,451.0,WIN,3,APRIL1 TO APRIL 10 26.csv,APRIL1 TO APRIL 10 26.csv,SPY 10/27/2025 Call $678.00
SPY,10/27/2025,C,678.0,SPY|10/27/2025|C|678.0,2025-10-24,2025-10-27,2025-10-24,2025-10-27,1,2.14,6.36,422.0,422.0,WIN,3,APRIL1 TO APRIL 10 26.csv,APRIL1 TO APRIL 10 26.csv,SPY 10/27/2025 Call $678.00
SPY,10/27/2025,C,678.0,SPY|10/27/2025|C|678.0,2025-10-24,2025-10-27,2025-10-24,2025-10-27,3,2.15,4.98,283.0,849.0,WIN,3,APRIL1 TO APRIL 10 26.csv,APRIL1 TO APRIL 10 26.csv,SPY 10/27/2025 Call $678.00
NVDA,11/7/2025,C,200.0,NVDA|11/7/2025|C|200.0,2025-10-27,2025-10-28,2025-10-27,2025-10-28,1,1.9,5.85,395.0,395.0,WIN,1,APRIL1 TO APRIL 10 26.csv,APRIL1 TO APRIL 10 26.csv,NVDA 11/7/2025 Call $200.00
QQQ,10/28/2025,C,626.0,QQQ|10/28/2025|C|626.0,2025-10-27,2025-10-28,2025-10-27,2025-10-28,3,2.79,4.04,125.0,375.0,WIN,1,APRIL1 TO APRIL 10 26.csv,APRIL1 TO APRIL 10 26.csv,QQQ 10/28/2025 Call $626.00
QQQ,10/28/2025,C,627.0,QQQ|10/28/2025|C|627.0,2025-10-27,2025-10-28,2025-10-27,2025-10-28,5,1.48,4.18,270.0,1350.0,WIN,1,APRIL1 TO APRIL 10 26.csv,APRIL1 TO APRIL 10 26.csv,QQQ 10/28/2025 Call $627.00
QQQ,10/28/2025,C,627.0,QQQ|10/28/2025|C|627.0,2025-10-27,2025-10-28,2025-10-27,2025-10-28,2,1.48,4.18,270.0,540.0,WIN,1,APRIL1 TO APRIL 10 26.csv,APRIL1 TO APRIL 10 26.csv,QQQ 10/28/2025 Call $627.00
QQQ,10/28/2025,C,627.0,QQQ|10/28/2025|C|627.0,2025-10-27,2025-10-28,2025-10-27,2025-10-28,3,1.48,4.17,269.0,807.0,WIN,1,APRIL1 TO APRIL 10 26.csv,APRIL1 TO APRIL 10 26.csv,QQQ 10/28/2025 Call $627.00
QQQ,10/28/2025,C,627.0,QQQ|10/28/2025|C|627.0,2025-10-27,2025-10-28,2025-10-27,2025-10-28,4,1.48,4.17,269.0,1076.0,WIN,1,APRIL1 TO APRIL 10 26.csv,APRIL1 TO APRIL 10 26.csv,QQQ 10/28/2025 Call $627.00
QQQ,10/28/2025,C,627.0,QQQ|10/28/2025|C|627.0,2025-10-27,2025-10-28,2025-10-27,2025-10-28,1,1.48,4.18,270.0,270.0,WIN,1,APRIL1 TO APRIL 10 26.csv,APRIL1 TO APRIL 10 26.csv,QQQ 10/28/2025 Call $627.00
SPY,10/28/2025,C,685.0,SPY|10/28/2025|C|685.0,2025-10-27,2025-10-28,2025-10-27,2025-10-28,4,1.06,1.08,2.0,8.0,WIN,1,APRIL1 TO APRIL 10 26.csv,APRIL1 TO APRIL 10 26.csv,SPY 10/28/2025 Call $685.00
NVDA,11/7/2025,C,200.0,NVDA|11/7/2025|C|200.0,2025-10-27,2025-10-29,2025-10-27,2025-10-29,1,1.9,13.22,1132.0,1132.0,WIN,2,APRIL1 TO APRIL 10 26.csv,APRIL1 TO APRIL 10 26.csv,NVDA 11/7/2025 Call $200.00
QQQ,10/29/2025,C,630.0,QQQ|10/29/2025|C|630.0,2025-10-28,2025-10-29,2025-10-28,2025-10-29,4,3.94,4.44,50.0,200.0,WIN,1,APRIL1 TO APRIL 10 26.csv,APRIL1 TO APRIL 10 26.csv,QQQ 10/29/2025 Call $630.00
SPY,10/29/2025,C,687.0,SPY|10/29/2025|C|687.0,2025-10-28,2025-10-29,2025-10-28,2025-10-29,5,2.25,0.84,-141.0,-705.0,LOSS,1,APRIL1 TO APRIL 10 26.csv,APRIL1 TO APRIL 10 26.csv,SPY 10/29/2025 Call $687.00
SPY,10/29/2025,C,687.0,SPY|10/29/2025|C|687.0,2025-10-28,2025-10-29,2025-10-28,2025-10-29,5,2.25,3.22,97.0,485.0,WIN,1,APRIL1 TO APRIL 10 26.csv,APRIL1 TO APRIL 10 26.csv,SPY 10/29/2025 Call $687.00
SPY,10/29/2025,C,688.0,SPY|10/29/2025|C|688.0,2025-10-28,2025-10-29,2025-10-28,2025-10-29,2,2.38,0.49,-189.0,-378.0,LOSS,1,APRIL1 TO APRIL 10 26.csv,APRIL1 TO APRIL 10 26.csv,SPY 10/29/2025 Call $688.00
SPY,10/31/2025,P,683.0,SPY|10/31/2025|P|683.0,2025-10-29,2025-10-29,2025-10-29,2025-10-29,2,4.16,3.47,-69.0,-138.0,LOSS,0,APRIL1 TO APRIL 10 26.csv,APRIL1 TO APRIL 10 26.csv,SPY 10/31/2025 Put $683.00
SPY,10/31/2025,P,683.0,SPY|10/31/2025|P|683.0,2025-10-29,2025-10-29,2025-10-29,2025-10-29,2,4.16,3.47,-69.0,-138.0,LOSS,0,APRIL1 TO APRIL 10 26.csv,APRIL1 TO APRIL 10 26.csv,SPY 10/31/2025 Put $683.00
AAPL,10/31/2025,C,282.5,AAPL|10/31/2025|C|282.5,2025-10-29,2025-10-30,2025-10-29,2025-10-30,3,1.07,1.14,7.0,21.0,WIN,1,APRIL1 TO APRIL 10 26.csv,APRIL1 TO APRIL 10 26.csv,AAPL 10/31/2025 Call $282.50
AAPL,10/31/2025,C,282.5,AAPL|10/31/2025|C|282.5,2025-10-29,2025-10-30,2025-10-29,2025-10-30,2,1.07,1.14,7.0,14.0,WIN,1,APRIL1 TO APRIL 10 26.csv,APRIL1 TO APRIL 10 26.csv,AAPL 10/31/2025 Call $282.50
JD,10/31/2025,P,33.0,JD|10/31/2025|P|33.0,2025-10-30,2025-10-30,2025-10-30,2025-10-30,5,0.31,0.25,-6.0,-30.0,LOSS,0,APRIL1 TO APRIL 10 26.csv,APRIL1 TO APRIL 10 26.csv,JD 10/31/2025 Put $33.00
JD,10/31/2025,P,33.0,JD|10/31/2025|P|33.0,2025-10-30,2025-10-30,2025-10-30,2025-10-30,5,0.31,0.25,-6.0,-30.0,LOSS,0,APRIL1 TO APRIL 10 26.csv,APRIL1 TO APRIL 10 26.csv,JD 10/31/2025 Put $33.00
SPY,10/30/2025,C,686.0,SPY|10/30/2025|C|686.0,2025-10-29,2025-10-30,2025-10-29,2025-10-30,2,3.02,0.04,-298.0,-596.0,LOSS,1,APRIL1 TO APRIL 10 26.csv,APRIL1 TO APRIL 10 26.csv,SPY 10/30/2025 Call $686.00
SPY,10/30/2025,P,681.0,SPY|10/30/2025|P|681.0,2025-10-30,2025-10-30,2025-10-30,2025-10-30,5,2.2,1.78,-42.0,-210.0,LOSS,0,APRIL1 TO APRIL 10 26.csv,APRIL1 TO APRIL 10 26.csv,SPY 10/30/2025 Put $681.00
HIMS,10/31/2025,P,45.0,HIMS|10/31/2025|P|45.0,2025-10-30,2025-10-31,2025-10-30,2025-10-31,3,0.8,0.26,-54.0,-162.0,LOSS,1,APRIL1 TO APRIL 10 26.csv,APRIL1 TO APRIL 10 26.csv,HIMS 10/31/2025 Put $45.00
HIMS,10/31/2025,P,45.0,HIMS|10/31/2025|P|45.0,2025-10-30,2025-10-31,2025-10-30,2025-10-31,2,0.8,0.26,-54.0,-108.0,LOSS,1,APRIL1 TO APRIL 10 26.csv,APRIL1 TO APRIL 10 26.csv,HIMS 10/31/2025 Put $45.00
HIMS,10/31/2025,P,45.0,HIMS|10/31/2025|P|45.0,2025-10-30,2025-10-31,2025-10-30,2025-10-31,5,0.9,0.26,-64.0,-320.0,LOSS,1,APRIL1 TO APRIL 10 26.csv,APRIL1 TO APRIL 10 26.csv,HIMS 10/31/2025 Put $45.00
PLTR,10/31/2025,C,200.0,PLTR|10/31/2025|C|200.0,2025-10-28,2025-10-31,2025-10-28,2025-10-31,1,1.11,1.36,25.0,25.0,WIN,3,APRIL1 TO APRIL 10 26.csv,APRIL1 TO APRIL 10 26.csv,PLTR 10/31/2025 Call $200.00
SPY,10/31/2025,C,685.0,SPY|10/31/2025|C|685.0,2025-10-30,2025-10-31,2025-10-30,2025-10-31,3,2.78,0.18,-260.0,-780.0,LOSS,1,APRIL1 TO APRIL 10 26.csv,APRIL1 TO APRIL 10 26.csv,SPY 10/31/2025 Call $685.00
SPY,10/31/2025,P,675.0,SPY|10/31/2025|P|675.0,2025-10-30,2025-10-31,2025-10-30,2025-10-31,3,0.68,0.13,-55.0,-165.0,LOSS,1,APRIL1 TO APRIL 10 26.csv,APRIL1 TO APRIL 10 26.csv,SPY 10/31/2025 Put $675.00
HIMS,11/14/2025,C,50.0,HIMS|11/14/2025|C|50.0,2025-10-29,2025-11-03,2025-10-29,2025-11-03,1,3.83,2.65,-118.0,-118.0,LOSS,5,APRIL1 TO APRIL 10 26.csv,APRIL1 TO APRIL 10 26.csv,HIMS 11/14/2025 Call $50.00
JD,1/16/2026,C,37.5,JD|1/16/2026|C|37.5,2025-10-24,2025-11-03,2025-10-24,2025-11-03,5,1.79,1.42,-37.0,-185.0,LOSS,10,APRIL1 TO APRIL 10 26.csv,APRIL1 TO APRIL 10 26.csv,JD 1/16/2026 Call $37.50
NVDA,11/7/2025,C,200.0,NVDA|11/7/2025|C|200.0,2025-10-27,2025-11-03,2025-10-27,2025-11-03,1,1.9,8.41,651.0,651.0,WIN,7,APRIL1 TO APRIL 10 26.csv,APRIL1 TO APRIL 10 26.csv,NVDA 11/7/2025 Call $200.00
NVDA,11/7/2025,C,200.0,NVDA|11/7/2025|C|200.0,2025-10-27,2025-11-03,2025-10-27,2025-11-03,2,1.9,8.7,680.0,1360.0,WIN,7,APRIL1 TO APRIL 10 26.csv,APRIL1 TO APRIL 10 26.csv,NVDA 11/7/2025 Call $200.00
SPY,11/3/2025,C,684.0,SPY|11/3/2025|C|684.0,2025-10-31,2025-11-03,2025-10-31,2025-11-03,1,2.54,1.93,-61.0,-61.0,LOSS,3,APRIL1 TO APRIL 10 26.csv,APRIL1 TO APRIL 10 26.csv,SPY 11/3/2025 Call $684.00
HIVE,1/16/2026,C,12.0,HIVE|1/16/2026|C|12.0,2025-10-24,2025-11-04,2025-10-24,2025-11-04,1,0.45,0.15,-30.0,-30.0,LOSS,11,APRIL1 TO APRIL 10 26.csv,APRIL1 TO APRIL 10 26.csv,HIVE 1/16/2026 Call $12.00
HIVE,1/16/2026,C,12.0,HIVE|1/16/2026|C|12.0,2025-10-24,2025-11-04,2025-10-24,2025-11-04,1,0.45,0.15,-30.0,-30.0,LOSS,11,APRIL1 TO APRIL 10 26.csv,APRIL1 TO APRIL 10 26.csv,HIVE 1/16/2026 Call $12.00
HIVE,1/16/2026,C,12.0,HIVE|1/16/2026|C|12.0,2025-10-24,2025-11-04,2025-10-24,2025-11-04,6,0.45,0.15,-30.0,-180.0,LOSS,11,APRIL1 TO APRIL 10 26.csv,APRIL1 TO APRIL 10 26.csv,HIVE 1/16/2026 Call $12.00
HIVE,1/16/2026,C,12.0,HIVE|1/16/2026|C|12.0,2025-10-24,2025-11-04,2025-10-24,2025-11-04,1,0.45,0.15,-30.0,-30.0,LOSS,11,APRIL1 TO APRIL 10 26.csv,APRIL1 TO APRIL 10 26.csv,HIVE 1/16/2026 Call $12.00
HIVE,1/16/2026,C,12.0,HIVE|1/16/2026|C|12.0,2025-10-24,2025-11-04,2025-10-24,2025-11-04,4,0.45,0.15,-30.0,-120.0,LOSS,11,APRIL1 TO APRIL 10 26.csv,APRIL1 TO APRIL 10 26.csv,HIVE 1/16/2026 Call $12.00
HIVE,1/16/2026,C,12.0,HIVE|1/16/2026|C|12.0,2025-10-24,2025-11-04,2025-10-24,2025-11-04,12,0.45,0.15,-30.0,-360.0,LOSS,11,APRIL1 TO APRIL 10 26.csv,APRIL1 TO APRIL 10 26.csv,HIVE 1/16/2026 Call $12.00
JD,1/16/2026,C,37.5,JD|1/16/2026|C|37.5,2025-10-24,2025-11-04,2025-10-24,2025-11-04,1,1.79,1.04,-75.0,-75.0,LOSS,11,APRIL1 TO APRIL 10 26.csv,APRIL1 TO APRIL 10 26.csv,JD 1/16/2026 Call $37.50
JD,1/16/2026,C,37.5,JD|1/16/2026|C|37.5,2025-10-24,2025-11-04,2025-10-24,2025-11-04,1,1.79,1.04,-75.0,-75.0,LOSS,11,APRIL1 TO APRIL 10 26.csv,APRIL1 TO APRIL 10 26.csv,JD 1/16/2026 Call $37.50
JD,1/16/2026,C,37.5,JD|1/16/2026|C|37.5,2025-10-24,2025-11-04,2025-10-24,2025-11-04,2,1.79,1.04,-75.0,-150.0,LOSS,11,APRIL1 TO APRIL 10 26.csv,APRIL1 TO APRIL 10 26.csv,JD 1/16/2026 Call $37.50
JD,1/16/2026,C,37.5,JD|1/16/2026|C|37.5,2025-10-24,2025-11-04,2025-10-24,2025-11-04,1,1.79,1.04,-75.0,-75.0,LOSS,11,APRIL1 TO APRIL 10 26.csv,APRIL1 TO APRIL 10 26.csv,JD 1/16/2026 Call $37.50
NOK,11/7/2025,P,7.0,NOK|11/7/2025|P|7.0,2025-11-04,2025-11-05,2025-11-04,2025-11-05,10,0.22,0.19,-3.0,-30.0,LOSS,1,APRIL1 TO APRIL 10 26.csv,APRIL1 TO APRIL 10 26.csv,NOK 11/7/2025 Put $7.00
NOK,11/7/2025,P,7.0,NOK|11/7/2025|P|7.0,2025-11-04,2025-11-05,2025-11-04,2025-11-05,8,0.22,0.19,-3.0,-24.0,LOSS,1,APRIL1 TO APRIL 10 26.csv,APRIL1 TO APRIL 10 26.csv,NOK 11/7/2025 Put $7.00
NOK,11/7/2025,P,7.0,NOK|11/7/2025|P|7.0,2025-11-04,2025-11-05,2025-11-04,2025-11-05,2,0.22,0.19,-3.0,-6.0,LOSS,1,APRIL1 TO APRIL 10 26.csv,APRIL1 TO APRIL 10 26.csv,NOK 11/7/2025 Put $7.00
OKLO,11/7/2025,P,117.0,OKLO|11/7/2025|P|117.0,2025-11-04,2025-11-05,2025-11-04,2025-11-05,1,6.1,4.15,-195.0,-195.0,LOSS,1,APRIL1 TO APRIL 10 26.csv,APRIL1 TO APRIL 10 26.csv,OKLO 11/7/2025 Put $117.00
QQQ,11/5/2025,P,623.0,QQQ|11/5/2025|P|623.0,2025-11-04,2025-11-05,2025-11-04,2025-11-05,2,4.06,1.09,-297.0,-594.0,LOSS,1,APRIL1 TO APRIL 10 26.csv,APRIL1 TO APRIL 10 26.csv,QQQ 11/5/2025 Put $623.00
SPY,11/5/2025,P,675.0,SPY|11/5/2025|P|675.0,2025-11-04,2025-11-05,2025-11-04,2025-11-05,1,2.23,0.24,-199.0,-199.0,LOSS,1,APRIL1 TO APRIL 10 26.csv,APRIL1 TO APRIL 10 26.csv,SPY 11/5/2025 Put $675.00
SPY,11/5/2025,P,675.0,SPY|11/5/2025|P|675.0,2025-11-04,2025-11-05,2025-11-04,2025-11-05,2,2.04,0.24,-180.0,-360.0,LOSS,1,APRIL1 TO APRIL 10 26.csv,APRIL1 TO APRIL 10 26.csv,SPY 11/5/2025 Put $675.00
SPY,11/5/2025,P,677.0,SPY|11/5/2025|P|677.0,2025-11-04,2025-11-05,2025-11-04,2025-11-05,2,3.24,0.52,-272.0,-544.0,LOSS,1,APRIL1 TO APRIL 10 26.csv,APRIL1 TO APRIL 10 26.csv,SPY 11/5/2025 Put $677.00
SPY,11/6/2025,C,680.0,SPY|11/6/2025|C|680.0,2025-11-05,2025-11-05,2025-11-05,2025-11-05,1,1.61,1.85,24.0,24.0,WIN,0,APRIL1 TO APRIL 10 26.csv,APRIL1 TO APRIL 10 26.csv,SPY 11/6/2025 Call $680.00
SPY,11/6/2025,C,680.0,SPY|11/6/2025|C|680.0,2025-11-05,2025-11-05,2025-11-05,2025-11-05,1,1.48,1.85,37.0,37.0,WIN,0,APRIL1 TO APRIL 10 26.csv,APRIL1 TO APRIL 10 26.csv,SPY 11/6/2025 Call $680.00
PLTR,12/5/2025,C,225.0,PLTR|12/5/2025|C|225.0,2025-11-03,2025-11-06,2025-11-03,2025-11-06,1,9.9,1.78,-812.0,-812.0,LOSS,3,APRIL1 TO APRIL 10 26.csv,APRIL1 TO APRIL 10 26.csv,PLTR 12/5/2025 Call $225.00
SPY,11/6/2025,P,673.0,SPY|11/6/2025|P|673.0,2025-11-06,2025-11-06,2025-11-06,2025-11-06,1,1.63,2.93,130.0,130.0,WIN,0,APRIL1 TO APRIL 10 26.csv,APRIL1 TO APRIL 10 26.csv,SPY 11/6/2025 Put $673.00
SPY,11/7/2025,P,676.0,SPY|11/7/2025|P|676.0,2025-11-06,2025-11-06,2025-11-06,2025-11-06,1,2.86,6.1,324.0,324.0,WIN,0,APRIL1 TO APRIL 10 26.csv,APRIL1 TO APRIL 10 26.csv,SPY 11/7/2025 Put $676.00
SPY,11/7/2025,C,676.0,SPY|11/7/2025|C|676.0,2025-11-06,2025-11-07,2025-11-06,2025-11-07,1,0.91,0.09,-82.0,-82.0,LOSS,1,APRIL1 TO APRIL 10 26.csv,APRIL1 TO APRIL 10 26.csv,SPY 11/7/2025 Call $676.00
SPY,11/7/2025,P,670.0,SPY|11/7/2025|P|670.0,2025-11-06,2025-11-07,2025-11-06,2025-11-07,1,2.51,4.63,212.0,212.0,WIN,1,APRIL1 TO APRIL 10 26.csv,APRIL1 TO APRIL 10 26.csv,SPY 11/7/2025 Put $670.00
QUBT,12/5/2025,C,18.5,QUBT|12/5/2025|C|18.5,2025-10-27,2025-11-11,2025-10-27,2025-11-11,8,1.77,0.19,-158.0,-1264.0,LOSS,15,APRIL1 TO APRIL 10 26.csv,APRIL1 TO APRIL 10 26.csv,QUBT 12/5/2025 Call $18.50
SOYB,2/20/2026,C,26.0,SOYB|2/20/2026|C|26.0,2025-10-30,2025-11-11,2025-10-30,2025-11-11,10,0.24,0.18,-6.0,-60.0,LOSS,12,APRIL1 TO APRIL 10 26.csv,APRIL1 TO APRIL 10 26.csv,SOYB 2/20/2026 Call $26.00
GLD,11/14/2025,C,383.0,GLD|11/14/2025|C|383.0,2025-11-12,2025-11-12,2025-11-12,2025-11-12,2,3.35,5.05,170.0,340.0,WIN,0,APRIL1 TO APRIL 10 26.csv,APRIL1 TO APRIL 10 26.csv,GLD 11/14/2025 Call $383.00
SPY,11/12/2025,C,681.0,SPY|11/12/2025|C|681.0,2025-11-11,2025-11-12,2025-11-11,2025-11-12,1,2.06,3.7,164.0,164.0,WIN,1,APRIL1 TO APRIL 10 26.csv,APRIL1 TO APRIL 10 26.csv,SPY 11/12/2025 Call $681.00
GLD,11/14/2025,C,383.0,GLD|11/14/2025|C|383.0,2025-11-12,2025-11-13,2025-11-12,2025-11-13,1,3.35,5.05,170.0,170.0,WIN,1,APRIL1 TO APRIL 10 26.csv,APRIL1 TO APRIL 10 26.csv,GLD 11/14/2025 Call $383.00
GLD,11/14/2025,P,386.0,GLD|11/14/2025|P|386.0,2025-11-13,2025-11-13,2025-11-13,2025-11-13,1,2.9,2.26,-64.0,-64.0,LOSS,0,APRIL1 TO APRIL 10 26.csv,APRIL1 TO APRIL 10 26.csv,GLD 11/14/2025 Put $386.00
GLD,11/14/2025,P,386.0,GLD|11/14/2025|P|386.0,2025-11-13,2025-11-13,2025-11-13,2025-11-13,2,2.9,2.26,-64.0,-128.0,LOSS,0,APRIL1 TO APRIL 10 26.csv,APRIL1 TO APRIL 10 26.csv,GLD 11/14/2025 Put $386.00
SPY,11/14/2025,P,679.0,SPY|11/14/2025|P|679.0,2025-11-13,2025-11-13,2025-11-13,2025-11-13,2,2.54,3.08,54.0,108.0,WIN,0,APRIL1 TO APRIL 10 26.csv,APRIL1 TO APRIL 10 26.csv,SPY 11/14/2025 Put $679.00
GLD,11/14/2025,P,381.0,GLD|11/14/2025|P|381.0,2025-11-13,2025-11-14,2025-11-13,2025-11-14,1,2.25,7.51,526.0,526.0,WIN,1,APRIL1 TO APRIL 10 26.csv,APRIL1 TO APRIL 10 26.csv,GLD 11/14/2025 Put $381.00
GLD,11/14/2025,P,385.0,GLD|11/14/2025|P|385.0,2025-11-13,2025-11-14,2025-11-13,2025-11-14,1,1.99,10.85,886.0,886.0,WIN,1,APRIL1 TO APRIL 10 26.csv,APRIL1 TO APRIL 10 26.csv,GLD 11/14/2025 Put $385.00
GLD,11/14/2025,P,385.0,GLD|11/14/2025|P|385.0,2025-11-13,2025-11-14,2025-11-13,2025-11-14,1,1.99,11.6,961.0,961.0,WIN,1,APRIL1 TO APRIL 10 26.csv,APRIL1 TO APRIL 10 26.csv,GLD 11/14/2025 Put $385.00
NVDA,11/14/2025,P,185.0,NVDA|11/14/2025|P|185.0,2025-11-13,2025-11-14,2025-11-13,2025-11-14,1,1.88,3.95,207.0,207.0,WIN,1,APRIL1 TO APRIL 10 26.csv,APRIL1 TO APRIL 10 26.csv,NVDA 11/14/2025 Put $185.00
NVDA,11/14/2025,P,185.0,NVDA|11/14/2025|P|185.0,2025-11-13,2025-11-14,2025-11-13,2025-11-14,1,1.88,3.95,207.0,207.0,WIN,1,APRIL1 TO APRIL 10 26.csv,APRIL1 TO APRIL 10 26.csv,NVDA 11/14/2025 Put $185.00
NVDA,11/14/2025,P,185.0,NVDA|11/14/2025|P|185.0,2025-11-13,2025-11-14,2025-11-13,2025-11-14,1,1.88,3.95,207.0,207.0,WIN,1,APRIL1 TO APRIL 10 26.csv,APRIL1 TO APRIL 10 26.csv,NVDA 11/14/2025 Put $185.00
GLD,11/17/2025,P,376.0,GLD|11/17/2025|P|376.0,2025-11-14,2025-11-17,2025-11-14,2025-11-17,1,3.05,1.98,-107.0,-107.0,LOSS,3,APRIL1 TO APRIL 10 26.csv,APRIL1 TO APRIL 10 26.csv,GLD 11/17/2025 Put $376.00
GLD,11/21/2025,P,373.0,GLD|11/21/2025|P|373.0,2025-11-17,2025-11-18,2025-11-17,2025-11-18,1,4.25,3.15,-110.0,-110.0,LOSS,1,APRIL1 TO APRIL 10 26.csv,APRIL1 TO APRIL 10 26.csv,GLD 11/21/2025 Put $373.00
SPY,11/18/2025,C,673.0,SPY|11/18/2025|C|673.0,2025-11-17,2025-11-18,2025-11-17,2025-11-18,1,3.2,0.12,-308.0,-308.0,LOSS,1,APRIL1 TO APRIL 10 26.csv,APRIL1 TO APRIL 10 26.csv,SPY 11/18/2025 Call $673.00
SPY,11/18/2025,P,666.0,SPY|11/18/2025|P|666.0,2025-11-17,2025-11-18,2025-11-17,2025-11-18,1,2.8,3.19,39.0,39.0,WIN,1,APRIL1 TO APRIL 10 26.csv,APRIL1 TO APRIL 10 26.csv,SPY 11/18/2025 Put $666.00
SPY,11/18/2025,P,669.0,SPY|11/18/2025|P|669.0,2025-11-17,2025-11-18,2025-11-17,2025-11-18,1,3.73,5.78,205.0,205.0,WIN,1,APRIL1 TO APRIL 10 26.csv,APRIL1 TO APRIL 10 26.csv,SPY 11/18/2025 Put $669.00
GLD,11/19/2025,C,376.0,GLD|11/19/2025|C|376.0,2025-11-17,2025-11-19,2025-11-17,2025-11-19,1,2.86,0.05,-281.0,-281.0,LOSS,2,APRIL1 TO APRIL 10 26.csv,APRIL1 TO APRIL 10 26.csv,GLD 11/19/2025 Call $376.00
GLD,11/21/2025,C,378.0,GLD|11/21/2025|C|378.0,2025-11-18,2025-11-19,2025-11-18,2025-11-19,3,2.79,1.59,-120.0,-360.0,LOSS,1,APRIL1 TO APRIL 10 26.csv,APRIL1 TO APRIL 10 26.csv,GLD 11/21/2025 Call $378.00
GLD,11/21/2025,P,373.0,GLD|11/21/2025|P|373.0,2025-11-19,2025-11-19,2025-11-19,2025-11-19,1,1.96,2.55,59.0,59.0,WIN,0,APRIL1 TO APRIL 10 26.csv,APRIL1 TO APRIL 10 26.csv,GLD 11/21/2025 Put $373.00
SPY,11/19/2025,C,664.0,SPY|11/19/2025|C|664.0,2025-11-18,2025-11-19,2025-11-18,2025-11-19,1,3.93,3.48,-45.0,-45.0,LOSS,1,APRIL1 TO APRIL 10 26.csv,APRIL1 TO APRIL 10 26.csv,SPY 11/19/2025 Call $664.00
SPY,11/19/2025,C,664.0,SPY|11/19/2025|C|664.0,2025-11-18,2025-11-19,2025-11-18,2025-11-19,1,3.93,3.46,-47.0,-47.0,LOSS,1,APRIL1 TO APRIL 10 26.csv,APRIL1 TO APRIL 10 26.csv,SPY 11/19/2025 Call $664.00
SPY,11/19/2025,P,655.0,SPY|11/19/2025|P|655.0,2025-11-18,2025-11-19,2025-11-18,2025-11-19,1,1.2,0.76,-44.0,-44.0,LOSS,1,APRIL1 TO APRIL 10 26.csv,APRIL1 TO APRIL 10 26.csv,SPY 11/19/2025 Put $655.00
SPY,11/19/2025,P,661.0,SPY|11/19/2025|P|661.0,2025-11-18,2025-11-19,2025-11-18,2025-11-19,1,3.26,1.7,-156.0,-156.0,LOSS,1,APRIL1 TO APRIL 10 26.csv,APRIL1 TO APRIL 10 26.csv,SPY 11/19/2025 Put $661.00
SPY,11/19/2025,P,662.0,SPY|11/19/2025|P|662.0,2025-11-18,2025-11-19,2025-11-18,2025-11-19,1,3.53,1.88,-165.0,-165.0,LOSS,1,APRIL1 TO APRIL 10 26.csv,APRIL1 TO APRIL 10 26.csv,SPY 11/19/2025 Put $662.00
GLD,11/21/2025,C,376.0,GLD|11/21/2025|C|376.0,2025-11-20,2025-11-20,2025-11-20,2025-11-20,2,1.67,1.51,-16.0,-32.0,LOSS,0,APRIL1 TO APRIL 10 26.csv,APRIL1 TO APRIL 10 26.csv,GLD 11/21/2025 Call $376.00
GLD,11/21/2025,C,376.0,GLD|11/21/2025|C|376.0,2025-11-20,2025-11-20,2025-11-20,2025-11-20,1,1.4,1.7,30.0,30.0,WIN,0,APRIL1 TO APRIL 10 26.csv,APRIL1 TO APRIL 10 26.csv,GLD 11/21/2025 Call $376.00
GLD,11/21/2025,C,376.0,GLD|11/21/2025|C|376.0,2025-11-20,2025-11-20,2025-11-20,2025-11-20,1,1.4,1.7,30.0,30.0,WIN,0,APRIL1 TO APRIL 10 26.csv,APRIL1 TO APRIL 10 26.csv,GLD 11/21/2025 Call $376.00
GLD,11/21/2025,C,376.0,GLD|11/21/2025|C|376.0,2025-11-20,2025-11-20,2025-11-20,2025-11-20,1,1.43,1.7,27.0,27.0,WIN,0,APRIL1 TO APRIL 10 26.csv,APRIL1 TO APRIL 10 26.csv,GLD 11/21/2025 Call $376.00
GLD,11/21/2025,C,378.0,GLD|11/21/2025|C|378.0,2025-11-20,2025-11-20,2025-11-20,2025-11-20,4,1.14,0.83,-31.0,-124.0,LOSS,0,APRIL1 TO APRIL 10 26.csv,APRIL1 TO APRIL 10 26.csv,GLD 11/21/2025 Call $378.00
GLD,11/21/2025,P,370.0,GLD|11/21/2025|P|370.0,2025-11-19,2025-11-20,2025-11-19,2025-11-20,1,1.67,0.35,-132.0,-132.0,LOSS,1,APRIL1 TO APRIL 10 26.csv,APRIL1 TO APRIL 10 26.csv,GLD 11/21/2025 Put $370.00
GLD,11/21/2025,P,371.0,GLD|11/21/2025|P|371.0,2025-11-19,2025-11-20,2025-11-19,2025-11-20,1,1.22,0.37,-85.0,-85.0,LOSS,1,APRIL1 TO APRIL 10 26.csv,APRIL1 TO APRIL 10 26.csv,GLD 11/21/2025 Put $371.00
GLD,11/21/2025,P,372.0,GLD|11/21/2025|P|372.0,2025-11-20,2025-11-20,2025-11-20,2025-11-20,1,0.91,0.93,2.0,2.0,WIN,0,APRIL1 TO APRIL 10 26.csv,APRIL1 TO APRIL 10 26.csv,GLD 11/21/2025 Put $372.00
GLD,11/21/2025,P,373.0,GLD|11/21/2025|P|373.0,2025-11-20,2025-11-20,2025-11-20,2025-11-20,1,1.32,1.27,-5.0,-5.0,LOSS,0,APRIL1 TO APRIL 10 26.csv,APRIL1 TO APRIL 10 26.csv,GLD 11/21/2025 Put $373.00
GLD,11/21/2025,P,373.0,GLD|11/21/2025|P|373.0,2025-11-20,2025-11-20,2025-11-20,2025-11-20,1,1.32,1.27,-5.0,-5.0,LOSS,0,APRIL1 TO APRIL 10 26.csv,APRIL1 TO APRIL 10 26.csv,GLD 11/21/2025 Put $373.00
GLD,11/21/2025,P,373.0,GLD|11/21/2025|P|373.0,2025-11-20,2025-11-20,2025-11-20,2025-11-20,1,1.32,1.27,-5.0,-5.0,LOSS,0,APRIL1 TO APRIL 10 26.csv,APRIL1 TO APRIL 10 26.csv,GLD 11/21/2025 Put $373.00
GLD,11/24/2025,P,368.0,GLD|11/24/2025|P|368.0,2025-11-20,2025-11-20,2025-11-20,2025-11-20,2,1.01,0.78,-23.0,-46.0,LOSS,0,APRIL1 TO APRIL 10 26.csv,APRIL1 TO APRIL 10 26.csv,GLD 11/24/2025 Put $368.00
NVDA,11/21/2025,C,187.5,NVDA|11/21/2025|C|187.5,2025-11-20,2025-11-20,2025-11-20,2025-11-20,2,2.16,1.55,-61.0,-122.0,LOSS,0,APRIL1 TO APRIL 10 26.csv,APRIL1 TO APRIL 10 26.csv,NVDA 11/21/2025 Call $187.50
NVDA,11/21/2025,P,167.5,NVDA|11/21/2025|P|167.5,2025-11-19,2025-11-20,2025-11-19,2025-11-20,1,1.42,0.05,-137.0,-137.0,LOSS,1,APRIL1 TO APRIL 10 26.csv,APRIL1 TO APRIL 10 26.csv,NVDA 11/21/2025 Put $167.50
NVDA,11/21/2025,P,177.5,NVDA|11/21/2025|P|177.5,2025-11-20,2025-11-20,2025-11-20,2025-11-20,1,1.07,1.73,66.0,66.0,WIN,0,APRIL1 TO APRIL 10 26.csv,APRIL1 TO APRIL 10 26.csv,NVDA 11/21/2025 Put $177.50
NVDA,11/21/2025,P,177.5,NVDA|11/21/2025|P|177.5,2025-11-20,2025-11-20,2025-11-20,2025-11-20,1,1.07,1.73,66.0,66.0,WIN,0,APRIL1 TO APRIL 10 26.csv,APRIL1 TO APRIL 10 26.csv,NVDA 11/21/2025 Put $177.50
NVDA,11/21/2025,P,177.5,NVDA|11/21/2025|P|177.5,2025-11-20,2025-11-20,2025-11-20,2025-11-20,1,1.07,1.73,66.0,66.0,WIN,0,APRIL1 TO APRIL 10 26.csv,APRIL1 TO APRIL 10 26.csv,NVDA 11/21/2025 Put $177.50
NVDA,11/21/2025,P,177.5,NVDA|11/21/2025|P|177.5,2025-11-20,2025-11-20,2025-11-20,2025-11-20,2,0.93,1.73,80.0,160.0,WIN,0,APRIL1 TO APRIL 10 26.csv,APRIL1 TO APRIL 10 26.csv,NVDA 11/21/2025 Put $177.50
NVDA,11/21/2025,P,180.0,NVDA|11/21/2025|P|180.0,2025-11-20,2025-11-20,2025-11-20,2025-11-20,1,0.81,1.16,35.0,35.0,WIN,0,APRIL1 TO APRIL 10 26.csv,APRIL1 TO APRIL 10 26.csv,NVDA 11/21/2025 Put $180.00
NVDA,11/21/2025,P,180.0,NVDA|11/21/2025|P|180.0,2025-11-20,2025-11-20,2025-11-20,2025-11-20,1,0.81,1.16,35.0,35.0,WIN,0,APRIL1 TO APRIL 10 26.csv,APRIL1 TO APRIL 10 26.csv,NVDA 11/21/2025 Put $180.00
NVDA,11/21/2025,P,187.5,NVDA|11/21/2025|P|187.5,2025-11-20,2025-11-20,2025-11-20,2025-11-20,1,1.74,4.05,231.0,231.0,WIN,0,APRIL1 TO APRIL 10 26.csv,APRIL1 TO APRIL 10 26.csv,NVDA 11/21/2025 Put $187.50
NVDA,11/28/2025,C,197.5,NVDA|11/28/2025|C|197.5,2025-11-20,2025-11-20,2025-11-20,2025-11-20,1,4.1,1.0,-310.0,-310.0,LOSS,0,APRIL1 TO APRIL 10 26.csv,APRIL1 TO APRIL 10 26.csv,NVDA 11/28/2025 Call $197.50
SPY,11/20/2025,C,669.0,SPY|11/20/2025|C|669.0,2025-11-19,2025-11-20,2025-11-19,2025-11-20,1,1.56,5.15,359.0,359.0,WIN,1,APRIL1 TO APRIL 10 26.csv,APRIL1 TO APRIL 10 26.csv,SPY 11/20/2025 Call $669.00
SPY,11/20/2025,C,670.0,SPY|11/20/2025|C|670.0,2025-11-19,2025-11-20,2025-11-19,2025-11-20,1,1.5,4.75,325.0,325.0,WIN,1,APRIL1 TO APRIL 10 26.csv,APRIL1 TO APRIL 10 26.csv,SPY 11/20/2025 Call $670.00
SPY,11/20/2025,P,659.0,SPY|11/20/2025|P|659.0,2025-11-19,2025-11-20,2025-11-19,2025-11-20,1,3.48,5.22,174.0,174.0,WIN,1,APRIL1 TO APRIL 10 26.csv,APRIL1 TO APRIL 10 26.csv,SPY 11/20/2025 Put $659.00
SPY,11/21/2025,C,659.0,SPY|11/21/2025|C|659.0,2025-11-20,2025-11-20,2025-11-20,2025-11-20,1,3.1,2.82,-28.0,-28.0,LOSS,0,APRIL1 TO APRIL 10 26.csv,APRIL1 TO APRIL 10 26.csv,SPY 11/21/2025 Call $659.00
SPY,11/21/2025,C,672.0,SPY|11/21/2025|C|672.0,2025-11-19,2025-11-20,2025-11-19,2025-11-20,1,1.54,4.11,257.0,257.0,WIN,1,APRIL1 TO APRIL 10 26.csv,APRIL1 TO APRIL 10 26.csv,SPY 11/21/2025 Call $672.00
SPY,11/21/2025,P,654.0,SPY|11/21/2025|P|654.0,2025-11-20,2025-11-20,2025-11-20,2025-11-20,1,4.58,3.57,-101.0,-101.0,LOSS,0,APRIL1 TO APRIL 10 26.csv,APRIL1 TO APRIL 10 26.csv,SPY 11/21/2025 Put $654.00
SPY,11/21/2025,P,654.0,SPY|11/21/2025|P|654.0,2025-11-20,2025-11-20,2025-11-20,2025-11-20,1,4.58,3.57,-101.0,-101.0,LOSS,0,APRIL1 TO APRIL 10 26.csv,APRIL1 TO APRIL 10 26.csv,SPY 11/21/2025 Put $654.00
BBWI,11/28/2025,P,15.0,BBWI|11/28/2025|P|15.0,2025-11-20,2025-11-21,2025-11-20,2025-11-21,5,0.4,0.75,35.0,175.0,WIN,1,APRIL1 TO APRIL 10 26.csv,APRIL1 TO APRIL 10 26.csv,BBWI 11/28/2025 Put $15.00
BBWI,11/28/2025,P,15.0,BBWI|11/28/2025|P|15.0,2025-11-20,2025-11-24,2025-11-20,2025-11-24,3,0.4,0.27,-13.0,-39.0,LOSS,4,APRIL1 TO APRIL 10 26.csv,APRIL1 TO APRIL 10 26.csv,BBWI 11/28/2025 Put $15.00
BBWI,11/28/2025,P,15.0,BBWI|11/28/2025|P|15.0,2025-11-20,2025-11-24,2025-11-20,2025-11-24,2,0.4,0.27,-13.0,-26.0,LOSS,4,APRIL1 TO APRIL 10 26.csv,APRIL1 TO APRIL 10 26.csv,BBWI 11/28/2025 Put $15.00
JD,11/28/2025,P,27.0,JD|11/28/2025|P|27.0,2025-11-21,2025-11-24,2025-11-21,2025-11-24,4,0.16,0.05,-11.0,-44.0,LOSS,3,APRIL1 TO APRIL 10 26.csv,APRIL1 TO APRIL 10 26.csv,JD 11/28/2025 Put $27.00
JD,11/28/2025,P,27.0,JD|11/28/2025|P|27.0,2025-11-21,2025-11-24,2025-11-21,2025-11-24,5,0.16,0.05,-11.0,-55.0,LOSS,3,APRIL1 TO APRIL 10 26.csv,APRIL1 TO APRIL 10 26.csv,JD 11/28/2025 Put $27.00
JD,11/28/2025,P,27.0,JD|11/28/2025|P|27.0,2025-11-21,2025-11-24,2025-11-21,2025-11-24,1,0.16,0.05,-11.0,-11.0,LOSS,3,APRIL1 TO APRIL 10 26.csv,APRIL1 TO APRIL 10 26.csv,JD 11/28/2025 Put $27.00
ONDS,1/16/2026,C,10.0,ONDS|1/16/2026|C|10.0,2025-09-29,2025-11-25,2025-09-29,2025-11-25,1,1.97,1.02,-95.0,-95.0,LOSS,57,APRIL1 TO APRIL 10 26.csv,APRIL1 TO APRIL 10 26.csv,ONDS 1/16/2026 Call $10.00
ONDS,1/16/2026,C,10.0,ONDS|1/16/2026|C|10.0,2025-09-29,2025-11-25,2025-09-29,2025-11-25,2,1.97,1.02,-95.0,-190.0,LOSS,57,APRIL1 TO APRIL 10 26.csv,APRIL1 TO APRIL 10 26.csv,ONDS 1/16/2026 Call $10.00
SPY,11/25/2025,C,670.0,SPY|11/25/2025|C|670.0,2025-11-24,2025-11-25,2025-11-24,2025-11-25,1,1.59,1.24,-35.0,-35.0,LOSS,1,APRIL1 TO APRIL 10 26.csv,APRIL1 TO APRIL 10 26.csv,SPY 11/25/2025 Call $670.00
NOK,1/16/2026,C,10.0,NOK|1/16/2026|C|10.0,2025-10-28,2025-12-04,2025-10-28,2025-12-04,4,0.56,0.02,-54.0,-216.0,LOSS,37,APRIL1 TO APRIL 10 26.csv,APRIL1 TO APRIL 10 26.csv,NOK 1/16/2026 Call $10.00
TMQ,3/20/2026,C,5.0,TMQ|3/20/2026|C|5.0,2025-10-07,2025-12-04,2025-10-07,2025-12-04,1,3.49,1.05,-244.0,-244.0,LOSS,58,APRIL1 TO APRIL 10 26.csv,APRIL1 TO APRIL 10 26.csv,TMQ 3/20/2026 Call $5.00
SPY,12/10/2025,C,688.0,SPY|12/10/2025|C|688.0,2025-12-09,2025-12-09,2025-12-09,2025-12-09,1,1.24,0.55,-69.0,-69.0,LOSS,0,APRIL1 TO APRIL 10 26.csv,APRIL1 TO APRIL 10 26.csv,SPY 12/10/2025 Call $688.00
SPY,12/10/2025,P,680.0,SPY|12/10/2025|P|680.0,2025-12-09,2025-12-10,2025-12-09,2025-12-10,1,1.08,0.42,-66.0,-66.0,LOSS,1,APRIL1 TO APRIL 10 26.csv,APRIL1 TO APRIL 10 26.csv,SPY 12/10/2025 Put $680.00
BBWI,12/19/2025,C,21.0,BBWI|12/19/2025|C|21.0,2025-11-25,2025-12-16,2025-11-25,2025-12-16,12,0.15,0.06,-9.0,-108.0,LOSS,21,APRIL1 TO APRIL 10 26.csv,APRIL1 TO APRIL 10 26.csv,BBWI 12/19/2025 Call $21.00
BBWI,12/19/2025,C,21.0,BBWI|12/19/2025|C|21.0,2025-11-25,2025-12-16,2025-11-25,2025-12-16,4,0.1,0.06,-4.0,-16.0,LOSS,21,APRIL1 TO APRIL 10 26.csv,APRIL1 TO APRIL 10 26.csv,BBWI 12/19/2025 Call $21.00
BBWI,12/19/2025,C,21.0,BBWI|12/19/2025|C|21.0,2025-11-25,2025-12-16,2025-11-25,2025-12-16,1,0.1,0.05,-5.0,-5.0,LOSS,21,APRIL1 TO APRIL 10 26.csv,APRIL1 TO APRIL 10 26.csv,BBWI 12/19/2025 Call $21.00
JD,1/16/2026,C,37.5,JD|1/16/2026|C|37.5,2025-10-24,2025-12-16,2025-10-24,2025-12-16,3,1.79,0.03,-176.0,-528.0,LOSS,53,APRIL1 TO APRIL 10 26.csv,APRIL1 TO APRIL 10 26.csv,JD 1/16/2026 Call $37.50
TMQ,3/20/2026,C,5.0,TMQ|3/20/2026|C|5.0,2025-10-07,2025-12-16,2025-10-07,2025-12-16,2,3.49,0.84,-265.0,-530.0,LOSS,70,APRIL1 TO APRIL 10 26.csv,APRIL1 TO APRIL 10 26.csv,TMQ 3/20/2026 Call $5.00
SPY,12/19/2025,C,685.0,SPY|12/19/2025|C|685.0,2025-12-17,2025-12-17,2025-12-17,2025-12-17,1,1.06,0.79,-27.0,-27.0,LOSS,0,APRIL1 TO APRIL 10 26.csv,APRIL1 TO APRIL 10 26.csv,SPY 12/19/2025 Call $685.00
BBAI,1/16/2026,C,10.0,BBAI|1/16/2026|C|10.0,2025-10-10,2025-12-26,2025-10-10,2025-12-26,1,1.4,0.03,-137.0,-137.0,LOSS,77,APRIL1 TO APRIL 10 26.csv,APRIL1 TO APRIL 10 26.csv,BBAI 1/16/2026 Call $10.00
BBAI,1/16/2026,C,10.0,BBAI|1/16/2026|C|10.0,2025-10-10,2025-12-26,2025-10-10,2025-12-26,1,1.4,0.03,-137.0,-137.0,LOSS,77,APRIL1 TO APRIL 10 26.csv,APRIL1 TO APRIL 10 26.csv,BBAI 1/16/2026 Call $10.00
BBAI,1/16/2026,C,10.0,BBAI|1/16/2026|C|10.0,2025-10-10,2025-12-26,2025-10-10,2025-12-26,1,1.4,0.03,-137.0,-137.0,LOSS,77,APRIL1 TO APRIL 10 26.csv,APRIL1 TO APRIL 10 26.csv,BBAI 1/16/2026 Call $10.00
BBWI,1/2/2026,C,19.5,BBWI|1/2/2026|C|19.5,2025-12-17,2025-12-26,2025-12-17,2025-12-26,1,1.07,0.5,-57.0,-57.0,LOSS,9,APRIL1 TO APRIL 10 26.csv,APRIL1 TO APRIL 10 26.csv,BBWI 1/2/2026 Call $19.50
JD,1/16/2026,C,37.5,JD|1/16/2026|C|37.5,2025-10-24,2025-12-26,2025-10-24,2025-12-26,2,1.79,0.01,-178.0,-356.0,LOSS,63,APRIL1 TO APRIL 10 26.csv,APRIL1 TO APRIL 10 26.csv,JD 1/16/2026 Call $37.50
CVS,2/13/2026,P,77.0,CVS|2/13/2026|P|77.0,2026-02-10,2026-02-10,2026-02-10,2026-02-10,1,0.77,0.57,-20.0,-20.0,LOSS,0,APRIL1 TO APRIL 10 26.csv,APRIL1 TO APRIL 10 26.csv,CVS 2/13/2026 Put $77.00
HIMS,2/13/2026,P,16.0,HIMS|2/13/2026|P|16.0,2026-02-10,2026-02-10,2026-02-10,2026-02-10,10,0.14,0.13,-1.0,-10.0,LOSS,0,APRIL1 TO APRIL 10 26.csv,APRIL1 TO APRIL 10 26.csv,HIMS 2/13/2026 Put $16.00
HIMS,2/13/2026,P,17.5,HIMS|2/13/2026|P|17.5,2026-02-10,2026-02-11,2026-02-10,2026-02-11,1,0.75,0.63,-12.0,-12.0,LOSS,1,APRIL1 TO APRIL 10 26.csv,APRIL1 TO APRIL 10 26.csv,HIMS 2/13/2026 Put $17.50
CVS,2/13/2026,C,77.0,CVS|2/13/2026|C|77.0,2026-02-11,2026-02-12,2026-02-11,2026-02-12,3,0.49,1.13,64.0,192.0,WIN,1,APRIL1 TO APRIL 10 26.csv,APRIL1 TO APRIL 10 26.csv,CVS 2/13/2026 Call $77.00
BBWI,2/13/2026,C,22.5,BBWI|2/13/2026|C|22.5,2026-02-12,2026-02-13,2026-02-12,2026-02-13,1,1.0,1.3,30.0,30.0,WIN,1,APRIL1 TO APRIL 10 26.csv,APRIL1 TO APRIL 10 26.csv,BBWI 2/13/2026 Call $22.50
SPY,2/17/2026,C,682.0,SPY|2/17/2026|C|682.0,2026-02-17,2026-02-17,2026-02-17,2026-02-17,1,1.26,1.49,23.0,23.0,WIN,0,APRIL1 TO APRIL 10 26.csv,APRIL1 TO APRIL 10 26.csv,SPY 2/17/2026 Call $682.00
MRNA,2/20/2026,C,43.0,MRNA|2/20/2026|C|43.0,2026-02-13,2026-02-18,2026-02-13,2026-02-18,1,1.85,3.45,160.0,160.0,WIN,5,APRIL1 TO APRIL 10 26.csv,APRIL1 TO APRIL 10 26.csv,MRNA 2/20/2026 Call $43.00
MRNA,2/20/2026,C,44.0,MRNA|2/20/2026|C|44.0,2026-02-13,2026-02-18,2026-02-13,2026-02-18,1,1.58,2.92,134.0,134.0,WIN,5,APRIL1 TO APRIL 10 26.csv,APRIL1 TO APRIL 10 26.csv,MRNA 2/20/2026 Call $44.00
SPY,2/18/2026,P,686.0,SPY|2/18/2026|P|686.0,2026-02-18,2026-02-18,2026-02-18,2026-02-18,1,0.51,0.59,8.0,8.0,WIN,0,APRIL1 TO APRIL 10 26.csv,APRIL1 TO APRIL 10 26.csv,SPY 2/18/2026 Put $686.00
SPY,2/20/2026,C,693.0,SPY|2/20/2026|C|693.0,2026-02-17,2026-02-18,2026-02-17,2026-02-18,1,0.95,1.24,29.0,29.0,WIN,1,APRIL1 TO APRIL 10 26.csv,APRIL1 TO APRIL 10 26.csv,SPY 2/20/2026 Call $693.00
AMZN,2/20/2026,P,200.0,AMZN|2/20/2026|P|200.0,2026-02-19,2026-02-19,2026-02-19,2026-02-19,1,0.88,0.4,-48.0,-48.0,LOSS,0,APRIL1 TO APRIL 10 26.csv,APRIL1 TO APRIL 10 26.csv,AMZN 2/20/2026 Put $200.00
SPY,2/19/2026,C,683.0,SPY|2/19/2026|C|683.0,2026-02-19,2026-02-19,2026-02-19,2026-02-19,1,1.23,1.02,-21.0,-21.0,LOSS,0,APRIL1 TO APRIL 10 26.csv,APRIL1 TO APRIL 10 26.csv,SPY 2/19/2026 Call $683.00
SPY,2/19/2026,C,684.0,SPY|2/19/2026|C|684.0,2026-02-19,2026-02-19,2026-02-19,2026-02-19,1,0.7,0.52,-18.0,-18.0,LOSS,0,APRIL1 TO APRIL 10 26.csv,APRIL1 TO APRIL 10 26.csv,SPY 2/19/2026 Call $684.00
SPY,2/19/2026,P,680.0,SPY|2/19/2026|P|680.0,2026-02-19,2026-02-19,2026-02-19,2026-02-19,1,0.99,0.5,-49.0,-49.0,LOSS,0,APRIL1 TO APRIL 10 26.csv,APRIL1 TO APRIL 10 26.csv,SPY 2/19/2026 Put $680.00
SPY,2/19/2026,P,681.0,SPY|2/19/2026|P|681.0,2026-02-19,2026-02-19,2026-02-19,2026-02-19,1,0.43,0.03,-40.0,-40.0,LOSS,0,APRIL1 TO APRIL 10 26.csv,APRIL1 TO APRIL 10 26.csv,SPY 2/19/2026 Put $681.00
SPY,2/19/2026,P,681.0,SPY|2/19/2026|P|681.0,2026-02-19,2026-02-19,2026-02-19,2026-02-19,1,0.94,0.61,-33.0,-33.0,LOSS,0,APRIL1 TO APRIL 10 26.csv,APRIL1 TO APRIL 10 26.csv,SPY 2/19/2026 Put $681.00
SPY,2/19/2026,P,683.0,SPY|2/19/2026|P|683.0,2026-02-19,2026-02-19,2026-02-19,2026-02-19,1,1.66,0.7,-96.0,-96.0,LOSS,0,APRIL1 TO APRIL 10 26.csv,APRIL1 TO APRIL 10 26.csv,SPY 2/19/2026 Put $683.00
SPY,2/19/2026,P,685.0,SPY|2/19/2026|P|685.0,2026-02-19,2026-02-19,2026-02-19,2026-02-19,1,1.77,3.4,163.0,163.0,WIN,0,APRIL1 TO APRIL 10 26.csv,APRIL1 TO APRIL 10 26.csv,SPY 2/19/2026 Put $685.00
MRNA,2/20/2026,C,48.0,MRNA|2/20/2026|C|48.0,2026-02-18,2026-02-20,2026-02-18,2026-02-20,1,1.12,0.64,-48.0,-48.0,LOSS,2,APRIL1 TO APRIL 10 26.csv,APRIL1 TO APRIL 10 26.csv,MRNA 2/20/2026 Call $48.00
MRNA,2/20/2026,P,48.0,MRNA|2/20/2026|P|48.0,2026-02-19,2026-02-20,2026-02-19,2026-02-20,2,0.32,0.15,-17.0,-34.0,LOSS,1,APRIL1 TO APRIL 10 26.csv,APRIL1 TO APRIL 10 26.csv,MRNA 2/20/2026 Put $48.00
SPY,2/20/2026,P,688.0,SPY|2/20/2026|P|688.0,2026-02-20,2026-02-20,2026-02-20,2026-02-20,1,0.66,0.59,-7.0,-7.0,LOSS,0,APRIL1 TO APRIL 10 26.csv,APRIL1 TO APRIL 10 26.csv,SPY 2/20/2026 Put $688.00
SPY,2/23/2026,C,689.0,SPY|2/23/2026|C|689.0,2026-02-20,2026-02-23,2026-02-20,2026-02-23,1,1.78,0.73,-105.0,-105.0,LOSS,3,APRIL1 TO APRIL 10 26.csv,APRIL1 TO APRIL 10 26.csv,SPY 2/23/2026 Call $689.00
SPY,2/23/2026,P,680.0,SPY|2/23/2026|P|680.0,2026-02-23,2026-02-23,2026-02-23,2026-02-23,1,0.41,0.08,-33.0,-33.0,LOSS,0,APRIL1 TO APRIL 10 26.csv,APRIL1 TO APRIL 10 26.csv,SPY 2/23/2026 Put $680.00
SPY,2/23/2026,P,680.0,SPY|2/23/2026|P|680.0,2026-02-23,2026-02-23,2026-02-23,2026-02-23,1,0.69,0.5,-19.0,-19.0,LOSS,0,APRIL1 TO APRIL 10 26.csv,APRIL1 TO APRIL 10 26.csv,SPY 2/23/2026 Put $680.00
SPY,2/23/2026,P,680.0,SPY|2/23/2026|P|680.0,2026-02-23,2026-02-23,2026-02-23,2026-02-23,1,0.79,0.73,-6.0,-6.0,LOSS,0,APRIL1 TO APRIL 10 26.csv,APRIL1 TO APRIL 10 26.csv,SPY 2/23/2026 Put $680.00
SPY,2/23/2026,P,684.0,SPY|2/23/2026|P|684.0,2026-02-23,2026-02-23,2026-02-23,2026-02-23,1,1.49,3.49,200.0,200.0,WIN,0,APRIL1 TO APRIL 10 26.csv,APRIL1 TO APRIL 10 26.csv,SPY 2/23/2026 Put $684.00
SPY,2/23/2026,P,686.0,SPY|2/23/2026|P|686.0,2026-02-23,2026-02-23,2026-02-23,2026-02-23,1,1.5,2.09,59.0,59.0,WIN,0,APRIL1 TO APRIL 10 26.csv,APRIL1 TO APRIL 10 26.csv,SPY 2/23/2026 Put $686.00
AMZN,2/25/2026,C,207.5,AMZN|2/25/2026|C|207.5,2026-02-24,2026-02-24,2026-02-24,2026-02-24,1,1.1,3.05,195.0,195.0,WIN,0,APRIL1 TO APRIL 10 26.csv,APRIL1 TO APRIL 10 26.csv,AMZN 2/25/2026 Call $207.50
AMZN,2/25/2026,C,207.5,AMZN|2/25/2026|C|207.5,2026-02-24,2026-02-24,2026-02-24,2026-02-24,1,1.1,2.5,140.0,140.0,WIN,0,APRIL1 TO APRIL 10 26.csv,APRIL1 TO APRIL 10 26.csv,AMZN 2/25/2026 Call $207.50
MRNA,2/27/2026,C,48.5,MRNA|2/27/2026|C|48.5,2026-02-20,2026-02-24,2026-02-20,2026-02-24,1,1.89,3.17,128.0,128.0,WIN,4,APRIL1 TO APRIL 10 26.csv,APRIL1 TO APRIL 10 26.csv,MRNA 2/27/2026 Call $48.50
SPY,2/24/2026,C,684.0,SPY|2/24/2026|C|684.0,2026-02-24,2026-02-24,2026-02-24,2026-02-24,1,1.68,2.07,39.0,39.0,WIN,0,APRIL1 TO APRIL 10 26.csv,APRIL1 TO APRIL 10 26.csv,SPY 2/24/2026 Call $684.00
SPY,2/24/2026,C,684.0,SPY|2/24/2026|C|684.0,2026-02-24,2026-02-24,2026-02-24,2026-02-24,1,1.68,2.58,90.0,90.0,WIN,0,APRIL1 TO APRIL 10 26.csv,APRIL1 TO APRIL 10 26.csv,SPY 2/24/2026 Call $684.00
SPY,2/24/2026,C,687.0,SPY|2/24/2026|C|687.0,2026-02-24,2026-02-24,2026-02-24,2026-02-24,1,0.56,0.56,0.0,0.0,FLAT,0,APRIL1 TO APRIL 10 26.csv,APRIL1 TO APRIL 10 26.csv,SPY 2/24/2026 Call $687.00
SPY,2/24/2026,P,685.0,SPY|2/24/2026|P|685.0,2026-02-24,2026-02-24,2026-02-24,2026-02-24,1,0.95,0.74,-21.0,-21.0,LOSS,0,APRIL1 TO APRIL 10 26.csv,APRIL1 TO APRIL 10 26.csv,SPY 2/24/2026 Put $685.00
SPY,2/24/2026,P,686.0,SPY|2/24/2026|P|686.0,2026-02-24,2026-02-24,2026-02-24,2026-02-24,1,0.32,0.13,-19.0,-19.0,LOSS,0,APRIL1 TO APRIL 10 26.csv,APRIL1 TO APRIL 10 26.csv,SPY 2/24/2026 Put $686.00
SPY,2/24/2026,P,686.0,SPY|2/24/2026|P|686.0,2026-02-24,2026-02-24,2026-02-24,2026-02-24,1,0.32,0.13,-19.0,-19.0,LOSS,0,APRIL1 TO APRIL 10 26.csv,APRIL1 TO APRIL 10 26.csv,SPY 2/24/2026 Put $686.00
MSFT,2/25/2026,C,402.5,MSFT|2/25/2026|C|402.5,2026-02-25,2026-02-25,2026-02-25,2026-02-25,1,0.27,0.25,-2.0,-2.0,LOSS,0,APRIL1 TO APRIL 10 26.csv,APRIL1 TO APRIL 10 26.csv,MSFT 2/25/2026 Call $402.50
MSFT,2/25/2026,C,402.5,MSFT|2/25/2026|C|402.5,2026-02-25,2026-02-25,2026-02-25,2026-02-25,1,0.27,0.25,-2.0,-2.0,LOSS,0,APRIL1 TO APRIL 10 26.csv,APRIL1 TO APRIL 10 26.csv,MSFT 2/25/2026 Call $402.50
SPY,2/25/2026,C,690.0,SPY|2/25/2026|C|690.0,2026-02-25,2026-02-25,2026-02-25,2026-02-25,1,2.51,3.3,79.0,79.0,WIN,0,APRIL1 TO APRIL 10 26.csv,APRIL1 TO APRIL 10 26.csv,SPY 2/25/2026 Call $690.00
SPY,2/25/2026,P,690.0,SPY|2/25/2026|P|690.0,2026-02-25,2026-02-25,2026-02-25,2026-02-25,1,0.84,0.69,-15.0,-15.0,LOSS,0,APRIL1 TO APRIL 10 26.csv,APRIL1 TO APRIL 10 26.csv,SPY 2/25/2026 Put $690.00
MSFT,2/27/2026,C,405.0,MSFT|2/27/2026|C|405.0,2026-02-25,2026-02-26,2026-02-25,2026-02-26,1,1.46,3.5,204.0,204.0,WIN,1,APRIL1 TO APRIL 10 26.csv,APRIL1 TO APRIL 10 26.csv,MSFT 2/27/2026 Call $405.00
MSFT,2/27/2026,C,410.0,MSFT|2/27/2026|C|410.0,2026-02-26,2026-02-26,2026-02-26,2026-02-26,1,1.67,0.86,-81.0,-81.0,LOSS,0,APRIL1 TO APRIL 10 26.csv,APRIL1 TO APRIL 10 26.csv,MSFT 2/27/2026 Call $410.00
SPY,2/26/2026,C,689.0,SPY|2/26/2026|C|689.0,2026-02-26,2026-02-26,2026-02-26,2026-02-26,1,0.96,0.56,-40.0,-40.0,LOSS,0,APRIL1 TO APRIL 10 26.csv,APRIL1 TO APRIL 10 26.csv,SPY 2/26/2026 Call $689.00
SPY,2/26/2026,C,693.0,SPY|2/26/2026|C|693.0,2026-02-26,2026-02-26,2026-02-26,2026-02-26,1,1.58,1.03,-55.0,-55.0,LOSS,0,APRIL1 TO APRIL 10 26.csv,APRIL1 TO APRIL 10 26.csv,SPY 2/26/2026 Call $693.00
SPY,2/26/2026,P,680.0,SPY|2/26/2026|P|680.0,2026-02-26,2026-02-26,2026-02-26,2026-02-26,1,0.19,0.1,-9.0,-9.0,LOSS,0,APRIL1 TO APRIL 10 26.csv,APRIL1 TO APRIL 10 26.csv,SPY 2/26/2026 Put $680.00
SPY,2/26/2026,P,683.0,SPY|2/26/2026|P|683.0,2026-02-26,2026-02-26,2026-02-26,2026-02-26,1,0.66,0.54,-12.0,-12.0,LOSS,0,APRIL1 TO APRIL 10 26.csv,APRIL1 TO APRIL 10 26.csv,SPY 2/26/2026 Put $683.00
SPY,2/26/2026,P,684.0,SPY|2/26/2026|P|684.0,2026-02-26,2026-02-26,2026-02-26,2026-02-26,1,0.46,0.04,-42.0,-42.0,LOSS,0,APRIL1 TO APRIL 10 26.csv,APRIL1 TO APRIL 10 26.csv,SPY 2/26/2026 Put $684.00
SPY,2/26/2026,P,685.0,SPY|2/26/2026|P|685.0,2026-02-25,2026-02-26,2026-02-25,2026-02-26,1,0.77,0.08,-69.0,-69.0,LOSS,1,APRIL1 TO APRIL 10 26.csv,APRIL1 TO APRIL 10 26.csv,SPY 2/26/2026 Put $685.00
SPY,2/26/2026,P,685.0,SPY|2/26/2026|P|685.0,2026-02-26,2026-02-26,2026-02-26,2026-02-26,1,0.85,0.61,-24.0,-24.0,LOSS,0,APRIL1 TO APRIL 10 26.csv,APRIL1 TO APRIL 10 26.csv,SPY 2/26/2026 Put $685.00
SPY,2/26/2026,P,685.0,SPY|2/26/2026|P|685.0,2026-02-26,2026-02-26,2026-02-26,2026-02-26,1,0.73,1.18,45.0,45.0,WIN,0,APRIL1 TO APRIL 10 26.csv,APRIL1 TO APRIL 10 26.csv,SPY 2/26/2026 Put $685.00
SPY,2/26/2026,P,690.0,SPY|2/26/2026|P|690.0,2026-02-26,2026-02-26,2026-02-26,2026-02-26,1,1.67,3.71,204.0,204.0,WIN,0,APRIL1 TO APRIL 10 26.csv,APRIL1 TO APRIL 10 26.csv,SPY 2/26/2026 Put $690.00
SPY,2/27/2026,C,685.0,SPY|2/27/2026|C|685.0,2026-02-27,2026-02-27,2026-02-27,2026-02-27,1,2.0,1.86,-14.0,-14.0,LOSS,0,APRIL1 TO APRIL 10 26.csv,APRIL1 TO APRIL 10 26.csv,SPY 2/27/2026 Call $685.00
SPY,2/27/2026,P,681.0,SPY|2/27/2026|P|681.0,2026-02-27,2026-02-27,2026-02-27,2026-02-27,3,1.67,0.01,-166.0,-498.0,LOSS,0,APRIL1 TO APRIL 10 26.csv,APRIL1 TO APRIL 10 26.csv,SPY 2/27/2026 Put $681.00
UNP,2/27/2026,C,265.0,UNP|2/27/2026|C|265.0,2026-02-26,2026-02-27,2026-02-26,2026-02-27,1,1.9,0.6,-130.0,-130.0,LOSS,1,APRIL1 TO APRIL 10 26.csv,APRIL1 TO APRIL 10 26.csv,UNP 2/27/2026 Call $265.00
XYZ,2/27/2026,P,60.0,XYZ|2/27/2026|P|60.0,2026-02-27,2026-02-27,2026-02-27,2026-02-27,1,0.48,0.36,-12.0,-12.0,LOSS,0,APRIL1 TO APRIL 10 26.csv,APRIL1 TO APRIL 10 26.csv,XYZ 2/27/2026 Put $60.00
XYZ,2/27/2026,P,60.0,XYZ|2/27/2026|P|60.0,2026-02-27,2026-02-27,2026-02-27,2026-02-27,1,0.48,0.36,-12.0,-12.0,LOSS,0,APRIL1 TO APRIL 10 26.csv,APRIL1 TO APRIL 10 26.csv,XYZ 2/27/2026 Put $60.00
XYZ,2/27/2026,P,60.0,XYZ|2/27/2026|P|60.0,2026-02-27,2026-02-27,2026-02-27,2026-02-27,1,0.48,0.36,-12.0,-12.0,LOSS,0,APRIL1 TO APRIL 10 26.csv,APRIL1 TO APRIL 10 26.csv,XYZ 2/27/2026 Put $60.00
XYZ,2/27/2026,P,60.0,XYZ|2/27/2026|P|60.0,2026-02-27,2026-02-27,2026-02-27,2026-02-27,1,0.48,0.36,-12.0,-12.0,LOSS,0,APRIL1 TO APRIL 10 26.csv,APRIL1 TO APRIL 10 26.csv,XYZ 2/27/2026 Put $60.00
CVS,3/20/2026,C,80.0,CVS|3/20/2026|C|80.0,2026-02-10,2026-03-02,2026-02-10,2026-03-02,1,1.48,2.27,79.0,79.0,WIN,20,APRIL1 TO APRIL 10 26.csv,APRIL1 TO APRIL 10 26.csv,CVS 3/20/2026 Call $80.00
AMZN,3/4/2026,C,212.5,AMZN|3/4/2026|C|212.5,2026-03-03,2026-03-03,2026-03-03,2026-03-03,2,0.15,0.4,25.0,50.0,WIN,0,APRIL1 TO APRIL 10 26.csv,APRIL1 TO APRIL 10 26.csv,AMZN 3/4/2026 Call $212.50
AMZN,3/4/2026,C,212.5,AMZN|3/4/2026|C|212.5,2026-03-03,2026-03-03,2026-03-03,2026-03-03,1,0.15,0.4,25.0,25.0,WIN,0,APRIL1 TO APRIL 10 26.csv,MARCH1 TO APRIL 15 26.csv,AMZN 3/4/2026 Call $212.50
AMZN,3/4/2026,C,212.5,AMZN|3/4/2026|C|212.5,2026-03-03,2026-03-03,2026-03-03,2026-03-03,1,0.15,0.4,25.0,25.0,WIN,0,MARCH1 TO APRIL 15 26.csv,MARCH1 TO APRIL 15 26.csv,AMZN 3/4/2026 Call $212.50
SPY,3/3/2026,C,682.0,SPY|3/3/2026|C|682.0,2026-03-03,2026-03-03,2026-03-03,2026-03-03,1,0.19,1.37,118.0,118.0,WIN,0,APRIL1 TO APRIL 10 26.csv,APRIL1 TO APRIL 10 26.csv,SPY 3/3/2026 Call $682.00
SPY,3/3/2026,C,682.0,SPY|3/3/2026|C|682.0,2026-03-03,2026-03-03,2026-03-03,2026-03-03,1,0.19,0.7,51.0,51.0,WIN,0,APRIL1 TO APRIL 10 26.csv,APRIL1 TO APRIL 10 26.csv,SPY 3/3/2026 Call $682.00
SPY,3/3/2026,C,682.0,SPY|3/3/2026|C|682.0,2026-03-03,2026-03-03,2026-03-03,2026-03-03,1,0.19,1.37,118.0,118.0,WIN,0,MARCH1 TO APRIL 15 26.csv,MARCH1 TO APRIL 15 26.csv,SPY 3/3/2026 Call $682.00
SPY,3/3/2026,C,682.0,SPY|3/3/2026|C|682.0,2026-03-03,2026-03-03,2026-03-03,2026-03-03,1,0.19,0.7,51.0,51.0,WIN,0,MARCH1 TO APRIL 15 26.csv,MARCH1 TO APRIL 15 26.csv,SPY 3/3/2026 Call $682.00
SPY,3/3/2026,C,684.0,SPY|3/3/2026|C|684.0,2026-03-03,2026-03-03,2026-03-03,2026-03-03,1,0.2,0.01,-19.0,-19.0,LOSS,0,APRIL1 TO APRIL 10 26.csv,APRIL1 TO APRIL 10 26.csv,SPY 3/3/2026 Call $684.00
SPY,3/3/2026,C,684.0,SPY|3/3/2026|C|684.0,2026-03-03,2026-03-03,2026-03-03,2026-03-03,1,0.2,0.01,-19.0,-19.0,LOSS,0,MARCH1 TO APRIL 15 26.csv,MARCH1 TO APRIL 15 26.csv,SPY 3/3/2026 Call $684.00
SPY,3/3/2026,P,673.0,SPY|3/3/2026|P|673.0,2026-03-03,2026-03-03,2026-03-03,2026-03-03,1,1.76,4.07,231.0,231.0,WIN,0,APRIL1 TO APRIL 10 26.csv,APRIL1 TO APRIL 10 26.csv,SPY 3/3/2026 Put $673.00
SPY,3/3/2026,P,673.0,SPY|3/3/2026|P|673.0,2026-03-03,2026-03-03,2026-03-03,2026-03-03,1,1.76,4.07,231.0,231.0,WIN,0,MARCH1 TO APRIL 15 26.csv,MARCH1 TO APRIL 15 26.csv,SPY 3/3/2026 Put $673.00
AMZN,3/4/2026,C,212.5,AMZN|3/4/2026|C|212.5,2026-03-03,2026-03-04,2026-03-03,2026-03-04,1,0.15,2.44,229.0,229.0,WIN,1,MARCH1 TO APRIL 15 26.csv,APRIL1 TO APRIL 10 26.csv,AMZN 3/4/2026 Call $212.50
AMZN,3/4/2026,C,212.5,AMZN|3/4/2026|C|212.5,2026-03-03,2026-03-04,2026-03-03,2026-03-04,1,0.15,2.44,229.0,229.0,WIN,1,MARCH1 TO APRIL 15 26.csv,MARCH1 TO APRIL 15 26.csv,AMZN 3/4/2026 Call $212.50
AMZN,3/4/2026,C,215.0,AMZN|3/4/2026|C|215.0,2026-03-03,2026-03-04,2026-03-03,2026-03-04,1,0.12,1.45,133.0,133.0,WIN,1,APRIL1 TO APRIL 10 26.csv,APRIL1 TO APRIL 10 26.csv,AMZN 3/4/2026 Call $215.00
AMZN,3/4/2026,C,215.0,AMZN|3/4/2026|C|215.0,2026-03-03,2026-03-04,2026-03-03,2026-03-04,1,0.12,1.45,133.0,133.0,WIN,1,MARCH1 TO APRIL 15 26.csv,MARCH1 TO APRIL 15 26.csv,AMZN 3/4/2026 Call $215.00
SPY,3/4/2026,C,683.0,SPY|3/4/2026|C|683.0,2026-03-04,2026-03-04,2026-03-04,2026-03-04,1,2.33,3.76,143.0,143.0,WIN,0,APRIL1 TO APRIL 10 26.csv,APRIL1 TO APRIL 10 26.csv,SPY 3/4/2026 Call $683.00
SPY,3/4/2026,C,683.0,SPY|3/4/2026|C|683.0,2026-03-04,2026-03-04,2026-03-04,2026-03-04,1,2.33,3.76,143.0,143.0,WIN,0,MARCH1 TO APRIL 15 26.csv,MARCH1 TO APRIL 15 26.csv,SPY 3/4/2026 Call $683.00
SPY,3/4/2026,C,687.0,SPY|3/4/2026|C|687.0,2026-03-04,2026-03-04,2026-03-04,2026-03-04,1,0.45,0.76,31.0,31.0,WIN,0,APRIL1 TO APRIL 10 26.csv,APRIL1 TO APRIL 10 26.csv,SPY 3/4/2026 Call $687.00
SPY,3/4/2026,C,687.0,SPY|3/4/2026|C|687.0,2026-03-04,2026-03-04,2026-03-04,2026-03-04,1,0.45,0.76,31.0,31.0,WIN,0,MARCH1 TO APRIL 15 26.csv,MARCH1 TO APRIL 15 26.csv,SPY 3/4/2026 Call $687.00
SPY,3/4/2026,C,690.0,SPY|3/4/2026|C|690.0,2026-03-04,2026-03-04,2026-03-04,2026-03-04,1,0.06,0.01,-5.0,-5.0,LOSS,0,APRIL1 TO APRIL 10 26.csv,APRIL1 TO APRIL 10 26.csv,SPY 3/4/2026 Call $690.00
SPY,3/4/2026,C,690.0,SPY|3/4/2026|C|690.0,2026-03-04,2026-03-04,2026-03-04,2026-03-04,1,0.06,0.01,-5.0,-5.0,LOSS,0,MARCH1 TO APRIL 15 26.csv,MARCH1 TO APRIL 15 26.csv,SPY 3/4/2026 Call $690.00
SPY,3/4/2026,P,678.0,SPY|3/4/2026|P|678.0,2026-03-04,2026-03-04,2026-03-04,2026-03-04,3,1.56,1.46,-10.0,-30.0,LOSS,0,APRIL1 TO APRIL 10 26.csv,APRIL1 TO APRIL 10 26.csv,SPY 3/4/2026 Put $678.00
SPY,3/4/2026,P,678.0,SPY|3/4/2026|P|678.0,2026-03-04,2026-03-04,2026-03-04,2026-03-04,3,1.56,1.46,-10.0,-30.0,LOSS,0,MARCH1 TO APRIL 15 26.csv,MARCH1 TO APRIL 15 26.csv,SPY 3/4/2026 Put $678.00
AMZN,3/6/2026,C,225.0,AMZN|3/6/2026|C|225.0,2026-03-04,2026-03-05,2026-03-04,2026-03-05,2,0.18,0.4,22.0,44.0,WIN,1,APRIL1 TO APRIL 10 26.csv,APRIL1 TO APRIL 10 26.csv,AMZN 3/6/2026 Call $225.00
AMZN,3/6/2026,C,225.0,AMZN|3/6/2026|C|225.0,2026-03-04,2026-03-05,2026-03-04,2026-03-05,2,0.18,0.4,22.0,44.0,WIN,1,MARCH1 TO APRIL 15 26.csv,MARCH1 TO APRIL 15 26.csv,AMZN 3/6/2026 Call $225.00
SPY,3/5/2026,C,685.0,SPY|3/5/2026|C|685.0,2026-03-05,2026-03-05,2026-03-05,2026-03-05,1,1.54,0.47,-107.0,-107.0,LOSS,0,APRIL1 TO APRIL 10 26.csv,APRIL1 TO APRIL 10 26.csv,SPY 3/5/2026 Call $685.00
SPY,3/5/2026,C,685.0,SPY|3/5/2026|C|685.0,2026-03-05,2026-03-05,2026-03-05,2026-03-05,1,1.54,0.47,-107.0,-107.0,LOSS,0,MARCH1 TO APRIL 15 26.csv,MARCH1 TO APRIL 15 26.csv,SPY 3/5/2026 Call $685.00
SPY,3/5/2026,P,677.0,SPY|3/5/2026|P|677.0,2026-03-05,2026-03-05,2026-03-05,2026-03-05,1,0.71,0.58,-13.0,-13.0,LOSS,0,APRIL1 TO APRIL 10 26.csv,APRIL1 TO APRIL 10 26.csv,SPY 3/5/2026 Put $677.00
SPY,3/5/2026,P,677.0,SPY|3/5/2026|P|677.0,2026-03-05,2026-03-05,2026-03-05,2026-03-05,1,0.71,0.58,-13.0,-13.0,LOSS,0,MARCH1 TO APRIL 15 26.csv,MARCH1 TO APRIL 15 26.csv,SPY 3/5/2026 Put $677.00
SPY,3/5/2026,P,679.0,SPY|3/5/2026|P|679.0,2026-03-05,2026-03-05,2026-03-05,2026-03-05,1,0.67,1.34,67.0,67.0,WIN,0,APRIL1 TO APRIL 10 26.csv,APRIL1 TO APRIL 10 26.csv,SPY 3/5/2026 Put $679.00
SPY,3/5/2026,P,679.0,SPY|3/5/2026|P|679.0,2026-03-05,2026-03-05,2026-03-05,2026-03-05,1,0.67,1.34,67.0,67.0,WIN,0,MARCH1 TO APRIL 15 26.csv,MARCH1 TO APRIL 15 26.csv,SPY 3/5/2026 Put $679.00
XYZ,3/6/2026,C,65.0,XYZ|3/6/2026|C|65.0,2026-02-27,2026-03-05,2026-02-27,2026-03-05,1,1.56,2.45,89.0,89.0,WIN,6,APRIL1 TO APRIL 10 26.csv,APRIL1 TO APRIL 10 26.csv,XYZ 3/6/2026 Call $65.00
DAL,3/13/2026,C,65.0,DAL|3/13/2026|C|65.0,2026-03-06,2026-03-06,2026-03-06,2026-03-06,1,0.44,0.25,-19.0,-19.0,LOSS,0,APRIL1 TO APRIL 10 26.csv,APRIL1 TO APRIL 10 26.csv,DAL 3/13/2026 Call $65.00
DAL,3/13/2026,C,65.0,DAL|3/13/2026|C|65.0,2026-03-06,2026-03-06,2026-03-06,2026-03-06,1,0.44,0.25,-19.0,-19.0,LOSS,0,MARCH1 TO APRIL 15 26.csv,MARCH1 TO APRIL 15 26.csv,DAL 3/13/2026 Call $65.00
LUV,3/13/2026,C,44.5,LUV|3/13/2026|C|44.5,2026-03-06,2026-03-06,2026-03-06,2026-03-06,1,0.57,0.32,-25.0,-25.0,LOSS,0,APRIL1 TO APRIL 10 26.csv,APRIL1 TO APRIL 10 26.csv,LUV 3/13/2026 Call $44.50
LUV,3/13/2026,C,44.5,LUV|3/13/2026|C|44.5,2026-03-06,2026-03-06,2026-03-06,2026-03-06,1,0.57,0.32,-25.0,-25.0,LOSS,0,MARCH1 TO APRIL 15 26.csv,MARCH1 TO APRIL 15 26.csv,LUV 3/13/2026 Call $44.50
AAL,3/13/2026,P,10.0,AAL|3/13/2026|P|10.0,2026-03-06,2026-03-09,2026-03-06,2026-03-09,5,0.09,0.11,2.0,10.0,WIN,3,APRIL1 TO APRIL 10 26.csv,APRIL1 TO APRIL 10 26.csv,AAL 3/13/2026 Put $10.00
AAL,3/13/2026,P,10.0,AAL|3/13/2026|P|10.0,2026-03-06,2026-03-09,2026-03-06,2026-03-09,5,0.09,0.11,2.0,10.0,WIN,3,MARCH1 TO APRIL 15 26.csv,MARCH1 TO APRIL 15 26.csv,AAL 3/13/2026 Put $10.00
AAL,3/13/2026,P,11.0,AAL|3/13/2026|P|11.0,2026-03-05,2026-03-09,2026-03-05,2026-03-09,1,0.11,0.64,53.0,53.0,WIN,4,APRIL1 TO APRIL 10 26.csv,APRIL1 TO APRIL 10 26.csv,AAL 3/13/2026 Put $11.00
AAL,3/13/2026,P,11.0,AAL|3/13/2026|P|11.0,2026-03-05,2026-03-09,2026-03-05,2026-03-09,1,0.11,0.64,53.0,53.0,WIN,4,APRIL1 TO APRIL 10 26.csv,APRIL1 TO APRIL 10 26.csv,AAL 3/13/2026 Put $11.00
AAL,3/13/2026,P,11.0,AAL|3/13/2026|P|11.0,2026-03-05,2026-03-09,2026-03-05,2026-03-09,4,0.11,0.65,54.0,216.0,WIN,4,APRIL1 TO APRIL 10 26.csv,APRIL1 TO APRIL 10 26.csv,AAL 3/13/2026 Put $11.00
AAL,3/13/2026,P,11.0,AAL|3/13/2026|P|11.0,2026-03-05,2026-03-09,2026-03-05,2026-03-09,1,0.11,0.65,54.0,54.0,WIN,4,APRIL1 TO APRIL 10 26.csv,APRIL1 TO APRIL 10 26.csv,AAL 3/13/2026 Put $11.00
AAL,3/13/2026,P,11.0,AAL|3/13/2026|P|11.0,2026-03-05,2026-03-09,2026-03-05,2026-03-09,1,0.11,0.64,53.0,53.0,WIN,4,MARCH1 TO APRIL 15 26.csv,MARCH1 TO APRIL 15 26.csv,AAL 3/13/2026 Put $11.00
AAL,3/13/2026,P,11.0,AAL|3/13/2026|P|11.0,2026-03-05,2026-03-09,2026-03-05,2026-03-09,1,0.11,0.64,53.0,53.0,WIN,4,MARCH1 TO APRIL 15 26.csv,MARCH1 TO APRIL 15 26.csv,AAL 3/13/2026 Put $11.00
AAL,3/13/2026,P,11.0,AAL|3/13/2026|P|11.0,2026-03-05,2026-03-09,2026-03-05,2026-03-09,4,0.11,0.65,54.0,216.0,WIN,4,MARCH1 TO APRIL 15 26.csv,MARCH1 TO APRIL 15 26.csv,AAL 3/13/2026 Put $11.00
AAL,3/13/2026,P,11.0,AAL|3/13/2026|P|11.0,2026-03-05,2026-03-09,2026-03-05,2026-03-09,1,0.11,0.65,54.0,54.0,WIN,4,MARCH1 TO APRIL 15 26.csv,MARCH1 TO APRIL 15 26.csv,AAL 3/13/2026 Put $11.00
DAL,3/13/2026,P,58.0,DAL|3/13/2026|P|58.0,2026-03-06,2026-03-09,2026-03-06,2026-03-09,1,1.65,3.15,150.0,150.0,WIN,3,APRIL1 TO APRIL 10 26.csv,APRIL1 TO APRIL 10 26.csv,DAL 3/13/2026 Put $58.00
DAL,3/13/2026,P,58.0,DAL|3/13/2026|P|58.0,2026-03-06,2026-03-09,2026-03-06,2026-03-09,1,1.65,3.15,150.0,150.0,WIN,3,MARCH1 TO APRIL 15 26.csv,MARCH1 TO APRIL 15 26.csv,DAL 3/13/2026 Put $58.00
LUV,3/13/2026,P,41.5,LUV|3/13/2026|P|41.5,2026-03-06,2026-03-09,2026-03-06,2026-03-09,1,1.7,1.7,0.0,0.0,FLAT,3,APRIL1 TO APRIL 10 26.csv,APRIL1 TO APRIL 10 26.csv,LUV 3/13/2026 Put $41.50
LUV,3/13/2026,P,41.5,LUV|3/13/2026|P|41.5,2026-03-06,2026-03-09,2026-03-06,2026-03-09,1,1.7,1.7,0.0,0.0,FLAT,3,MARCH1 TO APRIL 15 26.csv,MARCH1 TO APRIL 15 26.csv,LUV 3/13/2026 Put $41.50
AAL,3/13/2026,P,10.0,AAL|3/13/2026|P|10.0,2026-03-10,2026-03-10,2026-03-10,2026-03-10,12,0.06,0.03,-3.0,-36.0,LOSS,0,APRIL1 TO APRIL 10 26.csv,APRIL1 TO APRIL 10 26.csv,AAL 3/13/2026 Put $10.00
AAL,3/13/2026,P,10.0,AAL|3/13/2026|P|10.0,2026-03-10,2026-03-10,2026-03-10,2026-03-10,12,0.06,0.03,-3.0,-36.0,LOSS,0,MARCH1 TO APRIL 15 26.csv,MARCH1 TO APRIL 15 26.csv,AAL 3/13/2026 Put $10.00
SPY,3/10/2026,C,678.0,SPY|3/10/2026|C|678.0,2026-03-10,2026-03-10,2026-03-10,2026-03-10,1,2.71,4.9,219.0,219.0,WIN,0,APRIL1 TO APRIL 10 26.csv,APRIL1 TO APRIL 10 26.csv,SPY 3/10/2026 Call $678.00
SPY,3/10/2026,C,678.0,SPY|3/10/2026|C|678.0,2026-03-10,2026-03-10,2026-03-10,2026-03-10,1,2.71,4.9,219.0,219.0,WIN,0,MARCH1 TO APRIL 15 26.csv,MARCH1 TO APRIL 15 26.csv,SPY 3/10/2026 Call $678.00
GLD,3/11/2026,C,479.0,GLD|3/11/2026|C|479.0,2026-03-11,2026-03-11,2026-03-11,2026-03-11,1,0.44,0.01,-43.0,-43.0,LOSS,0,APRIL1 TO APRIL 10 26.csv,APRIL1 TO APRIL 10 26.csv,GLD 3/11/2026 Call $479.00
GLD,3/11/2026,C,479.0,GLD|3/11/2026|C|479.0,2026-03-11,2026-03-11,2026-03-11,2026-03-11,1,0.44,0.01,-43.0,-43.0,LOSS,0,MARCH1 TO APRIL 15 26.csv,MARCH1 TO APRIL 15 26.csv,GLD 3/11/2026 Call $479.00
GLD,3/11/2026,P,475.0,GLD|3/11/2026|P|475.0,2026-03-11,2026-03-11,2026-03-11,2026-03-11,1,1.67,0.9,-77.0,-77.0,LOSS,0,APRIL1 TO APRIL 10 26.csv,APRIL1 TO APRIL 10 26.csv,GLD 3/11/2026 Put $475.00
GLD,3/11/2026,P,475.0,GLD|3/11/2026|P|475.0,2026-03-11,2026-03-11,2026-03-11,2026-03-11,1,1.67,0.9,-77.0,-77.0,LOSS,0,MARCH1 TO APRIL 15 26.csv,MARCH1 TO APRIL 15 26.csv,GLD 3/11/2026 Put $475.00
SPY,3/11/2026,C,679.0,SPY|3/11/2026|C|679.0,2026-03-11,2026-03-11,2026-03-11,2026-03-11,1,1.69,0.03,-166.0,-166.0,LOSS,0,APRIL1 TO APRIL 10 26.csv,APRIL1 TO APRIL 10 26.csv,SPY 3/11/2026 Call $679.00
SPY,3/11/2026,C,679.0,SPY|3/11/2026|C|679.0,2026-03-11,2026-03-11,2026-03-11,2026-03-11,1,1.69,0.03,-166.0,-166.0,LOSS,0,MARCH1 TO APRIL 15 26.csv,MARCH1 TO APRIL 15 26.csv,SPY 3/11/2026 Call $679.00
SPY,3/11/2026,P,671.0,SPY|3/11/2026|P|671.0,2026-03-11,2026-03-11,2026-03-11,2026-03-11,1,0.59,0.44,-15.0,-15.0,LOSS,0,APRIL1 TO APRIL 10 26.csv,APRIL1 TO APRIL 10 26.csv,SPY 3/11/2026 Put $671.00
SPY,3/11/2026,P,671.0,SPY|3/11/2026|P|671.0,2026-03-11,2026-03-11,2026-03-11,2026-03-11,1,0.59,0.44,-15.0,-15.0,LOSS,0,MARCH1 TO APRIL 15 26.csv,MARCH1 TO APRIL 15 26.csv,SPY 3/11/2026 Put $671.00
SPY,3/12/2026,P,665.0,SPY|3/12/2026|P|665.0,2026-03-12,2026-03-12,2026-03-12,2026-03-12,1,0.95,0.07,-88.0,-88.0,LOSS,0,APRIL1 TO APRIL 10 26.csv,APRIL1 TO APRIL 10 26.csv,SPY 3/12/2026 Put $665.00
SPY,3/12/2026,P,665.0,SPY|3/12/2026|P|665.0,2026-03-12,2026-03-12,2026-03-12,2026-03-12,1,0.95,0.07,-88.0,-88.0,LOSS,0,MARCH1 TO APRIL 15 26.csv,MARCH1 TO APRIL 15 26.csv,SPY 3/12/2026 Put $665.00
SPY,3/13/2026,C,672.0,SPY|3/13/2026|C|672.0,2026-03-13,2026-03-13,2026-03-13,2026-03-13,1,1.59,1.09,-50.0,-50.0,LOSS,0,APRIL1 TO APRIL 10 26.csv,APRIL1 TO APRIL 10 26.csv,SPY 3/13/2026 Call $672.00
SPY,3/13/2026,C,672.0,SPY|3/13/2026|C|672.0,2026-03-13,2026-03-13,2026-03-13,2026-03-13,1,1.59,1.09,-50.0,-50.0,LOSS,0,MARCH1 TO APRIL 15 26.csv,MARCH1 TO APRIL 15 26.csv,SPY 3/13/2026 Call $672.00
SPY,3/13/2026,P,657.0,SPY|3/13/2026|P|657.0,2026-03-13,2026-03-13,2026-03-13,2026-03-13,1,0.25,0.02,-23.0,-23.0,LOSS,0,APRIL1 TO APRIL 10 26.csv,APRIL1 TO APRIL 10 26.csv,SPY 3/13/2026 Put $657.00
SPY,3/13/2026,P,657.0,SPY|3/13/2026|P|657.0,2026-03-13,2026-03-13,2026-03-13,2026-03-13,1,0.25,0.02,-23.0,-23.0,LOSS,0,MARCH1 TO APRIL 15 26.csv,MARCH1 TO APRIL 15 26.csv,SPY 3/13/2026 Put $657.00
SPY,3/13/2026,P,665.0,SPY|3/13/2026|P|665.0,2026-03-13,2026-03-13,2026-03-13,2026-03-13,1,0.56,2.04,148.0,148.0,WIN,0,APRIL1 TO APRIL 10 26.csv,APRIL1 TO APRIL 10 26.csv,SPY 3/13/2026 Put $665.00
SPY,3/13/2026,P,665.0,SPY|3/13/2026|P|665.0,2026-03-13,2026-03-13,2026-03-13,2026-03-13,1,0.56,2.04,148.0,148.0,WIN,0,MARCH1 TO APRIL 15 26.csv,MARCH1 TO APRIL 15 26.csv,SPY 3/13/2026 Put $665.00
SPY,3/16/2026,C,668.0,SPY|3/16/2026|C|668.0,2026-03-16,2026-03-16,2026-03-16,2026-03-16,1,2.66,0.81,-185.0,-185.0,LOSS,0,APRIL1 TO APRIL 10 26.csv,APRIL1 TO APRIL 10 26.csv,SPY 3/16/2026 Call $668.00
SPY,3/16/2026,C,668.0,SPY|3/16/2026|C|668.0,2026-03-16,2026-03-16,2026-03-16,2026-03-16,1,2.66,0.81,-185.0,-185.0,LOSS,0,MARCH1 TO APRIL 15 26.csv,MARCH1 TO APRIL 15 26.csv,SPY 3/16/2026 Call $668.00
SPY,3/17/2026,C,675.0,SPY|3/17/2026|C|675.0,2026-03-17,2026-03-17,2026-03-17,2026-03-17,1,0.81,0.84,3.0,3.0,WIN,0,APRIL1 TO APRIL 10 26.csv,APRIL1 TO APRIL 10 26.csv,SPY 3/17/2026 Call $675.00
SPY,3/17/2026,C,675.0,SPY|3/17/2026|C|675.0,2026-03-17,2026-03-17,2026-03-17,2026-03-17,1,0.81,0.84,3.0,3.0,WIN,0,MARCH1 TO APRIL 15 26.csv,MARCH1 TO APRIL 15 26.csv,SPY 3/17/2026 Call $675.00
SPY,3/17/2026,C,676.0,SPY|3/17/2026|C|676.0,2026-03-17,2026-03-17,2026-03-17,2026-03-17,1,0.2,0.11,-9.0,-9.0,LOSS,0,APRIL1 TO APRIL 10 26.csv,APRIL1 TO APRIL 10 26.csv,SPY 3/17/2026 Call $676.00
SPY,3/17/2026,C,676.0,SPY|3/17/2026|C|676.0,2026-03-17,2026-03-17,2026-03-17,2026-03-17,1,0.2,0.11,-9.0,-9.0,LOSS,0,MARCH1 TO APRIL 15 26.csv,MARCH1 TO APRIL 15 26.csv,SPY 3/17/2026 Call $676.00
SPY,3/17/2026,C,678.0,SPY|3/17/2026|C|678.0,2026-03-17,2026-03-17,2026-03-17,2026-03-17,3,0.21,0.09,-12.0,-36.0,LOSS,0,APRIL1 TO APRIL 10 26.csv,APRIL1 TO APRIL 10 26.csv,SPY 3/17/2026 Call $678.00
SPY,3/17/2026,C,678.0,SPY|3/17/2026|C|678.0,2026-03-17,2026-03-17,2026-03-17,2026-03-17,3,0.21,0.09,-12.0,-36.0,LOSS,0,MARCH1 TO APRIL 15 26.csv,MARCH1 TO APRIL 15 26.csv,SPY 3/17/2026 Call $678.00
SPY,3/17/2026,P,668.0,SPY|3/17/2026|P|668.0,2026-03-17,2026-03-17,2026-03-17,2026-03-17,1,0.36,0.02,-34.0,-34.0,LOSS,0,APRIL1 TO APRIL 10 26.csv,APRIL1 TO APRIL 10 26.csv,SPY 3/17/2026 Put $668.00
SPY,3/17/2026,P,668.0,SPY|3/17/2026|P|668.0,2026-03-17,2026-03-17,2026-03-17,2026-03-17,1,0.36,0.02,-34.0,-34.0,LOSS,0,MARCH1 TO APRIL 15 26.csv,MARCH1 TO APRIL 15 26.csv,SPY 3/17/2026 Put $668.00
SPY,3/18/2026,P,664.0,SPY|3/18/2026|P|664.0,2026-03-18,2026-03-18,2026-03-18,2026-03-18,1,1.19,2.11,92.0,92.0,WIN,0,APRIL1 TO APRIL 10 26.csv,APRIL1 TO APRIL 10 26.csv,SPY 3/18/2026 Put $664.00
SPY,3/18/2026,P,664.0,SPY|3/18/2026|P|664.0,2026-03-18,2026-03-18,2026-03-18,2026-03-18,1,1.19,2.11,92.0,92.0,WIN,0,MARCH1 TO APRIL 15 26.csv,MARCH1 TO APRIL 15 26.csv,SPY 3/18/2026 Put $664.00
SPY,3/19/2026,C,677.0,SPY|3/19/2026|C|677.0,2026-03-18,2026-03-18,2026-03-18,2026-03-18,1,0.25,0.23,-2.0,-2.0,LOSS,0,APRIL1 TO APRIL 10 26.csv,APRIL1 TO APRIL 10 26.csv,SPY 3/19/2026 Call $677.00
SPY,3/19/2026,C,677.0,SPY|3/19/2026|C|677.0,2026-03-18,2026-03-18,2026-03-18,2026-03-18,1,0.25,0.23,-2.0,-2.0,LOSS,0,MARCH1 TO APRIL 15 26.csv,MARCH1 TO APRIL 15 26.csv,SPY 3/19/2026 Call $677.00
SPY,3/19/2026,P,657.0,SPY|3/19/2026|P|657.0,2026-03-19,2026-03-19,2026-03-19,2026-03-19,1,1.97,0.05,-192.0,-192.0,LOSS,0,APRIL1 TO APRIL 10 26.csv,APRIL1 TO APRIL 10 26.csv,SPY 3/19/2026 Put $657.00
SPY,3/19/2026,P,657.0,SPY|3/19/2026|P|657.0,2026-03-19,2026-03-19,2026-03-19,2026-03-19,1,1.97,0.05,-192.0,-192.0,LOSS,0,MARCH1 TO APRIL 15 26.csv,MARCH1 TO APRIL 15 26.csv,SPY 3/19/2026 Put $657.00
SPY,3/20/2026,P,643.0,SPY|3/20/2026|P|643.0,2026-03-19,2026-03-20,2026-03-19,2026-03-20,1,0.35,0.06,-29.0,-29.0,LOSS,1,APRIL1 TO APRIL 10 26.csv,APRIL1 TO APRIL 10 26.csv,SPY 3/20/2026 Put $643.00
SPY,3/20/2026,P,643.0,SPY|3/20/2026|P|643.0,2026-03-19,2026-03-20,2026-03-19,2026-03-20,1,0.35,0.06,-29.0,-29.0,LOSS,1,MARCH1 TO APRIL 15 26.csv,MARCH1 TO APRIL 15 26.csv,SPY 3/20/2026 Put $643.00
QQQ,3/23/2026,C,598.0,QQQ|3/23/2026|C|598.0,2026-03-23,2026-03-23,2026-03-23,2026-03-23,1,0.33,0.19,-14.0,-14.0,LOSS,0,APRIL1 TO APRIL 10 26.csv,APRIL1 TO APRIL 10 26.csv,QQQ 3/23/2026 Call $598.00
QQQ,3/23/2026,C,598.0,QQQ|3/23/2026|C|598.0,2026-03-23,2026-03-23,2026-03-23,2026-03-23,1,0.33,0.19,-14.0,-14.0,LOSS,0,MARCH1 TO APRIL 15 26.csv,MARCH1 TO APRIL 15 26.csv,QQQ 3/23/2026 Call $598.00
QQQ,3/24/2026,C,586.0,QQQ|3/24/2026|C|586.0,2026-03-24,2026-03-24,2026-03-24,2026-03-24,1,1.61,1.23,-38.0,-38.0,LOSS,0,APRIL1 TO APRIL 10 26.csv,APRIL1 TO APRIL 10 26.csv,QQQ 3/24/2026 Call $586.00
QQQ,3/24/2026,C,586.0,QQQ|3/24/2026|C|586.0,2026-03-24,2026-03-24,2026-03-24,2026-03-24,1,1.61,1.23,-38.0,-38.0,LOSS,0,MARCH1 TO APRIL 15 26.csv,MARCH1 TO APRIL 15 26.csv,QQQ 3/24/2026 Call $586.00
QQQ,3/24/2026,C,588.0,QQQ|3/24/2026|C|588.0,2026-03-24,2026-03-24,2026-03-24,2026-03-24,1,0.91,0.72,-19.0,-19.0,LOSS,0,APRIL1 TO APRIL 10 26.csv,APRIL1 TO APRIL 10 26.csv,QQQ 3/24/2026 Call $588.00
QQQ,3/24/2026,C,588.0,QQQ|3/24/2026|C|588.0,2026-03-24,2026-03-24,2026-03-24,2026-03-24,1,0.91,0.72,-19.0,-19.0,LOSS,0,MARCH1 TO APRIL 15 26.csv,MARCH1 TO APRIL 15 26.csv,QQQ 3/24/2026 Call $588.00
QQQ,3/24/2026,C,590.0,QQQ|3/24/2026|C|590.0,2026-03-24,2026-03-24,2026-03-24,2026-03-24,1,0.16,0.09,-7.0,-7.0,LOSS,0,APRIL1 TO APRIL 10 26.csv,APRIL1 TO APRIL 10 26.csv,QQQ 3/24/2026 Call $590.00
QQQ,3/24/2026,C,590.0,QQQ|3/24/2026|C|590.0,2026-03-24,2026-03-24,2026-03-24,2026-03-24,1,0.16,0.09,-7.0,-7.0,LOSS,0,APRIL1 TO APRIL 10 26.csv,APRIL1 TO APRIL 10 26.csv,QQQ 3/24/2026 Call $590.00
QQQ,3/24/2026,C,590.0,QQQ|3/24/2026|C|590.0,2026-03-24,2026-03-24,2026-03-24,2026-03-24,1,0.16,0.09,-7.0,-7.0,LOSS,0,APRIL1 TO APRIL 10 26.csv,APRIL1 TO APRIL 10 26.csv,QQQ 3/24/2026 Call $590.00
QQQ,3/24/2026,C,590.0,QQQ|3/24/2026|C|590.0,2026-03-24,2026-03-24,2026-03-24,2026-03-24,1,0.73,0.32,-41.0,-41.0,LOSS,0,APRIL1 TO APRIL 10 26.csv,APRIL1 TO APRIL 10 26.csv,QQQ 3/24/2026 Call $590.00
QQQ,3/24/2026,C,590.0,QQQ|3/24/2026|C|590.0,2026-03-24,2026-03-24,2026-03-24,2026-03-24,1,0.16,0.09,-7.0,-7.0,LOSS,0,MARCH1 TO APRIL 15 26.csv,MARCH1 TO APRIL 15 26.csv,QQQ 3/24/2026 Call $590.00
QQQ,3/24/2026,C,590.0,QQQ|3/24/2026|C|590.0,2026-03-24,2026-03-24,2026-03-24,2026-03-24,1,0.16,0.09,-7.0,-7.0,LOSS,0,MARCH1 TO APRIL 15 26.csv,MARCH1 TO APRIL 15 26.csv,QQQ 3/24/2026 Call $590.00
QQQ,3/24/2026,C,590.0,QQQ|3/24/2026|C|590.0,2026-03-24,2026-03-24,2026-03-24,2026-03-24,1,0.16,0.09,-7.0,-7.0,LOSS,0,MARCH1 TO APRIL 15 26.csv,MARCH1 TO APRIL 15 26.csv,QQQ 3/24/2026 Call $590.00
QQQ,3/24/2026,C,590.0,QQQ|3/24/2026|C|590.0,2026-03-24,2026-03-24,2026-03-24,2026-03-24,1,0.73,0.32,-41.0,-41.0,LOSS,0,MARCH1 TO APRIL 15 26.csv,MARCH1 TO APRIL 15 26.csv,QQQ 3/24/2026 Call $590.00
QQQ,3/24/2026,P,584.0,QQQ|3/24/2026|P|584.0,2026-03-24,2026-03-24,2026-03-24,2026-03-24,1,2.3,0.83,-147.0,-147.0,LOSS,0,APRIL1 TO APRIL 10 26.csv,APRIL1 TO APRIL 10 26.csv,QQQ 3/24/2026 Put $584.00
QQQ,3/24/2026,P,584.0,QQQ|3/24/2026|P|584.0,2026-03-24,2026-03-24,2026-03-24,2026-03-24,1,2.3,0.83,-147.0,-147.0,LOSS,0,MARCH1 TO APRIL 15 26.csv,MARCH1 TO APRIL 15 26.csv,QQQ 3/24/2026 Put $584.00
QQQ,3/24/2026,P,585.0,QQQ|3/24/2026|P|585.0,2026-03-24,2026-03-24,2026-03-24,2026-03-24,1,1.1,0.81,-29.0,-29.0,LOSS,0,APRIL1 TO APRIL 10 26.csv,APRIL1 TO APRIL 10 26.csv,QQQ 3/24/2026 Put $585.00
QQQ,3/24/2026,P,585.0,QQQ|3/24/2026|P|585.0,2026-03-24,2026-03-24,2026-03-24,2026-03-24,1,1.1,0.81,-29.0,-29.0,LOSS,0,MARCH1 TO APRIL 15 26.csv,MARCH1 TO APRIL 15 26.csv,QQQ 3/24/2026 Put $585.00
QQQ,3/25/2026,C,590.0,QQQ|3/25/2026|C|590.0,2026-03-25,2026-03-25,2026-03-25,2026-03-25,1,1.03,0.81,-22.0,-22.0,LOSS,0,APRIL1 TO APRIL 10 26.csv,APRIL1 TO APRIL 10 26.csv,QQQ 3/25/2026 Call $590.00
QQQ,3/25/2026,C,590.0,QQQ|3/25/2026|C|590.0,2026-03-25,2026-03-25,2026-03-25,2026-03-25,1,1.03,0.81,-22.0,-22.0,LOSS,0,MARCH1 TO APRIL 15 26.csv,MARCH1 TO APRIL 15 26.csv,QQQ 3/25/2026 Call $590.00
QQQ,3/25/2026,C,591.0,QQQ|3/25/2026|C|591.0,2026-03-25,2026-03-25,2026-03-25,2026-03-25,1,1.56,0.89,-67.0,-67.0,LOSS,0,APRIL1 TO APRIL 10 26.csv,APRIL1 TO APRIL 10 26.csv,QQQ 3/25/2026 Call $591.00
QQQ,3/25/2026,C,591.0,QQQ|3/25/2026|C|591.0,2026-03-25,2026-03-25,2026-03-25,2026-03-25,1,1.56,0.89,-67.0,-67.0,LOSS,0,MARCH1 TO APRIL 15 26.csv,MARCH1 TO APRIL 15 26.csv,QQQ 3/25/2026 Call $591.00
QQQ,3/25/2026,C,592.0,QQQ|3/25/2026|C|592.0,2026-03-25,2026-03-25,2026-03-25,2026-03-25,3,0.22,0.15,-7.0,-21.0,LOSS,0,APRIL1 TO APRIL 10 26.csv,APRIL1 TO APRIL 10 26.csv,QQQ 3/25/2026 Call $592.00
QQQ,3/25/2026,C,592.0,QQQ|3/25/2026|C|592.0,2026-03-25,2026-03-25,2026-03-25,2026-03-25,3,0.22,0.15,-7.0,-21.0,LOSS,0,MARCH1 TO APRIL 15 26.csv,MARCH1 TO APRIL 15 26.csv,QQQ 3/25/2026 Call $592.00
QQQ,3/25/2026,C,593.0,QQQ|3/25/2026|C|593.0,2026-03-25,2026-03-25,2026-03-25,2026-03-25,2,0.1,0.06,-4.0,-8.0,LOSS,0,APRIL1 TO APRIL 10 26.csv,APRIL1 TO APRIL 10 26.csv,QQQ 3/25/2026 Call $593.00
QQQ,3/25/2026,C,593.0,QQQ|3/25/2026|C|593.0,2026-03-25,2026-03-25,2026-03-25,2026-03-25,1,0.1,0.06,-4.0,-4.0,LOSS,0,APRIL1 TO APRIL 10 26.csv,APRIL1 TO APRIL 10 26.csv,QQQ 3/25/2026 Call $593.00
QQQ,3/25/2026,C,593.0,QQQ|3/25/2026|C|593.0,2026-03-25,2026-03-25,2026-03-25,2026-03-25,1,0.1,0.06,-4.0,-4.0,LOSS,0,APRIL1 TO APRIL 10 26.csv,APRIL1 TO APRIL 10 26.csv,QQQ 3/25/2026 Call $593.00
QQQ,3/25/2026,C,593.0,QQQ|3/25/2026|C|593.0,2026-03-25,2026-03-25,2026-03-25,2026-03-25,2,0.1,0.06,-4.0,-8.0,LOSS,0,APRIL1 TO APRIL 10 26.csv,MARCH1 TO APRIL 15 26.csv,QQQ 3/25/2026 Call $593.00
QQQ,3/25/2026,C,593.0,QQQ|3/25/2026|C|593.0,2026-03-25,2026-03-25,2026-03-25,2026-03-25,1,0.1,0.06,-4.0,-4.0,LOSS,0,MARCH1 TO APRIL 15 26.csv,MARCH1 TO APRIL 15 26.csv,QQQ 3/25/2026 Call $593.00
QQQ,3/25/2026,C,593.0,QQQ|3/25/2026|C|593.0,2026-03-25,2026-03-25,2026-03-25,2026-03-25,1,0.1,0.06,-4.0,-4.0,LOSS,0,MARCH1 TO APRIL 15 26.csv,MARCH1 TO APRIL 15 26.csv,QQQ 3/25/2026 Call $593.00
QQQ,3/25/2026,P,581.0,QQQ|3/25/2026|P|581.0,2026-03-24,2026-03-25,2026-03-24,2026-03-25,1,2.01,0.01,-200.0,-200.0,LOSS,1,APRIL1 TO APRIL 10 26.csv,APRIL1 TO APRIL 10 26.csv,QQQ 3/25/2026 Put $581.00
QQQ,3/25/2026,P,581.0,QQQ|3/25/2026|P|581.0,2026-03-24,2026-03-25,2026-03-24,2026-03-25,1,2.01,0.01,-200.0,-200.0,LOSS,1,MARCH1 TO APRIL 15 26.csv,MARCH1 TO APRIL 15 26.csv,QQQ 3/25/2026 Put $581.00
QQQ,3/25/2026,P,585.0,QQQ|3/25/2026|P|585.0,2026-03-25,2026-03-25,2026-03-25,2026-03-25,1,0.55,0.07,-48.0,-48.0,LOSS,0,APRIL1 TO APRIL 10 26.csv,APRIL1 TO APRIL 10 26.csv,QQQ 3/25/2026 Put $585.00
QQQ,3/25/2026,P,585.0,QQQ|3/25/2026|P|585.0,2026-03-25,2026-03-25,2026-03-25,2026-03-25,1,0.55,0.07,-48.0,-48.0,LOSS,0,MARCH1 TO APRIL 15 26.csv,MARCH1 TO APRIL 15 26.csv,QQQ 3/25/2026 Put $585.00
QQQ,3/25/2026,P,587.0,QQQ|3/25/2026|P|587.0,2026-03-25,2026-03-25,2026-03-25,2026-03-25,1,0.65,0.98,33.0,33.0,WIN,0,APRIL1 TO APRIL 10 26.csv,APRIL1 TO APRIL 10 26.csv,QQQ 3/25/2026 Put $587.00
QQQ,3/25/2026,P,587.0,QQQ|3/25/2026|P|587.0,2026-03-25,2026-03-25,2026-03-25,2026-03-25,1,0.65,0.98,33.0,33.0,WIN,0,MARCH1 TO APRIL 15 26.csv,MARCH1 TO APRIL 15 26.csv,QQQ 3/25/2026 Put $587.00
QQQ,3/25/2026,P,588.0,QQQ|3/25/2026|P|588.0,2026-03-25,2026-03-25,2026-03-25,2026-03-25,1,0.62,1.02,40.0,40.0,WIN,0,APRIL1 TO APRIL 10 26.csv,APRIL1 TO APRIL 10 26.csv,QQQ 3/25/2026 Put $588.00
QQQ,3/25/2026,P,588.0,QQQ|3/25/2026|P|588.0,2026-03-25,2026-03-25,2026-03-25,2026-03-25,1,0.62,1.69,107.0,107.0,WIN,0,APRIL1 TO APRIL 10 26.csv,APRIL1 TO APRIL 10 26.csv,QQQ 3/25/2026 Put $588.00
QQQ,3/25/2026,P,588.0,QQQ|3/25/2026|P|588.0,2026-03-25,2026-03-25,2026-03-25,2026-03-25,1,0.85,0.42,-43.0,-43.0,LOSS,0,APRIL1 TO APRIL 10 26.csv,APRIL1 TO APRIL 10 26.csv,QQQ 3/25/2026 Put $588.00
QQQ,3/25/2026,P,588.0,QQQ|3/25/2026|P|588.0,2026-03-25,2026-03-25,2026-03-25,2026-03-25,1,0.62,1.02,40.0,40.0,WIN,0,MARCH1 TO APRIL 15 26.csv,MARCH1 TO APRIL 15 26.csv,QQQ 3/25/2026 Put $588.00
QQQ,3/25/2026,P,588.0,QQQ|3/25/2026|P|588.0,2026-03-25,2026-03-25,2026-03-25,2026-03-25,1,0.62,1.69,107.0,107.0,WIN,0,MARCH1 TO APRIL 15 26.csv,MARCH1 TO APRIL 15 26.csv,QQQ 3/25/2026 Put $588.00
QQQ,3/25/2026,P,588.0,QQQ|3/25/2026|P|588.0,2026-03-25,2026-03-25,2026-03-25,2026-03-25,1,0.85,0.42,-43.0,-43.0,LOSS,0,MARCH1 TO APRIL 15 26.csv,MARCH1 TO APRIL 15 26.csv,QQQ 3/25/2026 Put $588.00
AI,3/27/2026,C,8.5,AI|3/27/2026|C|8.5,2026-03-26,2026-03-26,2026-03-26,2026-03-26,1,0.1,0.06,-4.0,-4.0,LOSS,0,APRIL1 TO APRIL 10 26.csv,APRIL1 TO APRIL 10 26.csv,AI 3/27/2026 Call $8.50
AI,3/27/2026,C,8.5,AI|3/27/2026|C|8.5,2026-03-26,2026-03-26,2026-03-26,2026-03-26,4,0.1,0.06,-4.0,-16.0,LOSS,0,APRIL1 TO APRIL 10 26.csv,APRIL1 TO APRIL 10 26.csv,AI 3/27/2026 Call $8.50
AI,3/27/2026,C,8.5,AI|3/27/2026|C|8.5,2026-03-26,2026-03-26,2026-03-26,2026-03-26,1,0.1,0.06,-4.0,-4.0,LOSS,0,APRIL1 TO APRIL 10 26.csv,MARCH1 TO APRIL 15 26.csv,AI 3/27/2026 Call $8.50
AI,3/27/2026,C,8.5,AI|3/27/2026|C|8.5,2026-03-26,2026-03-26,2026-03-26,2026-03-26,1,0.1,0.06,-4.0,-4.0,LOSS,0,APRIL1 TO APRIL 10 26.csv,MARCH1 TO APRIL 15 26.csv,AI 3/27/2026 Call $8.50
AI,3/27/2026,C,8.5,AI|3/27/2026|C|8.5,2026-03-26,2026-03-26,2026-03-26,2026-03-26,3,0.1,0.06,-4.0,-12.0,LOSS,0,MARCH1 TO APRIL 15 26.csv,MARCH1 TO APRIL 15 26.csv,AI 3/27/2026 Call $8.50
META,3/27/2026,P,547.5,META|3/27/2026|P|547.5,2026-03-26,2026-03-26,2026-03-26,2026-03-26,1,0.44,7.95,751.0,751.0,WIN,0,APRIL1 TO APRIL 10 26.csv,APRIL1 TO APRIL 10 26.csv,META 3/27/2026 Put $547.50
META,3/27/2026,P,547.5,META|3/27/2026|P|547.5,2026-03-26,2026-03-26,2026-03-26,2026-03-26,1,0.44,7.95,751.0,751.0,WIN,0,MARCH1 TO APRIL 15 26.csv,MARCH1 TO APRIL 15 26.csv,META 3/27/2026 Put $547.50
META,3/27/2026,P,562.5,META|3/27/2026|P|562.5,2026-03-25,2026-03-26,2026-03-25,2026-03-26,1,0.34,1.41,107.0,107.0,WIN,1,APRIL1 TO APRIL 10 26.csv,APRIL1 TO APRIL 10 26.csv,META 3/27/2026 Put $562.50
META,3/27/2026,P,562.5,META|3/27/2026|P|562.5,2026-03-25,2026-03-26,2026-03-25,2026-03-26,1,0.34,1.41,107.0,107.0,WIN,1,MARCH1 TO APRIL 15 26.csv,MARCH1 TO APRIL 15 26.csv,META 3/27/2026 Put $562.50
META,3/27/2026,P,567.5,META|3/27/2026|P|567.5,2026-03-26,2026-03-26,2026-03-26,2026-03-26,1,2.7,2.4,-30.0,-30.0,LOSS,0,APRIL1 TO APRIL 10 26.csv,APRIL1 TO APRIL 10 26.csv,META 3/27/2026 Put $567.50
META,3/27/2026,P,567.5,META|3/27/2026|P|567.5,2026-03-26,2026-03-26,2026-03-26,2026-03-26,1,2.7,2.4,-30.0,-30.0,LOSS,0,MARCH1 TO APRIL 15 26.csv,MARCH1 TO APRIL 15 26.csv,META 3/27/2026 Put $567.50
QQQ,3/26/2026,C,589.0,QQQ|3/26/2026|C|589.0,2026-03-26,2026-03-26,2026-03-26,2026-03-26,1,0.39,0.07,-32.0,-32.0,LOSS,0,APRIL1 TO APRIL 10 26.csv,APRIL1 TO APRIL 10 26.csv,QQQ 3/26/2026 Call $589.00
QQQ,3/26/2026,C,589.0,QQQ|3/26/2026|C|589.0,2026-03-26,2026-03-26,2026-03-26,2026-03-26,1,0.39,0.07,-32.0,-32.0,LOSS,0,MARCH1 TO APRIL 15 26.csv,MARCH1 TO APRIL 15 26.csv,QQQ 3/26/2026 Call $589.00
QQQ,3/26/2026,P,576.0,QQQ|3/26/2026|P|576.0,2026-03-26,2026-03-26,2026-03-26,2026-03-26,1,0.3,1.34,104.0,104.0,WIN,0,APRIL1 TO APRIL 10 26.csv,APRIL1 TO APRIL 10 26.csv,QQQ 3/26/2026 Put $576.00
QQQ,3/26/2026,P,576.0,QQQ|3/26/2026|P|576.0,2026-03-26,2026-03-26,2026-03-26,2026-03-26,1,0.3,1.34,104.0,104.0,WIN,0,MARCH1 TO APRIL 15 26.csv,MARCH1 TO APRIL 15 26.csv,QQQ 3/26/2026 Put $576.00
QQQ,3/26/2026,P,582.0,QQQ|3/26/2026|P|582.0,2026-03-26,2026-03-26,2026-03-26,2026-03-26,1,1.41,2.7,129.0,129.0,WIN,0,APRIL1 TO APRIL 10 26.csv,APRIL1 TO APRIL 10 26.csv,QQQ 3/26/2026 Put $582.00
QQQ,3/26/2026,P,582.0,QQQ|3/26/2026|P|582.0,2026-03-26,2026-03-26,2026-03-26,2026-03-26,1,1.41,2.7,129.0,129.0,WIN,0,MARCH1 TO APRIL 15 26.csv,MARCH1 TO APRIL 15 26.csv,QQQ 3/26/2026 Put $582.00
QQQ,3/27/2026,C,567.0,QQQ|3/27/2026|C|567.0,2026-03-27,2026-03-27,2026-03-27,2026-03-27,1,0.25,0.03,-22.0,-22.0,LOSS,0,APRIL1 TO APRIL 10 26.csv,APRIL1 TO APRIL 10 26.csv,QQQ 3/27/2026 Call $567.00
QQQ,3/27/2026,C,567.0,QQQ|3/27/2026|C|567.0,2026-03-27,2026-03-27,2026-03-27,2026-03-27,1,0.25,0.03,-22.0,-22.0,LOSS,0,MARCH1 TO APRIL 15 26.csv,MARCH1 TO APRIL 15 26.csv,QQQ 3/27/2026 Call $567.00
QQQ,3/27/2026,C,569.0,QQQ|3/27/2026|C|569.0,2026-03-27,2026-03-27,2026-03-27,2026-03-27,1,1.12,1.9,78.0,78.0,WIN,0,APRIL1 TO APRIL 10 26.csv,APRIL1 TO APRIL 10 26.csv,QQQ 3/27/2026 Call $569.00
QQQ,3/27/2026,C,569.0,QQQ|3/27/2026|C|569.0,2026-03-27,2026-03-27,2026-03-27,2026-03-27,1,1.12,1.9,78.0,78.0,WIN,0,MARCH1 TO APRIL 15 26.csv,MARCH1 TO APRIL 15 26.csv,QQQ 3/27/2026 Call $569.00
QQQ,3/27/2026,C,572.0,QQQ|3/27/2026|C|572.0,2026-03-27,2026-03-27,2026-03-27,2026-03-27,1,0.69,0.34,-35.0,-35.0,LOSS,0,APRIL1 TO APRIL 10 26.csv,APRIL1 TO APRIL 10 26.csv,QQQ 3/27/2026 Call $572.00
QQQ,3/27/2026,C,572.0,QQQ|3/27/2026|C|572.0,2026-03-27,2026-03-27,2026-03-27,2026-03-27,1,0.69,0.34,-35.0,-35.0,LOSS,0,MARCH1 TO APRIL 15 26.csv,MARCH1 TO APRIL 15 26.csv,QQQ 3/27/2026 Call $572.00
QQQ,3/27/2026,C,575.0,QQQ|3/27/2026|C|575.0,2026-03-27,2026-03-27,2026-03-27,2026-03-27,2,0.3,0.15,-15.0,-30.0,LOSS,0,APRIL1 TO APRIL 10 26.csv,APRIL1 TO APRIL 10 26.csv,QQQ 3/27/2026 Call $575.00
QQQ,3/27/2026,C,575.0,QQQ|3/27/2026|C|575.0,2026-03-27,2026-03-27,2026-03-27,2026-03-27,2,0.3,0.15,-15.0,-30.0,LOSS,0,MARCH1 TO APRIL 15 26.csv,MARCH1 TO APRIL 15 26.csv,QQQ 3/27/2026 Call $575.00
QQQ,3/27/2026,C,577.0,QQQ|3/27/2026|C|577.0,2026-03-27,2026-03-27,2026-03-27,2026-03-27,1,0.42,0.15,-27.0,-27.0,LOSS,0,APRIL1 TO APRIL 10 26.csv,APRIL1 TO APRIL 10 26.csv,QQQ 3/27/2026 Call $577.00
QQQ,3/27/2026,C,577.0,QQQ|3/27/2026|C|577.0,2026-03-27,2026-03-27,2026-03-27,2026-03-27,1,0.42,0.15,-27.0,-27.0,LOSS,0,MARCH1 TO APRIL 15 26.csv,MARCH1 TO APRIL 15 26.csv,QQQ 3/27/2026 Call $577.00
QQQ,3/27/2026,P,560.0,QQQ|3/27/2026|P|560.0,2026-03-27,2026-03-27,2026-03-27,2026-03-27,2,0.2,0.1,-10.0,-20.0,LOSS,0,APRIL1 TO APRIL 10 26.csv,APRIL1 TO APRIL 10 26.csv,QQQ 3/27/2026 Put $560.00
QQQ,3/27/2026,P,560.0,QQQ|3/27/2026|P|560.0,2026-03-27,2026-03-27,2026-03-27,2026-03-27,1,0.2,0.09,-11.0,-11.0,LOSS,0,APRIL1 TO APRIL 10 26.csv,APRIL1 TO APRIL 10 26.csv,QQQ 3/27/2026 Put $560.00
QQQ,3/27/2026,P,560.0,QQQ|3/27/2026|P|560.0,2026-03-27,2026-03-27,2026-03-27,2026-03-27,9,0.14,0.18,4.0,36.0,WIN,0,APRIL1 TO APRIL 10 26.csv,APRIL1 TO APRIL 10 26.csv,QQQ 3/27/2026 Put $560.00
QQQ,3/27/2026,P,560.0,QQQ|3/27/2026|P|560.0,2026-03-27,2026-03-27,2026-03-27,2026-03-27,1,0.14,0.18,4.0,4.0,WIN,0,APRIL1 TO APRIL 10 26.csv,APRIL1 TO APRIL 10 26.csv,QQQ 3/27/2026 Put $560.00
QQQ,3/27/2026,P,560.0,QQQ|3/27/2026|P|560.0,2026-03-27,2026-03-27,2026-03-27,2026-03-27,2,0.2,0.1,-10.0,-20.0,LOSS,0,MARCH1 TO APRIL 15 26.csv,MARCH1 TO APRIL 15 26.csv,QQQ 3/27/2026 Put $560.00
QQQ,3/27/2026,P,560.0,QQQ|3/27/2026|P|560.0,2026-03-27,2026-03-27,2026-03-27,2026-03-27,1,0.2,0.09,-11.0,-11.0,LOSS,0,MARCH1 TO APRIL 15 26.csv,MARCH1 TO APRIL 15 26.csv,QQQ 3/27/2026 Put $560.00
QQQ,3/27/2026,P,560.0,QQQ|3/27/2026|P|560.0,2026-03-27,2026-03-27,2026-03-27,2026-03-27,9,0.14,0.18,4.0,36.0,WIN,0,MARCH1 TO APRIL 15 26.csv,MARCH1 TO APRIL 15 26.csv,QQQ 3/27/2026 Put $560.00
QQQ,3/27/2026,P,560.0,QQQ|3/27/2026|P|560.0,2026-03-27,2026-03-27,2026-03-27,2026-03-27,1,0.14,0.18,4.0,4.0,WIN,0,MARCH1 TO APRIL 15 26.csv,MARCH1 TO APRIL 15 26.csv,QQQ 3/27/2026 Put $560.00
QQQ,3/27/2026,P,563.0,QQQ|3/27/2026|P|563.0,2026-03-27,2026-03-27,2026-03-27,2026-03-27,1,0.85,0.88,3.0,3.0,WIN,0,APRIL1 TO APRIL 10 26.csv,APRIL1 TO APRIL 10 26.csv,QQQ 3/27/2026 Put $563.00
QQQ,3/27/2026,P,563.0,QQQ|3/27/2026|P|563.0,2026-03-27,2026-03-27,2026-03-27,2026-03-27,1,0.85,0.88,3.0,3.0,WIN,0,MARCH1 TO APRIL 15 26.csv,MARCH1 TO APRIL 15 26.csv,QQQ 3/27/2026 Put $563.00
QQQ,3/27/2026,P,566.0,QQQ|3/27/2026|P|566.0,2026-03-27,2026-03-27,2026-03-27,2026-03-27,1,0.79,2.45,166.0,166.0,WIN,0,APRIL1 TO APRIL 10 26.csv,APRIL1 TO APRIL 10 26.csv,QQQ 3/27/2026 Put $566.00
QQQ,3/27/2026,P,566.0,QQQ|3/27/2026|P|566.0,2026-03-27,2026-03-27,2026-03-27,2026-03-27,1,1.32,2.19,87.0,87.0,WIN,0,APRIL1 TO APRIL 10 26.csv,APRIL1 TO APRIL 10 26.csv,QQQ 3/27/2026 Put $566.00
QQQ,3/27/2026,P,566.0,QQQ|3/27/2026|P|566.0,2026-03-27,2026-03-27,2026-03-27,2026-03-27,1,0.79,2.45,166.0,166.0,WIN,0,MARCH1 TO APRIL 15 26.csv,MARCH1 TO APRIL 15 26.csv,QQQ 3/27/2026 Put $566.00
QQQ,3/27/2026,P,566.0,QQQ|3/27/2026|P|566.0,2026-03-27,2026-03-27,2026-03-27,2026-03-27,1,1.32,2.19,87.0,87.0,WIN,0,MARCH1 TO APRIL 15 26.csv,MARCH1 TO APRIL 15 26.csv,QQQ 3/27/2026 Put $566.00
QQQ,3/27/2026,P,569.0,QQQ|3/27/2026|P|569.0,2026-03-27,2026-03-27,2026-03-27,2026-03-27,1,2.46,1.65,-81.0,-81.0,LOSS,0,APRIL1 TO APRIL 10 26.csv,APRIL1 TO APRIL 10 26.csv,QQQ 3/27/2026 Put $569.00
QQQ,3/27/2026,P,569.0,QQQ|3/27/2026|P|569.0,2026-03-27,2026-03-27,2026-03-27,2026-03-27,1,2.46,1.65,-81.0,-81.0,LOSS,0,MARCH1 TO APRIL 15 26.csv,MARCH1 TO APRIL 15 26.csv,QQQ 3/27/2026 Put $569.00
QQQ,3/30/2026,C,569.0,QQQ|3/30/2026|C|569.0,2026-03-30,2026-03-30,2026-03-30,2026-03-30,1,0.28,0.15,-13.0,-13.0,LOSS,0,APRIL1 TO APRIL 10 26.csv,APRIL1 TO APRIL 10 26.csv,QQQ 3/30/2026 Call $569.00
QQQ,3/30/2026,C,569.0,QQQ|3/30/2026|C|569.0,2026-03-30,2026-03-30,2026-03-30,2026-03-30,1,0.28,0.15,-13.0,-13.0,LOSS,0,APRIL1 TO APRIL 10 26.csv,APRIL1 TO APRIL 10 26.csv,QQQ 3/30/2026 Call $569.00
QQQ,3/30/2026,C,569.0,QQQ|3/30/2026|C|569.0,2026-03-30,2026-03-30,2026-03-30,2026-03-30,2,0.41,0.26,-15.0,-30.0,LOSS,0,APRIL1 TO APRIL 10 26.csv,APRIL1 TO APRIL 10 26.csv,QQQ 3/30/2026 Call $569.00
QQQ,3/30/2026,C,569.0,QQQ|3/30/2026|C|569.0,2026-03-30,2026-03-30,2026-03-30,2026-03-30,1,0.28,0.15,-13.0,-13.0,LOSS,0,MARCH1 TO APRIL 15 26.csv,MARCH1 TO APRIL 15 26.csv,QQQ 3/30/2026 Call $569.00
QQQ,3/30/2026,C,569.0,QQQ|3/30/2026|C|569.0,2026-03-30,2026-03-30,2026-03-30,2026-03-30,1,0.28,0.15,-13.0,-13.0,LOSS,0,MARCH1 TO APRIL 15 26.csv,MARCH1 TO APRIL 15 26.csv,QQQ 3/30/2026 Call $569.00
QQQ,3/30/2026,C,569.0,QQQ|3/30/2026|C|569.0,2026-03-30,2026-03-30,2026-03-30,2026-03-30,2,0.41,0.26,-15.0,-30.0,LOSS,0,MARCH1 TO APRIL 15 26.csv,MARCH1 TO APRIL 15 26.csv,QQQ 3/30/2026 Call $569.00
QQQ,3/30/2026,C,572.0,QQQ|3/30/2026|C|572.0,2026-03-30,2026-03-30,2026-03-30,2026-03-30,2,0.1,0.06,-4.0,-8.0,LOSS,0,APRIL1 TO APRIL 10 26.csv,APRIL1 TO APRIL 10 26.csv,QQQ 3/30/2026 Call $572.00
QQQ,3/30/2026,C,572.0,QQQ|3/30/2026|C|572.0,2026-03-30,2026-03-30,2026-03-30,2026-03-30,3,0.1,0.06,-4.0,-12.0,LOSS,0,APRIL1 TO APRIL 10 26.csv,APRIL1 TO APRIL 10 26.csv,QQQ 3/30/2026 Call $572.00
QQQ,3/30/2026,C,572.0,QQQ|3/30/2026|C|572.0,2026-03-30,2026-03-30,2026-03-30,2026-03-30,5,0.1,0.08,-2.0,-10.0,LOSS,0,APRIL1 TO APRIL 10 26.csv,APRIL1 TO APRIL 10 26.csv,QQQ 3/30/2026 Call $572.00
QQQ,3/30/2026,C,572.0,QQQ|3/30/2026|C|572.0,2026-03-30,2026-03-30,2026-03-30,2026-03-30,2,0.1,0.06,-4.0,-8.0,LOSS,0,MARCH1 TO APRIL 15 26.csv,MARCH1 TO APRIL 15 26.csv,QQQ 3/30/2026 Call $572.00
QQQ,3/30/2026,C,572.0,QQQ|3/30/2026|C|572.0,2026-03-30,2026-03-30,2026-03-30,2026-03-30,3,0.1,0.06,-4.0,-12.0,LOSS,0,MARCH1 TO APRIL 15 26.csv,MARCH1 TO APRIL 15 26.csv,QQQ 3/30/2026 Call $572.00
QQQ,3/30/2026,C,572.0,QQQ|3/30/2026|C|572.0,2026-03-30,2026-03-30,2026-03-30,2026-03-30,5,0.1,0.08,-2.0,-10.0,LOSS,0,MARCH1 TO APRIL 15 26.csv,MARCH1 TO APRIL 15 26.csv,QQQ 3/30/2026 Call $572.00
QQQ,3/30/2026,P,553.0,QQQ|3/30/2026|P|553.0,2026-03-30,2026-03-30,2026-03-30,2026-03-30,5,0.1,0.07,-3.0,-15.0,LOSS,0,APRIL1 TO APRIL 10 26.csv,APRIL1 TO APRIL 10 26.csv,QQQ 3/30/2026 Put $553.00
QQQ,3/30/2026,P,553.0,QQQ|3/30/2026|P|553.0,2026-03-30,2026-03-30,2026-03-30,2026-03-30,5,0.1,0.07,-3.0,-15.0,LOSS,0,MARCH1 TO APRIL 15 26.csv,MARCH1 TO APRIL 15 26.csv,QQQ 3/30/2026 Put $553.00
QQQ,3/30/2026,P,556.0,QQQ|3/30/2026|P|556.0,2026-03-30,2026-03-30,2026-03-30,2026-03-30,5,0.15,0.16,1.0,5.0,WIN,0,APRIL1 TO APRIL 10 26.csv,APRIL1 TO APRIL 10 26.csv,QQQ 3/30/2026 Put $556.00
QQQ,3/30/2026,P,556.0,QQQ|3/30/2026|P|556.0,2026-03-30,2026-03-30,2026-03-30,2026-03-30,5,0.15,0.16,1.0,5.0,WIN,0,MARCH1 TO APRIL 15 26.csv,MARCH1 TO APRIL 15 26.csv,QQQ 3/30/2026 Put $556.00
QQQ,3/30/2026,P,560.0,QQQ|3/30/2026|P|560.0,2026-03-30,2026-03-30,2026-03-30,2026-03-30,1,0.37,3.85,348.0,348.0,WIN,0,APRIL1 TO APRIL 10 26.csv,APRIL1 TO APRIL 10 26.csv,QQQ 3/30/2026 Put $560.00
QQQ,3/30/2026,P,560.0,QQQ|3/30/2026|P|560.0,2026-03-30,2026-03-30,2026-03-30,2026-03-30,2,0.37,0.68,31.0,62.0,WIN,0,APRIL1 TO APRIL 10 26.csv,APRIL1 TO APRIL 10 26.csv,QQQ 3/30/2026 Put $560.00
QQQ,3/30/2026,P,560.0,QQQ|3/30/2026|P|560.0,2026-03-30,2026-03-30,2026-03-30,2026-03-30,1,0.46,0.4,-6.0,-6.0,LOSS,0,APRIL1 TO APRIL 10 26.csv,APRIL1 TO APRIL 10 26.csv,QQQ 3/30/2026 Put $560.00
QQQ,3/30/2026,P,560.0,QQQ|3/30/2026|P|560.0,2026-03-30,2026-03-30,2026-03-30,2026-03-30,1,0.37,3.85,348.0,348.0,WIN,0,MARCH1 TO APRIL 15 26.csv,MARCH1 TO APRIL 15 26.csv,QQQ 3/30/2026 Put $560.00
QQQ,3/30/2026,P,560.0,QQQ|3/30/2026|P|560.0,2026-03-30,2026-03-30,2026-03-30,2026-03-30,2,0.37,0.68,31.0,62.0,WIN,0,MARCH1 TO APRIL 15 26.csv,MARCH1 TO APRIL 15 26.csv,QQQ 3/30/2026 Put $560.00
QQQ,3/30/2026,P,560.0,QQQ|3/30/2026|P|560.0,2026-03-30,2026-03-30,2026-03-30,2026-03-30,1,0.46,0.4,-6.0,-6.0,LOSS,0,MARCH1 TO APRIL 15 26.csv,MARCH1 TO APRIL 15 26.csv,QQQ 3/30/2026 Put $560.00
QQQ,3/30/2026,P,561.0,QQQ|3/30/2026|P|561.0,2026-03-30,2026-03-30,2026-03-30,2026-03-30,1,0.97,1.79,82.0,82.0,WIN,0,APRIL1 TO APRIL 10 26.csv,APRIL1 TO APRIL 10 26.csv,QQQ 3/30/2026 Put $561.00
QQQ,3/30/2026,P,561.0,QQQ|3/30/2026|P|561.0,2026-03-30,2026-03-30,2026-03-30,2026-03-30,1,0.98,0.59,-39.0,-39.0,LOSS,0,APRIL1 TO APRIL 10 26.csv,APRIL1 TO APRIL 10 26.csv,QQQ 3/30/2026 Put $561.00
QQQ,3/30/2026,P,561.0,QQQ|3/30/2026|P|561.0,2026-03-30,2026-03-30,2026-03-30,2026-03-30,1,0.97,1.79,82.0,82.0,WIN,0,MARCH1 TO APRIL 15 26.csv,MARCH1 TO APRIL 15 26.csv,QQQ 3/30/2026 Put $561.00
QQQ,3/30/2026,P,561.0,QQQ|3/30/2026|P|561.0,2026-03-30,2026-03-30,2026-03-30,2026-03-30,1,0.98,0.59,-39.0,-39.0,LOSS,0,MARCH1 TO APRIL 15 26.csv,MARCH1 TO APRIL 15 26.csv,QQQ 3/30/2026 Put $561.00
SPY,3/30/2026,C,643.0,SPY|3/30/2026|C|643.0,2026-03-30,2026-03-30,2026-03-30,2026-03-30,3,0.21,0.36,15.0,45.0,WIN,0,APRIL1 TO APRIL 10 26.csv,APRIL1 TO APRIL 10 26.csv,SPY 3/30/2026 Call $643.00
SPY,3/30/2026,C,643.0,SPY|3/30/2026|C|643.0,2026-03-30,2026-03-30,2026-03-30,2026-03-30,3,0.21,0.36,15.0,45.0,WIN,0,MARCH1 TO APRIL 15 26.csv,MARCH1 TO APRIL 15 26.csv,SPY 3/30/2026 Call $643.00
SPY,3/30/2026,P,635.0,SPY|3/30/2026|P|635.0,2026-03-30,2026-03-30,2026-03-30,2026-03-30,1,1.93,1.16,-77.0,-77.0,LOSS,0,APRIL1 TO APRIL 10 26.csv,APRIL1 TO APRIL 10 26.csv,SPY 3/30/2026 Put $635.00
SPY,3/30/2026,P,635.0,SPY|3/30/2026|P|635.0,2026-03-30,2026-03-30,2026-03-30,2026-03-30,1,1.93,1.16,-77.0,-77.0,LOSS,0,MARCH1 TO APRIL 15 26.csv,MARCH1 TO APRIL 15 26.csv,SPY 3/30/2026 Put $635.00
SPY,3/31/2026,C,643.0,SPY|3/31/2026|C|643.0,2026-03-31,2026-03-31,2026-03-31,2026-03-31,1,0.9,0.61,-29.0,-29.0,LOSS,0,APRIL1 TO APRIL 10 26.csv,APRIL1 TO APRIL 10 26.csv,SPY 3/31/2026 Call $643.00
SPY,3/31/2026,C,643.0,SPY|3/31/2026|C|643.0,2026-03-31,2026-03-31,2026-03-31,2026-03-31,1,0.5,1.24,74.0,74.0,WIN,0,APRIL1 TO APRIL 10 26.csv,APRIL1 TO APRIL 10 26.csv,SPY 3/31/2026 Call $643.00
SPY,3/31/2026,C,643.0,SPY|3/31/2026|C|643.0,2026-03-31,2026-03-31,2026-03-31,2026-03-31,1,0.9,0.61,-29.0,-29.0,LOSS,0,MARCH1 TO APRIL 15 26.csv,MARCH1 TO APRIL 15 26.csv,SPY 3/31/2026 Call $643.00
SPY,3/31/2026,C,643.0,SPY|3/31/2026|C|643.0,2026-03-31,2026-03-31,2026-03-31,2026-03-31,1,0.5,1.24,74.0,74.0,WIN,0,MARCH1 TO APRIL 15 26.csv,MARCH1 TO APRIL 15 26.csv,SPY 3/31/2026 Call $643.00
SPY,3/31/2026,C,644.0,SPY|3/31/2026|C|644.0,2026-03-31,2026-03-31,2026-03-31,2026-03-31,1,0.54,3.47,293.0,293.0,WIN,0,APRIL1 TO APRIL 10 26.csv,APRIL1 TO APRIL 10 26.csv,SPY 3/31/2026 Call $644.00
SPY,3/31/2026,C,644.0,SPY|3/31/2026|C|644.0,2026-03-31,2026-03-31,2026-03-31,2026-03-31,1,0.54,3.47,293.0,293.0,WIN,0,MARCH1 TO APRIL 15 26.csv,MARCH1 TO APRIL 15 26.csv,SPY 3/31/2026 Call $644.00
SPY,3/31/2026,C,645.0,SPY|3/31/2026|C|645.0,2026-03-31,2026-03-31,2026-03-31,2026-03-31,1,0.54,0.29,-25.0,-25.0,LOSS,0,APRIL1 TO APRIL 10 26.csv,APRIL1 TO APRIL 10 26.csv,SPY 3/31/2026 Call $645.00
SPY,3/31/2026,C,645.0,SPY|3/31/2026|C|645.0,2026-03-31,2026-03-31,2026-03-31,2026-03-31,2,1.13,0.24,-89.0,-178.0,LOSS,0,APRIL1 TO APRIL 10 26.csv,APRIL1 TO APRIL 10 26.csv,SPY 3/31/2026 Call $645.00
SPY,3/31/2026,C,645.0,SPY|3/31/2026|C|645.0,2026-03-31,2026-03-31,2026-03-31,2026-03-31,1,0.54,0.29,-25.0,-25.0,LOSS,0,MARCH1 TO APRIL 15 26.csv,MARCH1 TO APRIL 15 26.csv,SPY 3/31/2026 Call $645.00
SPY,3/31/2026,C,645.0,SPY|3/31/2026|C|645.0,2026-03-31,2026-03-31,2026-03-31,2026-03-31,2,1.13,0.24,-89.0,-178.0,LOSS,0,MARCH1 TO APRIL 15 26.csv,MARCH1 TO APRIL 15 26.csv,SPY 3/31/2026 Call $645.00
SPY,3/31/2026,C,646.0,SPY|3/31/2026|C|646.0,2026-03-31,2026-03-31,2026-03-31,2026-03-31,2,0.39,4.2,381.0,762.0,WIN,0,APRIL1 TO APRIL 10 26.csv,APRIL1 TO APRIL 10 26.csv,SPY 3/31/2026 Call $646.00
SPY,3/31/2026,C,646.0,SPY|3/31/2026|C|646.0,2026-03-31,2026-03-31,2026-03-31,2026-03-31,2,0.26,4.2,394.0,788.0,WIN,0,APRIL1 TO APRIL 10 26.csv,APRIL1 TO APRIL 10 26.csv,SPY 3/31/2026 Call $646.00
SPY,3/31/2026,C,646.0,SPY|3/31/2026|C|646.0,2026-03-31,2026-03-31,2026-03-31,2026-03-31,2,0.39,4.2,381.0,762.0,WIN,0,MARCH1 TO APRIL 15 26.csv,MARCH1 TO APRIL 15 26.csv,SPY 3/31/2026 Call $646.00
SPY,3/31/2026,C,646.0,SPY|3/31/2026|C|646.0,2026-03-31,2026-03-31,2026-03-31,2026-03-31,2,0.26,4.2,394.0,788.0,WIN,0,MARCH1 TO APRIL 15 26.csv,MARCH1 TO APRIL 15 26.csv,SPY 3/31/2026 Call $646.00
SPY,3/31/2026,C,651.0,SPY|3/31/2026|C|651.0,2026-03-31,2026-03-31,2026-03-31,2026-03-31,1,0.82,0.28,-54.0,-54.0,LOSS,0,APRIL1 TO APRIL 10 26.csv,APRIL1 TO APRIL 10 26.csv,SPY 3/31/2026 Call $651.00
SPY,3/31/2026,C,651.0,SPY|3/31/2026|C|651.0,2026-03-31,2026-03-31,2026-03-31,2026-03-31,1,0.82,0.28,-54.0,-54.0,LOSS,0,MARCH1 TO APRIL 15 26.csv,MARCH1 TO APRIL 15 26.csv,SPY 3/31/2026 Call $651.00
SPY,3/31/2026,C,652.0,SPY|3/31/2026|C|652.0,2026-03-31,2026-03-31,2026-03-31,2026-03-31,1,0.14,0.12,-2.0,-2.0,LOSS,0,APRIL1 TO APRIL 10 26.csv,APRIL1 TO APRIL 10 26.csv,SPY 3/31/2026 Call $652.00
SPY,3/31/2026,C,652.0,SPY|3/31/2026|C|652.0,2026-03-31,2026-03-31,2026-03-31,2026-03-31,1,0.14,0.12,-2.0,-2.0,LOSS,0,MARCH1 TO APRIL 15 26.csv,MARCH1 TO APRIL 15 26.csv,SPY 3/31/2026 Call $652.00
SPY,3/31/2026,P,633.0,SPY|3/31/2026|P|633.0,2026-03-31,2026-03-31,2026-03-31,2026-03-31,4,0.46,0.1,-36.0,-144.0,LOSS,0,APRIL1 TO APRIL 10 26.csv,APRIL1 TO APRIL 10 26.csv,SPY 3/31/2026 Put $633.00
SPY,3/31/2026,P,633.0,SPY|3/31/2026|P|633.0,2026-03-31,2026-03-31,2026-03-31,2026-03-31,4,0.46,0.1,-36.0,-144.0,LOSS,0,MARCH1 TO APRIL 15 26.csv,MARCH1 TO APRIL 15 26.csv,SPY 3/31/2026 Put $633.00
SPY,3/31/2026,P,636.0,SPY|3/31/2026|P|636.0,2026-03-31,2026-03-31,2026-03-31,2026-03-31,2,0.53,0.21,-32.0,-64.0,LOSS,0,APRIL1 TO APRIL 10 26.csv,APRIL1 TO APRIL 10 26.csv,SPY 3/31/2026 Put $636.00
SPY,3/31/2026,P,636.0,SPY|3/31/2026|P|636.0,2026-03-31,2026-03-31,2026-03-31,2026-03-31,2,0.53,0.3,-23.0,-46.0,LOSS,0,APRIL1 TO APRIL 10 26.csv,APRIL1 TO APRIL 10 26.csv,SPY 3/31/2026 Put $636.00
SPY,3/31/2026,P,636.0,SPY|3/31/2026|P|636.0,2026-03-31,2026-03-31,2026-03-31,2026-03-31,2,0.53,0.21,-32.0,-64.0,LOSS,0,MARCH1 TO APRIL 15 26.csv,MARCH1 TO APRIL 15 26.csv,SPY 3/31/2026 Put $636.00
SPY,3/31/2026,P,636.0,SPY|3/31/2026|P|636.0,2026-03-31,2026-03-31,2026-03-31,2026-03-31,2,0.53,0.3,-23.0,-46.0,LOSS,0,MARCH1 TO APRIL 15 26.csv,MARCH1 TO APRIL 15 26.csv,SPY 3/31/2026 Put $636.00
SPY,3/31/2026,P,639.0,SPY|3/31/2026|P|639.0,2026-03-31,2026-03-31,2026-03-31,2026-03-31,1,0.75,0.52,-23.0,-23.0,LOSS,0,APRIL1 TO APRIL 10 26.csv,APRIL1 TO APRIL 10 26.csv,SPY 3/31/2026 Put $639.00
SPY,3/31/2026,P,639.0,SPY|3/31/2026|P|639.0,2026-03-31,2026-03-31,2026-03-31,2026-03-31,1,0.75,0.52,-23.0,-23.0,LOSS,0,MARCH1 TO APRIL 15 26.csv,MARCH1 TO APRIL 15 26.csv,SPY 3/31/2026 Put $639.00
SPY,3/31/2026,P,640.0,SPY|3/31/2026|P|640.0,2026-03-31,2026-03-31,2026-03-31,2026-03-31,4,0.22,0.12,-10.0,-40.0,LOSS,0,APRIL1 TO APRIL 10 26.csv,APRIL1 TO APRIL 10 26.csv,SPY 3/31/2026 Put $640.00
SPY,3/31/2026,P,640.0,SPY|3/31/2026|P|640.0,2026-03-31,2026-03-31,2026-03-31,2026-03-31,1,1.61,1.03,-58.0,-58.0,LOSS,0,APRIL1 TO APRIL 10 26.csv,APRIL1 TO APRIL 10 26.csv,SPY 3/31/2026 Put $640.00
SPY,3/31/2026,P,640.0,SPY|3/31/2026|P|640.0,2026-03-31,2026-03-31,2026-03-31,2026-03-31,4,0.22,0.12,-10.0,-40.0,LOSS,0,MARCH1 TO APRIL 15 26.csv,MARCH1 TO APRIL 15 26.csv,SPY 3/31/2026 Put $640.00
SPY,3/31/2026,P,640.0,SPY|3/31/2026|P|640.0,2026-03-31,2026-03-31,2026-03-31,2026-03-31,1,1.61,1.03,-58.0,-58.0,LOSS,0,MARCH1 TO APRIL 15 26.csv,MARCH1 TO APRIL 15 26.csv,SPY 3/31/2026 Put $640.00
SPY,3/31/2026,P,641.0,SPY|3/31/2026|P|641.0,2026-03-31,2026-03-31,2026-03-31,2026-03-31,1,1.86,3.5,164.0,164.0,WIN,0,APRIL1 TO APRIL 10 26.csv,APRIL1 TO APRIL 10 26.csv,SPY 3/31/2026 Put $641.00
SPY,3/31/2026,P,641.0,SPY|3/31/2026|P|641.0,2026-03-31,2026-03-31,2026-03-31,2026-03-31,1,1.86,3.5,164.0,164.0,WIN,0,MARCH1 TO APRIL 15 26.csv,MARCH1 TO APRIL 15 26.csv,SPY 3/31/2026 Put $641.00
SPY,3/31/2026,P,644.0,SPY|3/31/2026|P|644.0,2026-03-31,2026-03-31,2026-03-31,2026-03-31,1,0.8,0.54,-26.0,-26.0,LOSS,0,APRIL1 TO APRIL 10 26.csv,APRIL1 TO APRIL 10 26.csv,SPY 3/31/2026 Put $644.00
SPY,3/31/2026,P,644.0,SPY|3/31/2026|P|644.0,2026-03-31,2026-03-31,2026-03-31,2026-03-31,1,0.8,0.54,-26.0,-26.0,LOSS,0,MARCH1 TO APRIL 15 26.csv,MARCH1 TO APRIL 15 26.csv,SPY 3/31/2026 Put $644.00
QQQ,4/1/2026,C,584.0,QQQ|4/1/2026|C|584.0,2026-04-01,2026-04-01,2026-04-01,2026-04-01,1,1.58,1.22,-36.0,-36.0,LOSS,0,APRIL1 TO APRIL 10 26.csv,APRIL1 TO APRIL 10 26.csv,QQQ 4/1/2026 Call $584.00
QQQ,4/1/2026,C,584.0,QQQ|4/1/2026|C|584.0,2026-04-01,2026-04-01,2026-04-01,2026-04-01,1,1.58,1.22,-36.0,-36.0,LOSS,0,MARCH1 TO APRIL 15 26.csv,MARCH1 TO APRIL 15 26.csv,QQQ 4/1/2026 Call $584.00
QQQ,4/1/2026,C,585.0,QQQ|4/1/2026|C|585.0,2026-04-01,2026-04-01,2026-04-01,2026-04-01,1,1.07,1.84,77.0,77.0,WIN,0,APRIL1 TO APRIL 10 26.csv,APRIL1 TO APRIL 10 26.csv,QQQ 4/1/2026 Call $585.00
QQQ,4/1/2026,C,585.0,QQQ|4/1/2026|C|585.0,2026-04-01,2026-04-01,2026-04-01,2026-04-01,1,1.07,1.84,77.0,77.0,WIN,0,MARCH1 TO APRIL 15 26.csv,MARCH1 TO APRIL 15 26.csv,QQQ 4/1/2026 Call $585.00
QQQ,4/1/2026,C,586.0,QQQ|4/1/2026|C|586.0,2026-04-01,2026-04-01,2026-04-01,2026-04-01,2,0.62,1.35,73.0,146.0,WIN,0,APRIL1 TO APRIL 10 26.csv,APRIL1 TO APRIL 10 26.csv,QQQ 4/1/2026 Call $586.00
QQQ,4/1/2026,C,586.0,QQQ|4/1/2026|C|586.0,2026-04-01,2026-04-01,2026-04-01,2026-04-01,2,0.62,1.35,73.0,146.0,WIN,0,MARCH1 TO APRIL 15 26.csv,MARCH1 TO APRIL 15 26.csv,QQQ 4/1/2026 Call $586.00
QQQ,4/1/2026,C,587.0,QQQ|4/1/2026|C|587.0,2026-04-01,2026-04-01,2026-04-01,2026-04-01,1,1.11,0.28,-83.0,-83.0,LOSS,0,APRIL1 TO APRIL 10 26.csv,APRIL1 TO APRIL 10 26.csv,QQQ 4/1/2026 Call $587.00
QQQ,4/1/2026,C,587.0,QQQ|4/1/2026|C|587.0,2026-04-01,2026-04-01,2026-04-01,2026-04-01,1,0.74,1.04,30.0,30.0,WIN,0,APRIL1 TO APRIL 10 26.csv,APRIL1 TO APRIL 10 26.csv,QQQ 4/1/2026 Call $587.00
QQQ,4/1/2026,C,587.0,QQQ|4/1/2026|C|587.0,2026-04-01,2026-04-01,2026-04-01,2026-04-01,1,0.81,0.72,-9.0,-9.0,LOSS,0,APRIL1 TO APRIL 10 26.csv,APRIL1 TO APRIL 10 26.csv,QQQ 4/1/2026 Call $587.00
QQQ,4/1/2026,C,587.0,QQQ|4/1/2026|C|587.0,2026-04-01,2026-04-01,2026-04-01,2026-04-01,1,1.11,0.28,-83.0,-83.0,LOSS,0,MARCH1 TO APRIL 15 26.csv,MARCH1 TO APRIL 15 26.csv,QQQ 4/1/2026 Call $587.00
QQQ,4/1/2026,C,587.0,QQQ|4/1/2026|C|587.0,2026-04-01,2026-04-01,2026-04-01,2026-04-01,1,0.74,1.04,30.0,30.0,WIN,0,MARCH1 TO APRIL 15 26.csv,MARCH1 TO APRIL 15 26.csv,QQQ 4/1/2026 Call $587.00
QQQ,4/1/2026,C,587.0,QQQ|4/1/2026|C|587.0,2026-04-01,2026-04-01,2026-04-01,2026-04-01,1,0.81,0.72,-9.0,-9.0,LOSS,0,MARCH1 TO APRIL 15 26.csv,MARCH1 TO APRIL 15 26.csv,QQQ 4/1/2026 Call $587.00
QQQ,4/1/2026,C,588.0,QQQ|4/1/2026|C|588.0,2026-04-01,2026-04-01,2026-04-01,2026-04-01,1,0.57,0.2,-37.0,-37.0,LOSS,0,APRIL1 TO APRIL 10 26.csv,APRIL1 TO APRIL 10 26.csv,QQQ 4/1/2026 Call $588.00
QQQ,4/1/2026,C,588.0,QQQ|4/1/2026|C|588.0,2026-04-01,2026-04-01,2026-04-01,2026-04-01,1,0.57,0.2,-37.0,-37.0,LOSS,0,APRIL1 TO APRIL 10 26.csv,APRIL1 TO APRIL 10 26.csv,QQQ 4/1/2026 Call $588.00
QQQ,4/1/2026,C,588.0,QQQ|4/1/2026|C|588.0,2026-04-01,2026-04-01,2026-04-01,2026-04-01,2,0.64,0.51,-13.0,-26.0,LOSS,0,APRIL1 TO APRIL 10 26.csv,APRIL1 TO APRIL 10 26.csv,QQQ 4/1/2026 Call $588.00
QQQ,4/1/2026,C,588.0,QQQ|4/1/2026|C|588.0,2026-04-01,2026-04-01,2026-04-01,2026-04-01,1,0.53,0.51,-2.0,-2.0,LOSS,0,APRIL1 TO APRIL 10 26.csv,APRIL1 TO APRIL 10 26.csv,QQQ 4/1/2026 Call $588.00
QQQ,4/1/2026,C,588.0,QQQ|4/1/2026|C|588.0,2026-04-01,2026-04-01,2026-04-01,2026-04-01,1,0.54,0.51,-3.0,-3.0,LOSS,0,APRIL1 TO APRIL 10 26.csv,APRIL1 TO APRIL 10 26.csv,QQQ 4/1/2026 Call $588.00
QQQ,4/1/2026,C,588.0,QQQ|4/1/2026|C|588.0,2026-04-01,2026-04-01,2026-04-01,2026-04-01,1,0.54,0.51,-3.0,-3.0,LOSS,0,APRIL1 TO APRIL 10 26.csv,APRIL1 TO APRIL 10 26.csv,QQQ 4/1/2026 Call $588.00
QQQ,4/1/2026,C,588.0,QQQ|4/1/2026|C|588.0,2026-04-01,2026-04-01,2026-04-01,2026-04-01,1,0.57,0.2,-37.0,-37.0,LOSS,0,MARCH1 TO APRIL 15 26.csv,MARCH1 TO APRIL 15 26.csv,QQQ 4/1/2026 Call $588.00
QQQ,4/1/2026,C,588.0,QQQ|4/1/2026|C|588.0,2026-04-01,2026-04-01,2026-04-01,2026-04-01,1,0.57,0.2,-37.0,-37.0,LOSS,0,MARCH1 TO APRIL 15 26.csv,MARCH1 TO APRIL 15 26.csv,QQQ 4/1/2026 Call $588.00
QQQ,4/1/2026,C,588.0,QQQ|4/1/2026|C|588.0,2026-04-01,2026-04-01,2026-04-01,2026-04-01,2,0.64,0.51,-13.0,-26.0,LOSS,0,MARCH1 TO APRIL 15 26.csv,MARCH1 TO APRIL 15 26.csv,QQQ 4/1/2026 Call $588.00
QQQ,4/1/2026,C,588.0,QQQ|4/1/2026|C|588.0,2026-04-01,2026-04-01,2026-04-01,2026-04-01,1,0.53,0.51,-2.0,-2.0,LOSS,0,MARCH1 TO APRIL 15 26.csv,MARCH1 TO APRIL 15 26.csv,QQQ 4/1/2026 Call $588.00
QQQ,4/1/2026,C,588.0,QQQ|4/1/2026|C|588.0,2026-04-01,2026-04-01,2026-04-01,2026-04-01,1,0.54,0.51,-3.0,-3.0,LOSS,0,MARCH1 TO APRIL 15 26.csv,MARCH1 TO APRIL 15 26.csv,QQQ 4/1/2026 Call $588.00
QQQ,4/1/2026,C,588.0,QQQ|4/1/2026|C|588.0,2026-04-01,2026-04-01,2026-04-01,2026-04-01,1,0.54,0.51,-3.0,-3.0,LOSS,0,MARCH1 TO APRIL 15 26.csv,MARCH1 TO APRIL 15 26.csv,QQQ 4/1/2026 Call $588.00
QQQ,4/1/2026,C,589.0,QQQ|4/1/2026|C|589.0,2026-04-01,2026-04-01,2026-04-01,2026-04-01,1,0.29,0.01,-28.0,-28.0,LOSS,0,APRIL1 TO APRIL 10 26.csv,APRIL1 TO APRIL 10 26.csv,QQQ 4/1/2026 Call $589.00
QQQ,4/1/2026,C,589.0,QQQ|4/1/2026|C|589.0,2026-04-01,2026-04-01,2026-04-01,2026-04-01,2,0.29,0.12,-17.0,-34.0,LOSS,0,APRIL1 TO APRIL 10 26.csv,APRIL1 TO APRIL 10 26.csv,QQQ 4/1/2026 Call $589.00
QQQ,4/1/2026,C,589.0,QQQ|4/1/2026|C|589.0,2026-04-01,2026-04-01,2026-04-01,2026-04-01,3,0.28,0.24,-4.0,-12.0,LOSS,0,APRIL1 TO APRIL 10 26.csv,APRIL1 TO APRIL 10 26.csv,QQQ 4/1/2026 Call $589.00
QQQ,4/1/2026,C,589.0,QQQ|4/1/2026|C|589.0,2026-04-01,2026-04-01,2026-04-01,2026-04-01,3,0.29,0.26,-3.0,-9.0,LOSS,0,APRIL1 TO APRIL 10 26.csv,APRIL1 TO APRIL 10 26.csv,QQQ 4/1/2026 Call $589.00
QQQ,4/1/2026,C,589.0,QQQ|4/1/2026|C|589.0,2026-04-01,2026-04-01,2026-04-01,2026-04-01,3,0.33,0.3,-3.0,-9.0,LOSS,0,APRIL1 TO APRIL 10 26.csv,APRIL1 TO APRIL 10 26.csv,QQQ 4/1/2026 Call $589.00
QQQ,4/1/2026,C,589.0,QQQ|4/1/2026|C|589.0,2026-04-01,2026-04-01,2026-04-01,2026-04-01,1,0.29,0.01,-28.0,-28.0,LOSS,0,MARCH1 TO APRIL 15 26.csv,MARCH1 TO APRIL 15 26.csv,QQQ 4/1/2026 Call $589.00
QQQ,4/1/2026,C,589.0,QQQ|4/1/2026|C|589.0,2026-04-01,2026-04-01,2026-04-01,2026-04-01,2,0.29,0.12,-17.0,-34.0,LOSS,0,MARCH1 TO APRIL 15 26.csv,MARCH1 TO APRIL 15 26.csv,QQQ 4/1/2026 Call $589.00
QQQ,4/1/2026,C,589.0,QQQ|4/1/2026|C|589.0,2026-04-01,2026-04-01,2026-04-01,2026-04-01,3,0.28,0.24,-4.0,-12.0,LOSS,0,MARCH1 TO APRIL 15 26.csv,MARCH1 TO APRIL 15 26.csv,QQQ 4/1/2026 Call $589.00
QQQ,4/1/2026,C,589.0,QQQ|4/1/2026|C|589.0,2026-04-01,2026-04-01,2026-04-01,2026-04-01,3,0.29,0.26,-3.0,-9.0,LOSS,0,MARCH1 TO APRIL 15 26.csv,MARCH1 TO APRIL 15 26.csv,QQQ 4/1/2026 Call $589.00
QQQ,4/1/2026,C,589.0,QQQ|4/1/2026|C|589.0,2026-04-01,2026-04-01,2026-04-01,2026-04-01,3,0.33,0.3,-3.0,-9.0,LOSS,0,MARCH1 TO APRIL 15 26.csv,MARCH1 TO APRIL 15 26.csv,QQQ 4/1/2026 Call $589.00
QQQ,4/1/2026,C,590.0,QQQ|4/1/2026|C|590.0,2026-04-01,2026-04-01,2026-04-01,2026-04-01,5,0.15,0.13,-2.0,-10.0,LOSS,0,APRIL1 TO APRIL 10 26.csv,APRIL1 TO APRIL 10 26.csv,QQQ 4/1/2026 Call $590.00
QQQ,4/1/2026,C,590.0,QQQ|4/1/2026|C|590.0,2026-04-01,2026-04-01,2026-04-01,2026-04-01,5,0.15,0.13,-2.0,-10.0,LOSS,0,MARCH1 TO APRIL 15 26.csv,MARCH1 TO APRIL 15 26.csv,QQQ 4/1/2026 Call $590.00
QQQ,4/1/2026,C,591.0,QQQ|4/1/2026|C|591.0,2026-04-01,2026-04-01,2026-04-01,2026-04-01,1,0.08,0.1,2.0,2.0,WIN,0,APRIL1 TO APRIL 10 26.csv,APRIL1 TO APRIL 10 26.csv,QQQ 4/1/2026 Call $591.00
QQQ,4/1/2026,C,591.0,QQQ|4/1/2026|C|591.0,2026-04-01,2026-04-01,2026-04-01,2026-04-01,1,0.08,0.1,2.0,2.0,WIN,0,APRIL1 TO APRIL 10 26.csv,APRIL1 TO APRIL 10 26.csv,QQQ 4/1/2026 Call $591.00
QQQ,4/1/2026,C,591.0,QQQ|4/1/2026|C|591.0,2026-04-01,2026-04-01,2026-04-01,2026-04-01,1,0.08,0.1,2.0,2.0,WIN,0,APRIL1 TO APRIL 10 26.csv,APRIL1 TO APRIL 10 26.csv,QQQ 4/1/2026 Call $591.00
QQQ,4/1/2026,C,591.0,QQQ|4/1/2026|C|591.0,2026-04-01,2026-04-01,2026-04-01,2026-04-01,3,0.08,0.1,2.0,6.0,WIN,0,APRIL1 TO APRIL 10 26.csv,APRIL1 TO APRIL 10 26.csv,QQQ 4/1/2026 Call $591.00
QQQ,4/1/2026,C,591.0,QQQ|4/1/2026|C|591.0,2026-04-01,2026-04-01,2026-04-01,2026-04-01,9,0.08,0.1,2.0,18.0,WIN,0,APRIL1 TO APRIL 10 26.csv,APRIL1 TO APRIL 10 26.csv,QQQ 4/1/2026 Call $591.00
QQQ,4/1/2026,C,591.0,QQQ|4/1/2026|C|591.0,2026-04-01,2026-04-01,2026-04-01,2026-04-01,1,0.08,0.1,2.0,2.0,WIN,0,MARCH1 TO APRIL 15 26.csv,MARCH1 TO APRIL 15 26.csv,QQQ 4/1/2026 Call $591.00
QQQ,4/1/2026,C,591.0,QQQ|4/1/2026|C|591.0,2026-04-01,2026-04-01,2026-04-01,2026-04-01,1,0.08,0.1,2.0,2.0,WIN,0,MARCH1 TO APRIL 15 26.csv,MARCH1 TO APRIL 15 26.csv,QQQ 4/1/2026 Call $591.00
QQQ,4/1/2026,C,591.0,QQQ|4/1/2026|C|591.0,2026-04-01,2026-04-01,2026-04-01,2026-04-01,1,0.08,0.1,2.0,2.0,WIN,0,MARCH1 TO APRIL 15 26.csv,MARCH1 TO APRIL 15 26.csv,QQQ 4/1/2026 Call $591.00
QQQ,4/1/2026,C,591.0,QQQ|4/1/2026|C|591.0,2026-04-01,2026-04-01,2026-04-01,2026-04-01,3,0.08,0.1,2.0,6.0,WIN,0,MARCH1 TO APRIL 15 26.csv,MARCH1 TO APRIL 15 26.csv,QQQ 4/1/2026 Call $591.00
QQQ,4/1/2026,C,591.0,QQQ|4/1/2026|C|591.0,2026-04-01,2026-04-01,2026-04-01,2026-04-01,9,0.08,0.1,2.0,18.0,WIN,0,MARCH1 TO APRIL 15 26.csv,MARCH1 TO APRIL 15 26.csv,QQQ 4/1/2026 Call $591.00
QQQ,4/1/2026,C,592.0,QQQ|4/1/2026|C|592.0,2026-04-01,2026-04-01,2026-04-01,2026-04-01,1,0.08,0.07,-1.0,-1.0,LOSS,0,APRIL1 TO APRIL 10 26.csv,APRIL1 TO APRIL 10 26.csv,QQQ 4/1/2026 Call $592.00
QQQ,4/1/2026,C,592.0,QQQ|4/1/2026|C|592.0,2026-04-01,2026-04-01,2026-04-01,2026-04-01,1,0.08,0.07,-1.0,-1.0,LOSS,0,APRIL1 TO APRIL 10 26.csv,APRIL1 TO APRIL 10 26.csv,QQQ 4/1/2026 Call $592.00
QQQ,4/1/2026,C,592.0,QQQ|4/1/2026|C|592.0,2026-04-01,2026-04-01,2026-04-01,2026-04-01,5,0.08,0.07,-1.0,-5.0,LOSS,0,APRIL1 TO APRIL 10 26.csv,APRIL1 TO APRIL 10 26.csv,QQQ 4/1/2026 Call $592.00
QQQ,4/1/2026,C,592.0,QQQ|4/1/2026|C|592.0,2026-04-01,2026-04-01,2026-04-01,2026-04-01,2,0.08,0.07,-1.0,-2.0,LOSS,0,APRIL1 TO APRIL 10 26.csv,APRIL1 TO APRIL 10 26.csv,QQQ 4/1/2026 Call $592.00
QQQ,4/1/2026,C,592.0,QQQ|4/1/2026|C|592.0,2026-04-01,2026-04-01,2026-04-01,2026-04-01,1,0.08,0.07,-1.0,-1.0,LOSS,0,APRIL1 TO APRIL 10 26.csv,APRIL1 TO APRIL 10 26.csv,QQQ 4/1/2026 Call $592.00
QQQ,4/1/2026,C,592.0,QQQ|4/1/2026|C|592.0,2026-04-01,2026-04-01,2026-04-01,2026-04-01,5,0.1,0.09,-1.0,-5.0,LOSS,0,APRIL1 TO APRIL 10 26.csv,APRIL1 TO APRIL 10 26.csv,QQQ 4/1/2026 Call $592.00
QQQ,4/1/2026,C,592.0,QQQ|4/1/2026|C|592.0,2026-04-01,2026-04-01,2026-04-01,2026-04-01,1,0.1,0.09,-1.0,-1.0,LOSS,0,APRIL1 TO APRIL 10 26.csv,APRIL1 TO APRIL 10 26.csv,QQQ 4/1/2026 Call $592.00
QQQ,4/1/2026,C,592.0,QQQ|4/1/2026|C|592.0,2026-04-01,2026-04-01,2026-04-01,2026-04-01,1,0.08,0.07,-1.0,-1.0,LOSS,0,MARCH1 TO APRIL 15 26.csv,MARCH1 TO APRIL 15 26.csv,QQQ 4/1/2026 Call $592.00
QQQ,4/1/2026,C,592.0,QQQ|4/1/2026|C|592.0,2026-04-01,2026-04-01,2026-04-01,2026-04-01,1,0.08,0.07,-1.0,-1.0,LOSS,0,MARCH1 TO APRIL 15 26.csv,MARCH1 TO APRIL 15 26.csv,QQQ 4/1/2026 Call $592.00
QQQ,4/1/2026,C,592.0,QQQ|4/1/2026|C|592.0,2026-04-01,2026-04-01,2026-04-01,2026-04-01,5,0.08,0.07,-1.0,-5.0,LOSS,0,MARCH1 TO APRIL 15 26.csv,MARCH1 TO APRIL 15 26.csv,QQQ 4/1/2026 Call $592.00
QQQ,4/1/2026,C,592.0,QQQ|4/1/2026|C|592.0,2026-04-01,2026-04-01,2026-04-01,2026-04-01,2,0.08,0.07,-1.0,-2.0,LOSS,0,MARCH1 TO APRIL 15 26.csv,MARCH1 TO APRIL 15 26.csv,QQQ 4/1/2026 Call $592.00
QQQ,4/1/2026,C,592.0,QQQ|4/1/2026|C|592.0,2026-04-01,2026-04-01,2026-04-01,2026-04-01,1,0.08,0.07,-1.0,-1.0,LOSS,0,MARCH1 TO APRIL 15 26.csv,MARCH1 TO APRIL 15 26.csv,QQQ 4/1/2026 Call $592.00
QQQ,4/1/2026,C,592.0,QQQ|4/1/2026|C|592.0,2026-04-01,2026-04-01,2026-04-01,2026-04-01,5,0.1,0.09,-1.0,-5.0,LOSS,0,MARCH1 TO APRIL 15 26.csv,MARCH1 TO APRIL 15 26.csv,QQQ 4/1/2026 Call $592.00
QQQ,4/1/2026,C,592.0,QQQ|4/1/2026|C|592.0,2026-04-01,2026-04-01,2026-04-01,2026-04-01,1,0.1,0.09,-1.0,-1.0,LOSS,0,MARCH1 TO APRIL 15 26.csv,MARCH1 TO APRIL 15 26.csv,QQQ 4/1/2026 Call $592.00
QQQ,4/1/2026,P,574.0,QQQ|4/1/2026|P|574.0,2026-04-01,2026-04-01,2026-04-01,2026-04-01,3,0.21,0.14,-7.0,-21.0,LOSS,0,APRIL1 TO APRIL 10 26.csv,APRIL1 TO APRIL 10 26.csv,QQQ 4/1/2026 Put $574.00
QQQ,4/1/2026,P,574.0,QQQ|4/1/2026|P|574.0,2026-04-01,2026-04-01,2026-04-01,2026-04-01,1,0.21,0.17,-4.0,-4.0,LOSS,0,APRIL1 TO APRIL 10 26.csv,APRIL1 TO APRIL 10 26.csv,QQQ 4/1/2026 Put $574.00
QQQ,4/1/2026,P,574.0,QQQ|4/1/2026|P|574.0,2026-04-01,2026-04-01,2026-04-01,2026-04-01,3,0.21,0.14,-7.0,-21.0,LOSS,0,MARCH1 TO APRIL 15 26.csv,MARCH1 TO APRIL 15 26.csv,QQQ 4/1/2026 Put $574.00
QQQ,4/1/2026,P,574.0,QQQ|4/1/2026|P|574.0,2026-04-01,2026-04-01,2026-04-01,2026-04-01,1,0.21,0.17,-4.0,-4.0,LOSS,0,MARCH1 TO APRIL 15 26.csv,MARCH1 TO APRIL 15 26.csv,QQQ 4/1/2026 Put $574.00
QQQ,4/1/2026,P,578.0,QQQ|4/1/2026|P|578.0,2026-04-01,2026-04-01,2026-04-01,2026-04-01,1,0.51,0.39,-12.0,-12.0,LOSS,0,APRIL1 TO APRIL 10 26.csv,APRIL1 TO APRIL 10 26.csv,QQQ 4/1/2026 Put $578.00
QQQ,4/1/2026,P,578.0,QQQ|4/1/2026|P|578.0,2026-04-01,2026-04-01,2026-04-01,2026-04-01,1,0.51,0.39,-12.0,-12.0,LOSS,0,MARCH1 TO APRIL 15 26.csv,MARCH1 TO APRIL 15 26.csv,QQQ 4/1/2026 Put $578.00
QQQ,4/1/2026,P,579.0,QQQ|4/1/2026|P|579.0,2026-04-01,2026-04-01,2026-04-01,2026-04-01,1,0.34,0.31,-3.0,-3.0,LOSS,0,APRIL1 TO APRIL 10 26.csv,APRIL1 TO APRIL 10 26.csv,QQQ 4/1/2026 Put $579.00
QQQ,4/1/2026,P,579.0,QQQ|4/1/2026|P|579.0,2026-04-01,2026-04-01,2026-04-01,2026-04-01,1,0.54,0.47,-7.0,-7.0,LOSS,0,APRIL1 TO APRIL 10 26.csv,APRIL1 TO APRIL 10 26.csv,QQQ 4/1/2026 Put $579.00
QQQ,4/1/2026,P,579.0,QQQ|4/1/2026|P|579.0,2026-04-01,2026-04-01,2026-04-01,2026-04-01,1,0.34,0.31,-3.0,-3.0,LOSS,0,MARCH1 TO APRIL 15 26.csv,MARCH1 TO APRIL 15 26.csv,QQQ 4/1/2026 Put $579.00
QQQ,4/1/2026,P,579.0,QQQ|4/1/2026|P|579.0,2026-04-01,2026-04-01,2026-04-01,2026-04-01,1,0.54,0.47,-7.0,-7.0,LOSS,0,MARCH1 TO APRIL 15 26.csv,MARCH1 TO APRIL 15 26.csv,QQQ 4/1/2026 Put $579.00
QQQ,4/1/2026,P,580.0,QQQ|4/1/2026|P|580.0,2026-04-01,2026-04-01,2026-04-01,2026-04-01,2,0.31,0.24,-7.0,-14.0,LOSS,0,APRIL1 TO APRIL 10 26.csv,APRIL1 TO APRIL 10 26.csv,QQQ 4/1/2026 Put $580.00
QQQ,4/1/2026,P,580.0,QQQ|4/1/2026|P|580.0,2026-04-01,2026-04-01,2026-04-01,2026-04-01,2,0.31,0.24,-7.0,-14.0,LOSS,0,APRIL1 TO APRIL 10 26.csv,APRIL1 TO APRIL 10 26.csv,QQQ 4/1/2026 Put $580.00
QQQ,4/1/2026,P,580.0,QQQ|4/1/2026|P|580.0,2026-04-01,2026-04-01,2026-04-01,2026-04-01,2,0.31,0.24,-7.0,-14.0,LOSS,0,MARCH1 TO APRIL 15 26.csv,MARCH1 TO APRIL 15 26.csv,QQQ 4/1/2026 Put $580.00
QQQ,4/1/2026,P,580.0,QQQ|4/1/2026|P|580.0,2026-04-01,2026-04-01,2026-04-01,2026-04-01,2,0.31,0.24,-7.0,-14.0,LOSS,0,MARCH1 TO APRIL 15 26.csv,MARCH1 TO APRIL 15 26.csv,QQQ 4/1/2026 Put $580.00
QQQ,4/1/2026,P,582.0,QQQ|4/1/2026|P|582.0,2026-04-01,2026-04-01,2026-04-01,2026-04-01,1,0.66,0.03,-63.0,-63.0,LOSS,0,APRIL1 TO APRIL 10 26.csv,APRIL1 TO APRIL 10 26.csv,QQQ 4/1/2026 Put $582.00
QQQ,4/1/2026,P,582.0,QQQ|4/1/2026|P|582.0,2026-04-01,2026-04-01,2026-04-01,2026-04-01,1,0.18,0.12,-6.0,-6.0,LOSS,0,APRIL1 TO APRIL 10 26.csv,APRIL1 TO APRIL 10 26.csv,QQQ 4/1/2026 Put $582.00
QQQ,4/1/2026,P,582.0,QQQ|4/1/2026|P|582.0,2026-04-01,2026-04-01,2026-04-01,2026-04-01,1,0.18,0.12,-6.0,-6.0,LOSS,0,APRIL1 TO APRIL 10 26.csv,APRIL1 TO APRIL 10 26.csv,QQQ 4/1/2026 Put $582.00
QQQ,4/1/2026,P,582.0,QQQ|4/1/2026|P|582.0,2026-04-01,2026-04-01,2026-04-01,2026-04-01,2,0.3,0.26,-4.0,-8.0,LOSS,0,APRIL1 TO APRIL 10 26.csv,APRIL1 TO APRIL 10 26.csv,QQQ 4/1/2026 Put $582.00
QQQ,4/1/2026,P,582.0,QQQ|4/1/2026|P|582.0,2026-04-01,2026-04-01,2026-04-01,2026-04-01,3,0.55,0.46,-9.0,-27.0,LOSS,0,APRIL1 TO APRIL 10 26.csv,APRIL1 TO APRIL 10 26.csv,QQQ 4/1/2026 Put $582.00
QQQ,4/1/2026,P,582.0,QQQ|4/1/2026|P|582.0,2026-04-01,2026-04-01,2026-04-01,2026-04-01,1,0.66,0.03,-63.0,-63.0,LOSS,0,MARCH1 TO APRIL 15 26.csv,MARCH1 TO APRIL 15 26.csv,QQQ 4/1/2026 Put $582.00
QQQ,4/1/2026,P,582.0,QQQ|4/1/2026|P|582.0,2026-04-01,2026-04-01,2026-04-01,2026-04-01,1,0.18,0.12,-6.0,-6.0,LOSS,0,MARCH1 TO APRIL 15 26.csv,MARCH1 TO APRIL 15 26.csv,QQQ 4/1/2026 Put $582.00
QQQ,4/1/2026,P,582.0,QQQ|4/1/2026|P|582.0,2026-04-01,2026-04-01,2026-04-01,2026-04-01,1,0.18,0.12,-6.0,-6.0,LOSS,0,MARCH1 TO APRIL 15 26.csv,MARCH1 TO APRIL 15 26.csv,QQQ 4/1/2026 Put $582.00
QQQ,4/1/2026,P,582.0,QQQ|4/1/2026|P|582.0,2026-04-01,2026-04-01,2026-04-01,2026-04-01,2,0.3,0.26,-4.0,-8.0,LOSS,0,MARCH1 TO APRIL 15 26.csv,MARCH1 TO APRIL 15 26.csv,QQQ 4/1/2026 Put $582.00
QQQ,4/1/2026,P,582.0,QQQ|4/1/2026|P|582.0,2026-04-01,2026-04-01,2026-04-01,2026-04-01,3,0.55,0.46,-9.0,-27.0,LOSS,0,MARCH1 TO APRIL 15 26.csv,MARCH1 TO APRIL 15 26.csv,QQQ 4/1/2026 Put $582.00
QQQ,4/1/2026,P,583.0,QQQ|4/1/2026|P|583.0,2026-04-01,2026-04-01,2026-04-01,2026-04-01,1,1.37,0.79,-58.0,-58.0,LOSS,0,APRIL1 TO APRIL 10 26.csv,APRIL1 TO APRIL 10 26.csv,QQQ 4/1/2026 Put $583.00
QQQ,4/1/2026,P,583.0,QQQ|4/1/2026|P|583.0,2026-04-01,2026-04-01,2026-04-01,2026-04-01,1,1.37,0.79,-58.0,-58.0,LOSS,0,MARCH1 TO APRIL 15 26.csv,MARCH1 TO APRIL 15 26.csv,QQQ 4/1/2026 Put $583.00
QQQ,4/1/2026,P,584.0,QQQ|4/1/2026|P|584.0,2026-04-01,2026-04-01,2026-04-01,2026-04-01,2,0.38,0.33,-5.0,-10.0,LOSS,0,APRIL1 TO APRIL 10 26.csv,APRIL1 TO APRIL 10 26.csv,QQQ 4/1/2026 Put $584.00
QQQ,4/1/2026,P,584.0,QQQ|4/1/2026|P|584.0,2026-04-01,2026-04-01,2026-04-01,2026-04-01,1,1.04,0.76,-28.0,-28.0,LOSS,0,APRIL1 TO APRIL 10 26.csv,APRIL1 TO APRIL 10 26.csv,QQQ 4/1/2026 Put $584.00
QQQ,4/1/2026,P,584.0,QQQ|4/1/2026|P|584.0,2026-04-01,2026-04-01,2026-04-01,2026-04-01,2,0.38,0.33,-5.0,-10.0,LOSS,0,MARCH1 TO APRIL 15 26.csv,MARCH1 TO APRIL 15 26.csv,QQQ 4/1/2026 Put $584.00
QQQ,4/1/2026,P,584.0,QQQ|4/1/2026|P|584.0,2026-04-01,2026-04-01,2026-04-01,2026-04-01,1,1.04,0.76,-28.0,-28.0,LOSS,0,MARCH1 TO APRIL 15 26.csv,MARCH1 TO APRIL 15 26.csv,QQQ 4/1/2026 Put $584.00
QQQ,4/1/2026,P,585.0,QQQ|4/1/2026|P|585.0,2026-04-01,2026-04-01,2026-04-01,2026-04-01,1,0.38,1.96,158.0,158.0,WIN,0,APRIL1 TO APRIL 10 26.csv,APRIL1 TO APRIL 10 26.csv,QQQ 4/1/2026 Put $585.00
QQQ,4/1/2026,P,585.0,QQQ|4/1/2026|P|585.0,2026-04-01,2026-04-01,2026-04-01,2026-04-01,1,1.07,0.6,-47.0,-47.0,LOSS,0,APRIL1 TO APRIL 10 26.csv,APRIL1 TO APRIL 10 26.csv,QQQ 4/1/2026 Put $585.00
QQQ,4/1/2026,P,585.0,QQQ|4/1/2026|P|585.0,2026-04-01,2026-04-01,2026-04-01,2026-04-01,1,1.15,0.9,-25.0,-25.0,LOSS,0,APRIL1 TO APRIL 10 26.csv,APRIL1 TO APRIL 10 26.csv,QQQ 4/1/2026 Put $585.00
QQQ,4/1/2026,P,585.0,QQQ|4/1/2026|P|585.0,2026-04-01,2026-04-01,2026-04-01,2026-04-01,1,0.38,1.96,158.0,158.0,WIN,0,MARCH1 TO APRIL 15 26.csv,MARCH1 TO APRIL 15 26.csv,QQQ 4/1/2026 Put $585.00
QQQ,4/1/2026,P,585.0,QQQ|4/1/2026|P|585.0,2026-04-01,2026-04-01,2026-04-01,2026-04-01,1,1.07,0.6,-47.0,-47.0,LOSS,0,MARCH1 TO APRIL 15 26.csv,MARCH1 TO APRIL 15 26.csv,QQQ 4/1/2026 Put $585.00
QQQ,4/1/2026,P,585.0,QQQ|4/1/2026|P|585.0,2026-04-01,2026-04-01,2026-04-01,2026-04-01,1,1.15,0.9,-25.0,-25.0,LOSS,0,MARCH1 TO APRIL 15 26.csv,MARCH1 TO APRIL 15 26.csv,QQQ 4/1/2026 Put $585.00
QQQ,4/1/2026,P,586.0,QQQ|4/1/2026|P|586.0,2026-04-01,2026-04-01,2026-04-01,2026-04-01,1,1.06,2.4,134.0,134.0,WIN,0,APRIL1 TO APRIL 10 26.csv,APRIL1 TO APRIL 10 26.csv,QQQ 4/1/2026 Put $586.00
QQQ,4/1/2026,P,586.0,QQQ|4/1/2026|P|586.0,2026-04-01,2026-04-01,2026-04-01,2026-04-01,1,0.35,0.71,36.0,36.0,WIN,0,APRIL1 TO APRIL 10 26.csv,APRIL1 TO APRIL 10 26.csv,QQQ 4/1/2026 Put $586.00
QQQ,4/1/2026,P,586.0,QQQ|4/1/2026|P|586.0,2026-04-01,2026-04-01,2026-04-01,2026-04-01,1,0.92,0.74,-18.0,-18.0,LOSS,0,APRIL1 TO APRIL 10 26.csv,APRIL1 TO APRIL 10 26.csv,QQQ 4/1/2026 Put $586.00
QQQ,4/1/2026,P,586.0,QQQ|4/1/2026|P|586.0,2026-04-01,2026-04-01,2026-04-01,2026-04-01,1,0.83,0.74,-9.0,-9.0,LOSS,0,APRIL1 TO APRIL 10 26.csv,APRIL1 TO APRIL 10 26.csv,QQQ 4/1/2026 Put $586.00
QQQ,4/1/2026,P,586.0,QQQ|4/1/2026|P|586.0,2026-04-01,2026-04-01,2026-04-01,2026-04-01,1,1.06,2.4,134.0,134.0,WIN,0,MARCH1 TO APRIL 15 26.csv,MARCH1 TO APRIL 15 26.csv,QQQ 4/1/2026 Put $586.00
QQQ,4/1/2026,P,586.0,QQQ|4/1/2026|P|586.0,2026-04-01,2026-04-01,2026-04-01,2026-04-01,1,0.35,0.71,36.0,36.0,WIN,0,MARCH1 TO APRIL 15 26.csv,MARCH1 TO APRIL 15 26.csv,QQQ 4/1/2026 Put $586.00
QQQ,4/1/2026,P,586.0,QQQ|4/1/2026|P|586.0,2026-04-01,2026-04-01,2026-04-01,2026-04-01,1,0.92,0.74,-18.0,-18.0,LOSS,0,MARCH1 TO APRIL 15 26.csv,MARCH1 TO APRIL 15 26.csv,QQQ 4/1/2026 Put $586.00
QQQ,4/1/2026,P,586.0,QQQ|4/1/2026|P|586.0,2026-04-01,2026-04-01,2026-04-01,2026-04-01,1,0.83,0.74,-9.0,-9.0,LOSS,0,MARCH1 TO APRIL 15 26.csv,MARCH1 TO APRIL 15 26.csv,QQQ 4/1/2026 Put $586.00
SPY,4/1/2026,C,659.0,SPY|4/1/2026|C|659.0,2026-04-01,2026-04-01,2026-04-01,2026-04-01,2,0.49,0.02,-47.0,-94.0,LOSS,0,APRIL1 TO APRIL 10 26.csv,APRIL1 TO APRIL 10 26.csv,SPY 4/1/2026 Call $659.00
SPY,4/1/2026,C,659.0,SPY|4/1/2026|C|659.0,2026-04-01,2026-04-01,2026-04-01,2026-04-01,2,0.49,0.02,-47.0,-94.0,LOSS,0,MARCH1 TO APRIL 15 26.csv,MARCH1 TO APRIL 15 26.csv,SPY 4/1/2026 Call $659.00
QQQ,4/2/2026,C,578.0,QQQ|4/2/2026|C|578.0,2026-04-02,2026-04-02,2026-04-02,2026-04-02,1,1.55,2.44,89.0,89.0,WIN,0,APRIL1 TO APRIL 10 26.csv,APRIL1 TO APRIL 10 26.csv,QQQ 4/2/2026 Call $578.00
QQQ,4/2/2026,C,578.0,QQQ|4/2/2026|C|578.0,2026-04-02,2026-04-02,2026-04-02,2026-04-02,1,1.55,2.3,75.0,75.0,WIN,0,APRIL1 TO APRIL 10 26.csv,APRIL1 TO APRIL 10 26.csv,QQQ 4/2/2026 Call $578.00
QQQ,4/2/2026,C,578.0,QQQ|4/2/2026|C|578.0,2026-04-02,2026-04-02,2026-04-02,2026-04-02,1,1.55,2.44,89.0,89.0,WIN,0,MARCH1 TO APRIL 15 26.csv,MARCH1 TO APRIL 15 26.csv,QQQ 4/2/2026 Call $578.00
QQQ,4/2/2026,C,578.0,QQQ|4/2/2026|C|578.0,2026-04-02,2026-04-02,2026-04-02,2026-04-02,1,1.55,2.3,75.0,75.0,WIN,0,MARCH1 TO APRIL 15 26.csv,MARCH1 TO APRIL 15 26.csv,QQQ 4/2/2026 Call $578.00
QQQ,4/2/2026,C,581.0,QQQ|4/2/2026|C|581.0,2026-04-02,2026-04-02,2026-04-02,2026-04-02,1,1.12,4.78,366.0,366.0,WIN,0,APRIL1 TO APRIL 10 26.csv,APRIL1 TO APRIL 10 26.csv,QQQ 4/2/2026 Call $581.00
QQQ,4/2/2026,C,581.0,QQQ|4/2/2026|C|581.0,2026-04-02,2026-04-02,2026-04-02,2026-04-02,1,1.12,4.78,366.0,366.0,WIN,0,MARCH1 TO APRIL 15 26.csv,MARCH1 TO APRIL 15 26.csv,QQQ 4/2/2026 Call $581.00
QQQ,4/2/2026,C,583.0,QQQ|4/2/2026|C|583.0,2026-04-02,2026-04-02,2026-04-02,2026-04-02,1,1.1,3.12,202.0,202.0,WIN,0,APRIL1 TO APRIL 10 26.csv,APRIL1 TO APRIL 10 26.csv,QQQ 4/2/2026 Call $583.00
QQQ,4/2/2026,C,583.0,QQQ|4/2/2026|C|583.0,2026-04-02,2026-04-02,2026-04-02,2026-04-02,2,0.58,0.68,10.0,20.0,WIN,0,APRIL1 TO APRIL 10 26.csv,APRIL1 TO APRIL 10 26.csv,QQQ 4/2/2026 Call $583.00
QQQ,4/2/2026,C,583.0,QQQ|4/2/2026|C|583.0,2026-04-02,2026-04-02,2026-04-02,2026-04-02,1,0.58,0.68,10.0,10.0,WIN,0,APRIL1 TO APRIL 10 26.csv,APRIL1 TO APRIL 10 26.csv,QQQ 4/2/2026 Call $583.00
QQQ,4/2/2026,C,583.0,QQQ|4/2/2026|C|583.0,2026-04-02,2026-04-02,2026-04-02,2026-04-02,1,1.1,3.12,202.0,202.0,WIN,0,MARCH1 TO APRIL 15 26.csv,MARCH1 TO APRIL 15 26.csv,QQQ 4/2/2026 Call $583.00
QQQ,4/2/2026,C,583.0,QQQ|4/2/2026|C|583.0,2026-04-02,2026-04-02,2026-04-02,2026-04-02,2,0.58,0.68,10.0,20.0,WIN,0,MARCH1 TO APRIL 15 26.csv,MARCH1 TO APRIL 15 26.csv,QQQ 4/2/2026 Call $583.00
QQQ,4/2/2026,C,583.0,QQQ|4/2/2026|C|583.0,2026-04-02,2026-04-02,2026-04-02,2026-04-02,1,0.58,0.68,10.0,10.0,WIN,0,MARCH1 TO APRIL 15 26.csv,MARCH1 TO APRIL 15 26.csv,QQQ 4/2/2026 Call $583.00
QQQ,4/2/2026,C,584.0,QQQ|4/2/2026|C|584.0,2026-04-02,2026-04-02,2026-04-02,2026-04-02,1,0.23,0.13,-10.0,-10.0,LOSS,0,APRIL1 TO APRIL 10 26.csv,APRIL1 TO APRIL 10 26.csv,QQQ 4/2/2026 Call $584.00
QQQ,4/2/2026,C,584.0,QQQ|4/2/2026|C|584.0,2026-04-02,2026-04-02,2026-04-02,2026-04-02,1,0.23,0.13,-10.0,-10.0,LOSS,0,APRIL1 TO APRIL 10 26.csv,APRIL1 TO APRIL 10 26.csv,QQQ 4/2/2026 Call $584.00
QQQ,4/2/2026,C,584.0,QQQ|4/2/2026|C|584.0,2026-04-02,2026-04-02,2026-04-02,2026-04-02,1,0.26,0.13,-13.0,-13.0,LOSS,0,APRIL1 TO APRIL 10 26.csv,APRIL1 TO APRIL 10 26.csv,QQQ 4/2/2026 Call $584.00
QQQ,4/2/2026,C,584.0,QQQ|4/2/2026|C|584.0,2026-04-02,2026-04-02,2026-04-02,2026-04-02,1,0.23,0.13,-10.0,-10.0,LOSS,0,MARCH1 TO APRIL 15 26.csv,MARCH1 TO APRIL 15 26.csv,QQQ 4/2/2026 Call $584.00
QQQ,4/2/2026,C,584.0,QQQ|4/2/2026|C|584.0,2026-04-02,2026-04-02,2026-04-02,2026-04-02,1,0.23,0.13,-10.0,-10.0,LOSS,0,MARCH1 TO APRIL 15 26.csv,MARCH1 TO APRIL 15 26.csv,QQQ 4/2/2026 Call $584.00
QQQ,4/2/2026,C,584.0,QQQ|4/2/2026|C|584.0,2026-04-02,2026-04-02,2026-04-02,2026-04-02,1,0.26,0.13,-13.0,-13.0,LOSS,0,MARCH1 TO APRIL 15 26.csv,MARCH1 TO APRIL 15 26.csv,QQQ 4/2/2026 Call $584.00
QQQ,4/2/2026,C,585.0,QQQ|4/2/2026|C|585.0,2026-04-02,2026-04-02,2026-04-02,2026-04-02,1,2.04,0.85,-119.0,-119.0,LOSS,0,APRIL1 TO APRIL 10 26.csv,APRIL1 TO APRIL 10 26.csv,QQQ 4/2/2026 Call $585.00
QQQ,4/2/2026,C,585.0,QQQ|4/2/2026|C|585.0,2026-04-02,2026-04-02,2026-04-02,2026-04-02,1,2.04,0.85,-119.0,-119.0,LOSS,0,MARCH1 TO APRIL 15 26.csv,MARCH1 TO APRIL 15 26.csv,QQQ 4/2/2026 Call $585.00
QQQ,4/2/2026,C,586.0,QQQ|4/2/2026|C|586.0,2026-04-02,2026-04-02,2026-04-02,2026-04-02,1,0.75,0.42,-33.0,-33.0,LOSS,0,APRIL1 TO APRIL 10 26.csv,APRIL1 TO APRIL 10 26.csv,QQQ 4/2/2026 Call $586.00
QQQ,4/2/2026,C,586.0,QQQ|4/2/2026|C|586.0,2026-04-02,2026-04-02,2026-04-02,2026-04-02,1,0.75,0.42,-33.0,-33.0,LOSS,0,MARCH1 TO APRIL 15 26.csv,MARCH1 TO APRIL 15 26.csv,QQQ 4/2/2026 Call $586.00
QQQ,4/2/2026,C,588.0,QQQ|4/2/2026|C|588.0,2026-04-02,2026-04-02,2026-04-02,2026-04-02,2,1.22,0.95,-27.0,-54.0,LOSS,0,APRIL1 TO APRIL 10 26.csv,APRIL1 TO APRIL 10 26.csv,QQQ 4/2/2026 Call $588.00
QQQ,4/2/2026,C,588.0,QQQ|4/2/2026|C|588.0,2026-04-02,2026-04-02,2026-04-02,2026-04-02,2,1.22,0.95,-27.0,-54.0,LOSS,0,MARCH1 TO APRIL 15 26.csv,MARCH1 TO APRIL 15 26.csv,QQQ 4/2/2026 Call $588.00
QQQ,4/2/2026,P,578.0,QQQ|4/2/2026|P|578.0,2026-04-02,2026-04-02,2026-04-02,2026-04-02,1,2.04,1.65,-39.0,-39.0,LOSS,0,APRIL1 TO APRIL 10 26.csv,APRIL1 TO APRIL 10 26.csv,QQQ 4/2/2026 Put $578.00
QQQ,4/2/2026,P,578.0,QQQ|4/2/2026|P|578.0,2026-04-02,2026-04-02,2026-04-02,2026-04-02,1,2.04,1.65,-39.0,-39.0,LOSS,0,MARCH1 TO APRIL 15 26.csv,MARCH1 TO APRIL 15 26.csv,QQQ 4/2/2026 Put $578.00
QQQ,4/2/2026,P,579.0,QQQ|4/2/2026|P|579.0,2026-04-02,2026-04-02,2026-04-02,2026-04-02,1,0.86,0.49,-37.0,-37.0,LOSS,0,APRIL1 TO APRIL 10 26.csv,APRIL1 TO APRIL 10 26.csv,QQQ 4/2/2026 Put $579.00
QQQ,4/2/2026,P,579.0,QQQ|4/2/2026|P|579.0,2026-04-02,2026-04-02,2026-04-02,2026-04-02,1,1.16,0.68,-48.0,-48.0,LOSS,0,APRIL1 TO APRIL 10 26.csv,APRIL1 TO APRIL 10 26.csv,QQQ 4/2/2026 Put $579.00
QQQ,4/2/2026,P,579.0,QQQ|4/2/2026|P|579.0,2026-04-02,2026-04-02,2026-04-02,2026-04-02,1,1.21,1.05,-16.0,-16.0,LOSS,0,APRIL1 TO APRIL 10 26.csv,APRIL1 TO APRIL 10 26.csv,QQQ 4/2/2026 Put $579.00
QQQ,4/2/2026,P,579.0,QQQ|4/2/2026|P|579.0,2026-04-02,2026-04-02,2026-04-02,2026-04-02,1,0.86,0.49,-37.0,-37.0,LOSS,0,MARCH1 TO APRIL 15 26.csv,MARCH1 TO APRIL 15 26.csv,QQQ 4/2/2026 Put $579.00
QQQ,4/2/2026,P,579.0,QQQ|4/2/2026|P|579.0,2026-04-02,2026-04-02,2026-04-02,2026-04-02,1,1.16,0.68,-48.0,-48.0,LOSS,0,MARCH1 TO APRIL 15 26.csv,MARCH1 TO APRIL 15 26.csv,QQQ 4/2/2026 Put $579.00
QQQ,4/2/2026,P,579.0,QQQ|4/2/2026|P|579.0,2026-04-02,2026-04-02,2026-04-02,2026-04-02,1,1.21,1.05,-16.0,-16.0,LOSS,0,MARCH1 TO APRIL 15 26.csv,MARCH1 TO APRIL 15 26.csv,QQQ 4/2/2026 Put $579.00
QQQ,4/2/2026,P,583.0,QQQ|4/2/2026|P|583.0,2026-04-02,2026-04-02,2026-04-02,2026-04-02,1,0.55,0.31,-24.0,-24.0,LOSS,0,APRIL1 TO APRIL 10 26.csv,APRIL1 TO APRIL 10 26.csv,QQQ 4/2/2026 Put $583.00
QQQ,4/2/2026,P,583.0,QQQ|4/2/2026|P|583.0,2026-04-02,2026-04-02,2026-04-02,2026-04-02,1,2.84,2.2,-64.0,-64.0,LOSS,0,APRIL1 TO APRIL 10 26.csv,APRIL1 TO APRIL 10 26.csv,QQQ 4/2/2026 Put $583.00
QQQ,4/2/2026,P,583.0,QQQ|4/2/2026|P|583.0,2026-04-02,2026-04-02,2026-04-02,2026-04-02,1,0.55,0.31,-24.0,-24.0,LOSS,0,MARCH1 TO APRIL 15 26.csv,MARCH1 TO APRIL 15 26.csv,QQQ 4/2/2026 Put $583.00
QQQ,4/2/2026,P,583.0,QQQ|4/2/2026|P|583.0,2026-04-02,2026-04-02,2026-04-02,2026-04-02,1,2.84,2.2,-64.0,-64.0,LOSS,0,MARCH1 TO APRIL 15 26.csv,MARCH1 TO APRIL 15 26.csv,QQQ 4/2/2026 Put $583.00
QQQ,4/2/2026,P,584.0,QQQ|4/2/2026|P|584.0,2026-04-02,2026-04-02,2026-04-02,2026-04-02,2,1.24,0.78,-46.0,-92.0,LOSS,0,APRIL1 TO APRIL 10 26.csv,APRIL1 TO APRIL 10 26.csv,QQQ 4/2/2026 Put $584.00
QQQ,4/2/2026,P,584.0,QQQ|4/2/2026|P|584.0,2026-04-02,2026-04-02,2026-04-02,2026-04-02,2,1.24,0.78,-46.0,-92.0,LOSS,0,MARCH1 TO APRIL 15 26.csv,MARCH1 TO APRIL 15 26.csv,QQQ 4/2/2026 Put $584.00
QQQ,4/6/2026,C,588.0,QQQ|4/6/2026|C|588.0,2026-04-02,2026-04-02,2026-04-02,2026-04-02,1,2.73,2.68,-5.0,-5.0,LOSS,0,APRIL1 TO APRIL 10 26.csv,APRIL1 TO APRIL 10 26.csv,QQQ 4/6/2026 Call $588.00
QQQ,4/6/2026,C,588.0,QQQ|4/6/2026|C|588.0,2026-04-02,2026-04-02,2026-04-02,2026-04-02,1,2.73,2.68,-5.0,-5.0,LOSS,0,MARCH1 TO APRIL 15 26.csv,MARCH1 TO APRIL 15 26.csv,QQQ 4/6/2026 Call $588.00
QQQ,4/6/2026,C,587.0,QQQ|4/6/2026|C|587.0,2026-04-06,2026-04-06,2026-04-06,2026-04-06,1,1.61,1.2,-41.0,-41.0,LOSS,0,APRIL1 TO APRIL 10 26.csv,APRIL1 TO APRIL 10 26.csv,QQQ 4/6/2026 Call $587.00
QQQ,4/6/2026,C,587.0,QQQ|4/6/2026|C|587.0,2026-04-06,2026-04-06,2026-04-06,2026-04-06,1,1.61,1.2,-41.0,-41.0,LOSS,0,MARCH1 TO APRIL 15 26.csv,MARCH1 TO APRIL 15 26.csv,QQQ 4/6/2026 Call $587.00
QQQ,4/6/2026,C,588.0,QQQ|4/6/2026|C|588.0,2026-04-06,2026-04-06,2026-04-06,2026-04-06,2,0.83,0.56,-27.0,-54.0,LOSS,0,APRIL1 TO APRIL 10 26.csv,APRIL1 TO APRIL 10 26.csv,QQQ 4/6/2026 Call $588.00
QQQ,4/6/2026,C,588.0,QQQ|4/6/2026|C|588.0,2026-04-06,2026-04-06,2026-04-06,2026-04-06,2,0.83,0.56,-27.0,-54.0,LOSS,0,MARCH1 TO APRIL 15 26.csv,MARCH1 TO APRIL 15 26.csv,QQQ 4/6/2026 Call $588.00
QQQ,4/6/2026,C,589.0,QQQ|4/6/2026|C|589.0,2026-04-06,2026-04-06,2026-04-06,2026-04-06,1,1.41,0.76,-65.0,-65.0,LOSS,0,APRIL1 TO APRIL 10 26.csv,APRIL1 TO APRIL 10 26.csv,QQQ 4/6/2026 Call $589.00
QQQ,4/6/2026,C,589.0,QQQ|4/6/2026|C|589.0,2026-04-06,2026-04-06,2026-04-06,2026-04-06,1,2.12,1.24,-88.0,-88.0,LOSS,0,APRIL1 TO APRIL 10 26.csv,APRIL1 TO APRIL 10 26.csv,QQQ 4/6/2026 Call $589.00
QQQ,4/6/2026,C,589.0,QQQ|4/6/2026|C|589.0,2026-04-06,2026-04-06,2026-04-06,2026-04-06,1,2.31,1.83,-48.0,-48.0,LOSS,0,APRIL1 TO APRIL 10 26.csv,APRIL1 TO APRIL 10 26.csv,QQQ 4/6/2026 Call $589.00
QQQ,4/6/2026,C,589.0,QQQ|4/6/2026|C|589.0,2026-04-06,2026-04-06,2026-04-06,2026-04-06,1,1.41,0.76,-65.0,-65.0,LOSS,0,MARCH1 TO APRIL 15 26.csv,MARCH1 TO APRIL 15 26.csv,QQQ 4/6/2026 Call $589.00
QQQ,4/6/2026,C,589.0,QQQ|4/6/2026|C|589.0,2026-04-06,2026-04-06,2026-04-06,2026-04-06,1,2.12,1.24,-88.0,-88.0,LOSS,0,MARCH1 TO APRIL 15 26.csv,MARCH1 TO APRIL 15 26.csv,QQQ 4/6/2026 Call $589.00
QQQ,4/6/2026,C,589.0,QQQ|4/6/2026|C|589.0,2026-04-06,2026-04-06,2026-04-06,2026-04-06,1,2.31,1.83,-48.0,-48.0,LOSS,0,MARCH1 TO APRIL 15 26.csv,MARCH1 TO APRIL 15 26.csv,QQQ 4/6/2026 Call $589.00
QQQ,4/6/2026,C,590.0,QQQ|4/6/2026|C|590.0,2026-04-06,2026-04-06,2026-04-06,2026-04-06,1,0.83,0.69,-14.0,-14.0,LOSS,0,APRIL1 TO APRIL 10 26.csv,APRIL1 TO APRIL 10 26.csv,QQQ 4/6/2026 Call $590.00
QQQ,4/6/2026,C,590.0,QQQ|4/6/2026|C|590.0,2026-04-06,2026-04-06,2026-04-06,2026-04-06,1,0.83,0.69,-14.0,-14.0,LOSS,0,MARCH1 TO APRIL 15 26.csv,MARCH1 TO APRIL 15 26.csv,QQQ 4/6/2026 Call $590.00
QQQ,4/6/2026,C,592.0,QQQ|4/6/2026|C|592.0,2026-04-06,2026-04-06,2026-04-06,2026-04-06,1,0.17,0.07,-10.0,-10.0,LOSS,0,APRIL1 TO APRIL 10 26.csv,APRIL1 TO APRIL 10 26.csv,QQQ 4/6/2026 Call $592.00
QQQ,4/6/2026,C,592.0,QQQ|4/6/2026|C|592.0,2026-04-06,2026-04-06,2026-04-06,2026-04-06,4,0.17,0.14,-3.0,-12.0,LOSS,0,APRIL1 TO APRIL 10 26.csv,APRIL1 TO APRIL 10 26.csv,QQQ 4/6/2026 Call $592.00
QQQ,4/6/2026,C,592.0,QQQ|4/6/2026|C|592.0,2026-04-06,2026-04-06,2026-04-06,2026-04-06,3,0.36,0.2,-16.0,-48.0,LOSS,0,APRIL1 TO APRIL 10 26.csv,APRIL1 TO APRIL 10 26.csv,QQQ 4/6/2026 Call $592.00
QQQ,4/6/2026,C,592.0,QQQ|4/6/2026|C|592.0,2026-04-06,2026-04-06,2026-04-06,2026-04-06,1,0.17,0.07,-10.0,-10.0,LOSS,0,MARCH1 TO APRIL 15 26.csv,MARCH1 TO APRIL 15 26.csv,QQQ 4/6/2026 Call $592.00
QQQ,4/6/2026,C,592.0,QQQ|4/6/2026|C|592.0,2026-04-06,2026-04-06,2026-04-06,2026-04-06,4,0.17,0.14,-3.0,-12.0,LOSS,0,MARCH1 TO APRIL 15 26.csv,MARCH1 TO APRIL 15 26.csv,QQQ 4/6/2026 Call $592.00
QQQ,4/6/2026,C,592.0,QQQ|4/6/2026|C|592.0,2026-04-06,2026-04-06,2026-04-06,2026-04-06,3,0.36,0.2,-16.0,-48.0,LOSS,0,MARCH1 TO APRIL 15 26.csv,MARCH1 TO APRIL 15 26.csv,QQQ 4/6/2026 Call $592.00
QQQ,4/6/2026,C,594.0,QQQ|4/6/2026|C|594.0,2026-04-06,2026-04-06,2026-04-06,2026-04-06,3,0.2,0.14,-6.0,-18.0,LOSS,0,APRIL1 TO APRIL 10 26.csv,APRIL1 TO APRIL 10 26.csv,QQQ 4/6/2026 Call $594.00
QQQ,4/6/2026,C,594.0,QQQ|4/6/2026|C|594.0,2026-04-06,2026-04-06,2026-04-06,2026-04-06,1,0.2,0.14,-6.0,-6.0,LOSS,0,APRIL1 TO APRIL 10 26.csv,APRIL1 TO APRIL 10 26.csv,QQQ 4/6/2026 Call $594.00
QQQ,4/6/2026,C,594.0,QQQ|4/6/2026|C|594.0,2026-04-06,2026-04-06,2026-04-06,2026-04-06,3,0.2,0.14,-6.0,-18.0,LOSS,0,MARCH1 TO APRIL 15 26.csv,MARCH1 TO APRIL 15 26.csv,QQQ 4/6/2026 Call $594.00
QQQ,4/6/2026,C,594.0,QQQ|4/6/2026|C|594.0,2026-04-06,2026-04-06,2026-04-06,2026-04-06,1,0.2,0.14,-6.0,-6.0,LOSS,0,MARCH1 TO APRIL 15 26.csv,MARCH1 TO APRIL 15 26.csv,QQQ 4/6/2026 Call $594.00
QQQ,4/6/2026,P,582.0,QQQ|4/6/2026|P|582.0,2026-04-06,2026-04-06,2026-04-06,2026-04-06,1,0.34,0.26,-8.0,-8.0,LOSS,0,APRIL1 TO APRIL 10 26.csv,APRIL1 TO APRIL 10 26.csv,QQQ 4/6/2026 Put $582.00
QQQ,4/6/2026,P,582.0,QQQ|4/6/2026|P|582.0,2026-04-06,2026-04-06,2026-04-06,2026-04-06,1,0.43,0.33,-10.0,-10.0,LOSS,0,APRIL1 TO APRIL 10 26.csv,APRIL1 TO APRIL 10 26.csv,QQQ 4/6/2026 Put $582.00
QQQ,4/6/2026,P,582.0,QQQ|4/6/2026|P|582.0,2026-04-06,2026-04-06,2026-04-06,2026-04-06,1,0.43,0.35,-8.0,-8.0,LOSS,0,APRIL1 TO APRIL 10 26.csv,APRIL1 TO APRIL 10 26.csv,QQQ 4/6/2026 Put $582.00
QQQ,4/6/2026,P,582.0,QQQ|4/6/2026|P|582.0,2026-04-06,2026-04-06,2026-04-06,2026-04-06,1,0.34,0.26,-8.0,-8.0,LOSS,0,MARCH1 TO APRIL 15 26.csv,MARCH1 TO APRIL 15 26.csv,QQQ 4/6/2026 Put $582.00
QQQ,4/6/2026,P,582.0,QQQ|4/6/2026|P|582.0,2026-04-06,2026-04-06,2026-04-06,2026-04-06,1,0.43,0.33,-10.0,-10.0,LOSS,0,MARCH1 TO APRIL 15 26.csv,MARCH1 TO APRIL 15 26.csv,QQQ 4/6/2026 Put $582.00
QQQ,4/6/2026,P,582.0,QQQ|4/6/2026|P|582.0,2026-04-06,2026-04-06,2026-04-06,2026-04-06,1,0.43,0.35,-8.0,-8.0,LOSS,0,MARCH1 TO APRIL 15 26.csv,MARCH1 TO APRIL 15 26.csv,QQQ 4/6/2026 Put $582.00
QQQ,4/6/2026,P,583.0,QQQ|4/6/2026|P|583.0,2026-04-06,2026-04-06,2026-04-06,2026-04-06,1,0.22,0.02,-20.0,-20.0,LOSS,0,APRIL1 TO APRIL 10 26.csv,APRIL1 TO APRIL 10 26.csv,QQQ 4/6/2026 Put $583.00
QQQ,4/6/2026,P,583.0,QQQ|4/6/2026|P|583.0,2026-04-06,2026-04-06,2026-04-06,2026-04-06,1,0.47,0.25,-22.0,-22.0,LOSS,0,APRIL1 TO APRIL 10 26.csv,APRIL1 TO APRIL 10 26.csv,QQQ 4/6/2026 Put $583.00
QQQ,4/6/2026,P,583.0,QQQ|4/6/2026|P|583.0,2026-04-06,2026-04-06,2026-04-06,2026-04-06,1,0.22,0.02,-20.0,-20.0,LOSS,0,MARCH1 TO APRIL 15 26.csv,MARCH1 TO APRIL 15 26.csv,QQQ 4/6/2026 Put $583.00
QQQ,4/6/2026,P,583.0,QQQ|4/6/2026|P|583.0,2026-04-06,2026-04-06,2026-04-06,2026-04-06,1,0.47,0.25,-22.0,-22.0,LOSS,0,MARCH1 TO APRIL 15 26.csv,MARCH1 TO APRIL 15 26.csv,QQQ 4/6/2026 Put $583.00
QQQ,4/6/2026,P,584.0,QQQ|4/6/2026|P|584.0,2026-04-06,2026-04-06,2026-04-06,2026-04-06,1,0.67,0.7,3.0,3.0,WIN,0,APRIL1 TO APRIL 10 26.csv,APRIL1 TO APRIL 10 26.csv,QQQ 4/6/2026 Put $584.00
QQQ,4/6/2026,P,584.0,QQQ|4/6/2026|P|584.0,2026-04-06,2026-04-06,2026-04-06,2026-04-06,2,0.98,0.62,-36.0,-72.0,LOSS,0,APRIL1 TO APRIL 10 26.csv,APRIL1 TO APRIL 10 26.csv,QQQ 4/6/2026 Put $584.00
QQQ,4/6/2026,P,584.0,QQQ|4/6/2026|P|584.0,2026-04-06,2026-04-06,2026-04-06,2026-04-06,1,0.67,0.7,3.0,3.0,WIN,0,MARCH1 TO APRIL 15 26.csv,MARCH1 TO APRIL 15 26.csv,QQQ 4/6/2026 Put $584.00
QQQ,4/6/2026,P,584.0,QQQ|4/6/2026|P|584.0,2026-04-06,2026-04-06,2026-04-06,2026-04-06,2,0.98,0.62,-36.0,-72.0,LOSS,0,MARCH1 TO APRIL 15 26.csv,MARCH1 TO APRIL 15 26.csv,QQQ 4/6/2026 Put $584.00
QQQ,4/6/2026,P,585.0,QQQ|4/6/2026|P|585.0,2026-04-06,2026-04-06,2026-04-06,2026-04-06,1,0.81,0.64,-17.0,-17.0,LOSS,0,APRIL1 TO APRIL 10 26.csv,APRIL1 TO APRIL 10 26.csv,QQQ 4/6/2026 Put $585.00
QQQ,4/6/2026,P,585.0,QQQ|4/6/2026|P|585.0,2026-04-06,2026-04-06,2026-04-06,2026-04-06,1,0.81,0.64,-17.0,-17.0,LOSS,0,MARCH1 TO APRIL 15 26.csv,MARCH1 TO APRIL 15 26.csv,QQQ 4/6/2026 Put $585.00
QQQ,4/6/2026,P,586.0,QQQ|4/6/2026|P|586.0,2026-04-06,2026-04-06,2026-04-06,2026-04-06,1,0.62,0.41,-21.0,-21.0,LOSS,0,APRIL1 TO APRIL 10 26.csv,APRIL1 TO APRIL 10 26.csv,QQQ 4/6/2026 Put $586.00
QQQ,4/6/2026,P,586.0,QQQ|4/6/2026|P|586.0,2026-04-06,2026-04-06,2026-04-06,2026-04-06,1,0.62,0.41,-21.0,-21.0,LOSS,0,APRIL1 TO APRIL 10 26.csv,APRIL1 TO APRIL 10 26.csv,QQQ 4/6/2026 Put $586.00
QQQ,4/6/2026,P,586.0,QQQ|4/6/2026|P|586.0,2026-04-06,2026-04-06,2026-04-06,2026-04-06,1,1.53,1.2,-33.0,-33.0,LOSS,0,APRIL1 TO APRIL 10 26.csv,APRIL1 TO APRIL 10 26.csv,QQQ 4/6/2026 Put $586.00
QQQ,4/6/2026,P,586.0,QQQ|4/6/2026|P|586.0,2026-04-06,2026-04-06,2026-04-06,2026-04-06,1,0.98,1.03,5.0,5.0,WIN,0,APRIL1 TO APRIL 10 26.csv,APRIL1 TO APRIL 10 26.csv,QQQ 4/6/2026 Put $586.00
QQQ,4/6/2026,P,586.0,QQQ|4/6/2026|P|586.0,2026-04-06,2026-04-06,2026-04-06,2026-04-06,1,0.62,0.41,-21.0,-21.0,LOSS,0,MARCH1 TO APRIL 15 26.csv,MARCH1 TO APRIL 15 26.csv,QQQ 4/6/2026 Put $586.00
QQQ,4/6/2026,P,586.0,QQQ|4/6/2026|P|586.0,2026-04-06,2026-04-06,2026-04-06,2026-04-06,1,0.62,0.41,-21.0,-21.0,LOSS,0,MARCH1 TO APRIL 15 26.csv,MARCH1 TO APRIL 15 26.csv,QQQ 4/6/2026 Put $586.00
QQQ,4/6/2026,P,586.0,QQQ|4/6/2026|P|586.0,2026-04-06,2026-04-06,2026-04-06,2026-04-06,1,1.53,1.2,-33.0,-33.0,LOSS,0,MARCH1 TO APRIL 15 26.csv,MARCH1 TO APRIL 15 26.csv,QQQ 4/6/2026 Put $586.00
QQQ,4/6/2026,P,586.0,QQQ|4/6/2026|P|586.0,2026-04-06,2026-04-06,2026-04-06,2026-04-06,1,0.98,1.03,5.0,5.0,WIN,0,MARCH1 TO APRIL 15 26.csv,MARCH1 TO APRIL 15 26.csv,QQQ 4/6/2026 Put $586.00
QQQ,4/6/2026,P,587.0,QQQ|4/6/2026|P|587.0,2026-04-06,2026-04-06,2026-04-06,2026-04-06,1,1.79,1.38,-41.0,-41.0,LOSS,0,APRIL1 TO APRIL 10 26.csv,APRIL1 TO APRIL 10 26.csv,QQQ 4/6/2026 Put $587.00
QQQ,4/6/2026,P,587.0,QQQ|4/6/2026|P|587.0,2026-04-06,2026-04-06,2026-04-06,2026-04-06,1,1.79,1.38,-41.0,-41.0,LOSS,0,MARCH1 TO APRIL 15 26.csv,MARCH1 TO APRIL 15 26.csv,QQQ 4/6/2026 Put $587.00
QQQ,4/7/2026,C,590.0,QQQ|4/7/2026|C|590.0,2026-04-06,2026-04-06,2026-04-06,2026-04-06,1,1.88,1.38,-50.0,-50.0,LOSS,0,APRIL1 TO APRIL 10 26.csv,APRIL1 TO APRIL 10 26.csv,QQQ 4/7/2026 Call $590.00
QQQ,4/7/2026,C,590.0,QQQ|4/7/2026|C|590.0,2026-04-06,2026-04-06,2026-04-06,2026-04-06,1,1.88,1.38,-50.0,-50.0,LOSS,0,MARCH1 TO APRIL 15 26.csv,MARCH1 TO APRIL 15 26.csv,QQQ 4/7/2026 Call $590.00
QQQ,4/7/2026,C,592.0,QQQ|4/7/2026|C|592.0,2026-04-06,2026-04-06,2026-04-06,2026-04-06,1,1.08,1.08,0.0,0.0,FLAT,0,APRIL1 TO APRIL 10 26.csv,APRIL1 TO APRIL 10 26.csv,QQQ 4/7/2026 Call $592.00
QQQ,4/7/2026,C,592.0,QQQ|4/7/2026|C|592.0,2026-04-06,2026-04-06,2026-04-06,2026-04-06,1,1.08,1.08,0.0,0.0,FLAT,0,MARCH1 TO APRIL 15 26.csv,MARCH1 TO APRIL 15 26.csv,QQQ 4/7/2026 Call $592.00
QQQ,4/7/2026,P,577.0,QQQ|4/7/2026|P|577.0,2026-04-06,2026-04-06,2026-04-06,2026-04-06,1,0.7,0.63,-7.0,-7.0,LOSS,0,APRIL1 TO APRIL 10 26.csv,APRIL1 TO APRIL 10 26.csv,QQQ 4/7/2026 Put $577.00
QQQ,4/7/2026,P,577.0,QQQ|4/7/2026|P|577.0,2026-04-06,2026-04-06,2026-04-06,2026-04-06,1,0.7,0.63,-7.0,-7.0,LOSS,0,MARCH1 TO APRIL 15 26.csv,MARCH1 TO APRIL 15 26.csv,QQQ 4/7/2026 Put $577.00
QQQ,4/7/2026,C,583.0,QQQ|4/7/2026|C|583.0,2026-04-07,2026-04-07,2026-04-07,2026-04-07,1,1.34,2.87,153.0,153.0,WIN,0,APRIL1 TO APRIL 10 26.csv,APRIL1 TO APRIL 10 26.csv,QQQ 4/7/2026 Call $583.00
QQQ,4/7/2026,C,583.0,QQQ|4/7/2026|C|583.0,2026-04-07,2026-04-07,2026-04-07,2026-04-07,1,1.34,2.87,153.0,153.0,WIN,0,MARCH1 TO APRIL 15 26.csv,MARCH1 TO APRIL 15 26.csv,QQQ 4/7/2026 Call $583.00
QQQ,4/7/2026,C,585.0,QQQ|4/7/2026|C|585.0,2026-04-07,2026-04-07,2026-04-07,2026-04-07,2,0.99,1.07,8.0,16.0,WIN,0,APRIL1 TO APRIL 10 26.csv,APRIL1 TO APRIL 10 26.csv,QQQ 4/7/2026 Call $585.00
QQQ,4/7/2026,C,585.0,QQQ|4/7/2026|C|585.0,2026-04-07,2026-04-07,2026-04-07,2026-04-07,1,1.69,1.56,-13.0,-13.0,LOSS,0,APRIL1 TO APRIL 10 26.csv,APRIL1 TO APRIL 10 26.csv,QQQ 4/7/2026 Call $585.00
QQQ,4/7/2026,C,585.0,QQQ|4/7/2026|C|585.0,2026-04-07,2026-04-07,2026-04-07,2026-04-07,2,0.99,1.07,8.0,16.0,WIN,0,MARCH1 TO APRIL 15 26.csv,MARCH1 TO APRIL 15 26.csv,QQQ 4/7/2026 Call $585.00
QQQ,4/7/2026,C,585.0,QQQ|4/7/2026|C|585.0,2026-04-07,2026-04-07,2026-04-07,2026-04-07,1,1.69,1.56,-13.0,-13.0,LOSS,0,MARCH1 TO APRIL 15 26.csv,MARCH1 TO APRIL 15 26.csv,QQQ 4/7/2026 Call $585.00
QQQ,4/7/2026,C,586.0,QQQ|4/7/2026|C|586.0,2026-04-07,2026-04-07,2026-04-07,2026-04-07,1,0.69,0.34,-35.0,-35.0,LOSS,0,APRIL1 TO APRIL 10 26.csv,APRIL1 TO APRIL 10 26.csv,QQQ 4/7/2026 Call $586.00
QQQ,4/7/2026,C,586.0,QQQ|4/7/2026|C|586.0,2026-04-07,2026-04-07,2026-04-07,2026-04-07,1,1.07,0.88,-19.0,-19.0,LOSS,0,APRIL1 TO APRIL 10 26.csv,APRIL1 TO APRIL 10 26.csv,QQQ 4/7/2026 Call $586.00
QQQ,4/7/2026,C,586.0,QQQ|4/7/2026|C|586.0,2026-04-07,2026-04-07,2026-04-07,2026-04-07,1,1.86,1.0,-86.0,-86.0,LOSS,0,APRIL1 TO APRIL 10 26.csv,APRIL1 TO APRIL 10 26.csv,QQQ 4/7/2026 Call $586.00
QQQ,4/7/2026,C,586.0,QQQ|4/7/2026|C|586.0,2026-04-07,2026-04-07,2026-04-07,2026-04-07,1,0.69,0.34,-35.0,-35.0,LOSS,0,MARCH1 TO APRIL 15 26.csv,MARCH1 TO APRIL 15 26.csv,QQQ 4/7/2026 Call $586.00
QQQ,4/7/2026,C,586.0,QQQ|4/7/2026|C|586.0,2026-04-07,2026-04-07,2026-04-07,2026-04-07,1,1.07,0.88,-19.0,-19.0,LOSS,0,MARCH1 TO APRIL 15 26.csv,MARCH1 TO APRIL 15 26.csv,QQQ 4/7/2026 Call $586.00
QQQ,4/7/2026,C,586.0,QQQ|4/7/2026|C|586.0,2026-04-07,2026-04-07,2026-04-07,2026-04-07,1,1.86,1.0,-86.0,-86.0,LOSS,0,MARCH1 TO APRIL 15 26.csv,MARCH1 TO APRIL 15 26.csv,QQQ 4/7/2026 Call $586.00
QQQ,4/7/2026,C,587.0,QQQ|4/7/2026|C|587.0,2026-04-07,2026-04-07,2026-04-07,2026-04-07,1,0.25,0.17,-8.0,-8.0,LOSS,0,APRIL1 TO APRIL 10 26.csv,APRIL1 TO APRIL 10 26.csv,QQQ 4/7/2026 Call $587.00
QQQ,4/7/2026,C,587.0,QQQ|4/7/2026|C|587.0,2026-04-07,2026-04-07,2026-04-07,2026-04-07,1,0.25,0.17,-8.0,-8.0,LOSS,0,MARCH1 TO APRIL 15 26.csv,MARCH1 TO APRIL 15 26.csv,QQQ 4/7/2026 Call $587.00
QQQ,4/7/2026,C,588.0,QQQ|4/7/2026|C|588.0,2026-04-07,2026-04-07,2026-04-07,2026-04-07,1,0.51,0.38,-13.0,-13.0,LOSS,0,APRIL1 TO APRIL 10 26.csv,APRIL1 TO APRIL 10 26.csv,QQQ 4/7/2026 Call $588.00
QQQ,4/7/2026,C,588.0,QQQ|4/7/2026|C|588.0,2026-04-07,2026-04-07,2026-04-07,2026-04-07,1,0.51,0.38,-13.0,-13.0,LOSS,0,MARCH1 TO APRIL 15 26.csv,MARCH1 TO APRIL 15 26.csv,QQQ 4/7/2026 Call $588.00
QQQ,4/7/2026,C,593.0,QQQ|4/7/2026|C|593.0,2026-04-06,2026-04-07,2026-04-06,2026-04-07,1,0.74,0.09,-65.0,-65.0,LOSS,1,APRIL1 TO APRIL 10 26.csv,APRIL1 TO APRIL 10 26.csv,QQQ 4/7/2026 Call $593.00
QQQ,4/7/2026,C,593.0,QQQ|4/7/2026|C|593.0,2026-04-06,2026-04-07,2026-04-06,2026-04-07,1,0.74,0.09,-65.0,-65.0,LOSS,1,MARCH1 TO APRIL 15 26.csv,MARCH1 TO APRIL 15 26.csv,QQQ 4/7/2026 Call $593.00
QQQ,4/7/2026,P,580.0,QQQ|4/7/2026|P|580.0,2026-04-07,2026-04-07,2026-04-07,2026-04-07,1,0.41,0.14,-27.0,-27.0,LOSS,0,APRIL1 TO APRIL 10 26.csv,APRIL1 TO APRIL 10 26.csv,QQQ 4/7/2026 Put $580.00
QQQ,4/7/2026,P,580.0,QQQ|4/7/2026|P|580.0,2026-04-07,2026-04-07,2026-04-07,2026-04-07,1,1.6,1.35,-25.0,-25.0,LOSS,0,APRIL1 TO APRIL 10 26.csv,APRIL1 TO APRIL 10 26.csv,QQQ 4/7/2026 Put $580.00
QQQ,4/7/2026,P,580.0,QQQ|4/7/2026|P|580.0,2026-04-07,2026-04-07,2026-04-07,2026-04-07,1,0.41,0.14,-27.0,-27.0,LOSS,0,MARCH1 TO APRIL 15 26.csv,MARCH1 TO APRIL 15 26.csv,QQQ 4/7/2026 Put $580.00
QQQ,4/7/2026,P,580.0,QQQ|4/7/2026|P|580.0,2026-04-07,2026-04-07,2026-04-07,2026-04-07,1,1.6,1.35,-25.0,-25.0,LOSS,0,MARCH1 TO APRIL 15 26.csv,MARCH1 TO APRIL 15 26.csv,QQQ 4/7/2026 Put $580.00
QQQ,4/7/2026,P,582.0,QQQ|4/7/2026|P|582.0,2026-04-07,2026-04-07,2026-04-07,2026-04-07,2,0.56,0.27,-29.0,-58.0,LOSS,0,APRIL1 TO APRIL 10 26.csv,APRIL1 TO APRIL 10 26.csv,QQQ 4/7/2026 Put $582.00
QQQ,4/7/2026,P,582.0,QQQ|4/7/2026|P|582.0,2026-04-07,2026-04-07,2026-04-07,2026-04-07,2,0.56,0.27,-29.0,-58.0,LOSS,0,MARCH1 TO APRIL 15 26.csv,MARCH1 TO APRIL 15 26.csv,QQQ 4/7/2026 Put $582.00
QQQ,4/7/2026,P,583.0,QQQ|4/7/2026|P|583.0,2026-04-07,2026-04-07,2026-04-07,2026-04-07,1,0.7,1.54,84.0,84.0,WIN,0,APRIL1 TO APRIL 10 26.csv,APRIL1 TO APRIL 10 26.csv,QQQ 4/7/2026 Put $583.00
QQQ,4/7/2026,P,583.0,QQQ|4/7/2026|P|583.0,2026-04-07,2026-04-07,2026-04-07,2026-04-07,1,1.92,3.65,173.0,173.0,WIN,0,APRIL1 TO APRIL 10 26.csv,APRIL1 TO APRIL 10 26.csv,QQQ 4/7/2026 Put $583.00
QQQ,4/7/2026,P,583.0,QQQ|4/7/2026|P|583.0,2026-04-07,2026-04-07,2026-04-07,2026-04-07,1,0.7,1.54,84.0,84.0,WIN,0,MARCH1 TO APRIL 15 26.csv,MARCH1 TO APRIL 15 26.csv,QQQ 4/7/2026 Put $583.00
QQQ,4/7/2026,P,583.0,QQQ|4/7/2026|P|583.0,2026-04-07,2026-04-07,2026-04-07,2026-04-07,1,1.92,3.65,173.0,173.0,WIN,0,MARCH1 TO APRIL 15 26.csv,MARCH1 TO APRIL 15 26.csv,QQQ 4/7/2026 Put $583.00
QQQ,4/7/2026,P,584.0,QQQ|4/7/2026|P|584.0,2026-04-07,2026-04-07,2026-04-07,2026-04-07,1,0.81,2.4,159.0,159.0,WIN,0,APRIL1 TO APRIL 10 26.csv,APRIL1 TO APRIL 10 26.csv,QQQ 4/7/2026 Put $584.00
QQQ,4/7/2026,P,584.0,QQQ|4/7/2026|P|584.0,2026-04-07,2026-04-07,2026-04-07,2026-04-07,2,0.84,0.72,-12.0,-24.0,LOSS,0,APRIL1 TO APRIL 10 26.csv,APRIL1 TO APRIL 10 26.csv,QQQ 4/7/2026 Put $584.00
QQQ,4/7/2026,P,584.0,QQQ|4/7/2026|P|584.0,2026-04-07,2026-04-07,2026-04-07,2026-04-07,1,0.81,2.4,159.0,159.0,WIN,0,MARCH1 TO APRIL 15 26.csv,MARCH1 TO APRIL 15 26.csv,QQQ 4/7/2026 Put $584.00
QQQ,4/7/2026,P,584.0,QQQ|4/7/2026|P|584.0,2026-04-07,2026-04-07,2026-04-07,2026-04-07,2,0.84,0.72,-12.0,-24.0,LOSS,0,MARCH1 TO APRIL 15 26.csv,MARCH1 TO APRIL 15 26.csv,QQQ 4/7/2026 Put $584.00
QQQ,4/7/2026,P,585.0,QQQ|4/7/2026|P|585.0,2026-04-07,2026-04-07,2026-04-07,2026-04-07,1,1.07,0.95,-12.0,-12.0,LOSS,0,APRIL1 TO APRIL 10 26.csv,APRIL1 TO APRIL 10 26.csv,QQQ 4/7/2026 Put $585.00
QQQ,4/7/2026,P,585.0,QQQ|4/7/2026|P|585.0,2026-04-07,2026-04-07,2026-04-07,2026-04-07,1,1.57,0.95,-62.0,-62.0,LOSS,0,APRIL1 TO APRIL 10 26.csv,APRIL1 TO APRIL 10 26.csv,QQQ 4/7/2026 Put $585.00
QQQ,4/7/2026,P,585.0,QQQ|4/7/2026|P|585.0,2026-04-07,2026-04-07,2026-04-07,2026-04-07,1,1.07,0.95,-12.0,-12.0,LOSS,0,MARCH1 TO APRIL 15 26.csv,MARCH1 TO APRIL 15 26.csv,QQQ 4/7/2026 Put $585.00
QQQ,4/7/2026,P,585.0,QQQ|4/7/2026|P|585.0,2026-04-07,2026-04-07,2026-04-07,2026-04-07,1,1.57,0.95,-62.0,-62.0,LOSS,0,MARCH1 TO APRIL 15 26.csv,MARCH1 TO APRIL 15 26.csv,QQQ 4/7/2026 Put $585.00
QQQ,4/8/2026,C,604.0,QQQ|4/8/2026|C|604.0,2026-04-08,2026-04-08,2026-04-08,2026-04-08,1,0.46,0.44,-2.0,-2.0,LOSS,0,APRIL1 TO APRIL 10 26.csv,APRIL1 TO APRIL 10 26.csv,QQQ 4/8/2026 Call $604.00
QQQ,4/8/2026,C,604.0,QQQ|4/8/2026|C|604.0,2026-04-08,2026-04-08,2026-04-08,2026-04-08,1,0.66,0.74,8.0,8.0,WIN,0,APRIL1 TO APRIL 10 26.csv,APRIL1 TO APRIL 10 26.csv,QQQ 4/8/2026 Call $604.00
QQQ,4/8/2026,C,604.0,QQQ|4/8/2026|C|604.0,2026-04-08,2026-04-08,2026-04-08,2026-04-08,1,0.46,0.44,-2.0,-2.0,LOSS,0,MARCH1 TO APRIL 15 26.csv,MARCH1 TO APRIL 15 26.csv,QQQ 4/8/2026 Call $604.00
QQQ,4/8/2026,C,604.0,QQQ|4/8/2026|C|604.0,2026-04-08,2026-04-08,2026-04-08,2026-04-08,1,0.66,0.74,8.0,8.0,WIN,0,MARCH1 TO APRIL 15 26.csv,MARCH1 TO APRIL 15 26.csv,QQQ 4/8/2026 Call $604.00
QQQ,4/8/2026,C,605.0,QQQ|4/8/2026|C|605.0,2026-04-08,2026-04-08,2026-04-08,2026-04-08,1,1.17,1.1,-7.0,-7.0,LOSS,0,APRIL1 TO APRIL 10 26.csv,APRIL1 TO APRIL 10 26.csv,QQQ 4/8/2026 Call $605.00
QQQ,4/8/2026,C,605.0,QQQ|4/8/2026|C|605.0,2026-04-08,2026-04-08,2026-04-08,2026-04-08,1,1.17,1.1,-7.0,-7.0,LOSS,0,MARCH1 TO APRIL 15 26.csv,MARCH1 TO APRIL 15 26.csv,QQQ 4/8/2026 Call $605.00
QQQ,4/8/2026,C,606.0,QQQ|4/8/2026|C|606.0,2026-04-08,2026-04-08,2026-04-08,2026-04-08,1,1.27,1.73,46.0,46.0,WIN,0,APRIL1 TO APRIL 10 26.csv,APRIL1 TO APRIL 10 26.csv,QQQ 4/8/2026 Call $606.00
QQQ,4/8/2026,C,606.0,QQQ|4/8/2026|C|606.0,2026-04-08,2026-04-08,2026-04-08,2026-04-08,1,1.27,1.73,46.0,46.0,WIN,0,MARCH1 TO APRIL 15 26.csv,MARCH1 TO APRIL 15 26.csv,QQQ 4/8/2026 Call $606.00
QQQ,4/8/2026,C,607.0,QQQ|4/8/2026|C|607.0,2026-04-08,2026-04-08,2026-04-08,2026-04-08,1,0.38,0.1,-28.0,-28.0,LOSS,0,APRIL1 TO APRIL 10 26.csv,APRIL1 TO APRIL 10 26.csv,QQQ 4/8/2026 Call $607.00
QQQ,4/8/2026,C,607.0,QQQ|4/8/2026|C|607.0,2026-04-08,2026-04-08,2026-04-08,2026-04-08,1,0.55,1.33,78.0,78.0,WIN,0,APRIL1 TO APRIL 10 26.csv,APRIL1 TO APRIL 10 26.csv,QQQ 4/8/2026 Call $607.00
QQQ,4/8/2026,C,607.0,QQQ|4/8/2026|C|607.0,2026-04-08,2026-04-08,2026-04-08,2026-04-08,1,0.55,0.81,26.0,26.0,WIN,0,APRIL1 TO APRIL 10 26.csv,APRIL1 TO APRIL 10 26.csv,QQQ 4/8/2026 Call $607.00
QQQ,4/8/2026,C,607.0,QQQ|4/8/2026|C|607.0,2026-04-08,2026-04-08,2026-04-08,2026-04-08,1,0.38,0.1,-28.0,-28.0,LOSS,0,MARCH1 TO APRIL 15 26.csv,MARCH1 TO APRIL 15 26.csv,QQQ 4/8/2026 Call $607.00
QQQ,4/8/2026,C,607.0,QQQ|4/8/2026|C|607.0,2026-04-08,2026-04-08,2026-04-08,2026-04-08,1,0.55,1.33,78.0,78.0,WIN,0,MARCH1 TO APRIL 15 26.csv,MARCH1 TO APRIL 15 26.csv,QQQ 4/8/2026 Call $607.00
QQQ,4/8/2026,C,607.0,QQQ|4/8/2026|C|607.0,2026-04-08,2026-04-08,2026-04-08,2026-04-08,1,0.55,0.81,26.0,26.0,WIN,0,MARCH1 TO APRIL 15 26.csv,MARCH1 TO APRIL 15 26.csv,QQQ 4/8/2026 Call $607.00
QQQ,4/8/2026,C,608.0,QQQ|4/8/2026|C|608.0,2026-04-08,2026-04-08,2026-04-08,2026-04-08,1,0.4,0.23,-17.0,-17.0,LOSS,0,APRIL1 TO APRIL 10 26.csv,APRIL1 TO APRIL 10 26.csv,QQQ 4/8/2026 Call $608.00
QQQ,4/8/2026,C,608.0,QQQ|4/8/2026|C|608.0,2026-04-08,2026-04-08,2026-04-08,2026-04-08,1,0.4,0.23,-17.0,-17.0,LOSS,0,APRIL1 TO APRIL 10 26.csv,APRIL1 TO APRIL 10 26.csv,QQQ 4/8/2026 Call $608.00
QQQ,4/8/2026,C,608.0,QQQ|4/8/2026|C|608.0,2026-04-08,2026-04-08,2026-04-08,2026-04-08,1,0.41,0.23,-18.0,-18.0,LOSS,0,APRIL1 TO APRIL 10 26.csv,APRIL1 TO APRIL 10 26.csv,QQQ 4/8/2026 Call $608.00
QQQ,4/8/2026,C,608.0,QQQ|4/8/2026|C|608.0,2026-04-08,2026-04-08,2026-04-08,2026-04-08,1,0.48,0.24,-24.0,-24.0,LOSS,0,APRIL1 TO APRIL 10 26.csv,APRIL1 TO APRIL 10 26.csv,QQQ 4/8/2026 Call $608.00
QQQ,4/8/2026,C,608.0,QQQ|4/8/2026|C|608.0,2026-04-08,2026-04-08,2026-04-08,2026-04-08,1,0.4,0.23,-17.0,-17.0,LOSS,0,MARCH1 TO APRIL 15 26.csv,MARCH1 TO APRIL 15 26.csv,QQQ 4/8/2026 Call $608.00
QQQ,4/8/2026,C,608.0,QQQ|4/8/2026|C|608.0,2026-04-08,2026-04-08,2026-04-08,2026-04-08,1,0.4,0.23,-17.0,-17.0,LOSS,0,MARCH1 TO APRIL 15 26.csv,MARCH1 TO APRIL 15 26.csv,QQQ 4/8/2026 Call $608.00
QQQ,4/8/2026,C,608.0,QQQ|4/8/2026|C|608.0,2026-04-08,2026-04-08,2026-04-08,2026-04-08,1,0.41,0.23,-18.0,-18.0,LOSS,0,MARCH1 TO APRIL 15 26.csv,MARCH1 TO APRIL 15 26.csv,QQQ 4/8/2026 Call $608.00
QQQ,4/8/2026,C,608.0,QQQ|4/8/2026|C|608.0,2026-04-08,2026-04-08,2026-04-08,2026-04-08,1,0.48,0.24,-24.0,-24.0,LOSS,0,MARCH1 TO APRIL 15 26.csv,MARCH1 TO APRIL 15 26.csv,QQQ 4/8/2026 Call $608.00
QQQ,4/8/2026,P,603.0,QQQ|4/8/2026|P|603.0,2026-04-08,2026-04-08,2026-04-08,2026-04-08,1,0.32,0.28,-4.0,-4.0,LOSS,0,APRIL1 TO APRIL 10 26.csv,APRIL1 TO APRIL 10 26.csv,QQQ 4/8/2026 Put $603.00
QQQ,4/8/2026,P,603.0,QQQ|4/8/2026|P|603.0,2026-04-08,2026-04-08,2026-04-08,2026-04-08,1,0.89,0.49,-40.0,-40.0,LOSS,0,APRIL1 TO APRIL 10 26.csv,APRIL1 TO APRIL 10 26.csv,QQQ 4/8/2026 Put $603.00
QQQ,4/8/2026,P,603.0,QQQ|4/8/2026|P|603.0,2026-04-08,2026-04-08,2026-04-08,2026-04-08,1,0.32,0.28,-4.0,-4.0,LOSS,0,MARCH1 TO APRIL 15 26.csv,MARCH1 TO APRIL 15 26.csv,QQQ 4/8/2026 Put $603.00
QQQ,4/8/2026,P,603.0,QQQ|4/8/2026|P|603.0,2026-04-08,2026-04-08,2026-04-08,2026-04-08,1,0.89,0.49,-40.0,-40.0,LOSS,0,MARCH1 TO APRIL 15 26.csv,MARCH1 TO APRIL 15 26.csv,QQQ 4/8/2026 Put $603.00
QQQ,4/8/2026,P,604.0,QQQ|4/8/2026|P|604.0,2026-04-08,2026-04-08,2026-04-08,2026-04-08,1,0.62,0.42,-20.0,-20.0,LOSS,0,APRIL1 TO APRIL 10 26.csv,APRIL1 TO APRIL 10 26.csv,QQQ 4/8/2026 Put $604.00
QQQ,4/8/2026,P,604.0,QQQ|4/8/2026|P|604.0,2026-04-08,2026-04-08,2026-04-08,2026-04-08,2,1.46,1.33,-13.0,-26.0,LOSS,0,APRIL1 TO APRIL 10 26.csv,APRIL1 TO APRIL 10 26.csv,QQQ 4/8/2026 Put $604.00
QQQ,4/8/2026,P,604.0,QQQ|4/8/2026|P|604.0,2026-04-08,2026-04-08,2026-04-08,2026-04-08,1,1.46,1.4,-6.0,-6.0,LOSS,0,APRIL1 TO APRIL 10 26.csv,APRIL1 TO APRIL 10 26.csv,QQQ 4/8/2026 Put $604.00
QQQ,4/8/2026,P,604.0,QQQ|4/8/2026|P|604.0,2026-04-08,2026-04-08,2026-04-08,2026-04-08,1,1.46,2.24,78.0,78.0,WIN,0,APRIL1 TO APRIL 10 26.csv,APRIL1 TO APRIL 10 26.csv,QQQ 4/8/2026 Put $604.00
QQQ,4/8/2026,P,604.0,QQQ|4/8/2026|P|604.0,2026-04-08,2026-04-08,2026-04-08,2026-04-08,1,1.46,1.81,35.0,35.0,WIN,0,APRIL1 TO APRIL 10 26.csv,APRIL1 TO APRIL 10 26.csv,QQQ 4/8/2026 Put $604.00
QQQ,4/8/2026,P,604.0,QQQ|4/8/2026|P|604.0,2026-04-08,2026-04-08,2026-04-08,2026-04-08,1,0.62,0.42,-20.0,-20.0,LOSS,0,MARCH1 TO APRIL 15 26.csv,MARCH1 TO APRIL 15 26.csv,QQQ 4/8/2026 Put $604.00
QQQ,4/8/2026,P,604.0,QQQ|4/8/2026|P|604.0,2026-04-08,2026-04-08,2026-04-08,2026-04-08,2,1.46,1.33,-13.0,-26.0,LOSS,0,MARCH1 TO APRIL 15 26.csv,MARCH1 TO APRIL 15 26.csv,QQQ 4/8/2026 Put $604.00
QQQ,4/8/2026,P,604.0,QQQ|4/8/2026|P|604.0,2026-04-08,2026-04-08,2026-04-08,2026-04-08,1,1.46,1.4,-6.0,-6.0,LOSS,0,MARCH1 TO APRIL 15 26.csv,MARCH1 TO APRIL 15 26.csv,QQQ 4/8/2026 Put $604.00
QQQ,4/8/2026,P,604.0,QQQ|4/8/2026|P|604.0,2026-04-08,2026-04-08,2026-04-08,2026-04-08,1,1.46,2.24,78.0,78.0,WIN,0,MARCH1 TO APRIL 15 26.csv,MARCH1 TO APRIL 15 26.csv,QQQ 4/8/2026 Put $604.00
QQQ,4/8/2026,P,604.0,QQQ|4/8/2026|P|604.0,2026-04-08,2026-04-08,2026-04-08,2026-04-08,1,1.46,1.81,35.0,35.0,WIN,0,MARCH1 TO APRIL 15 26.csv,MARCH1 TO APRIL 15 26.csv,QQQ 4/8/2026 Put $604.00
QQQ,4/8/2026,P,605.0,QQQ|4/8/2026|P|605.0,2026-04-08,2026-04-08,2026-04-08,2026-04-08,1,1.39,1.5,11.0,11.0,WIN,0,APRIL1 TO APRIL 10 26.csv,APRIL1 TO APRIL 10 26.csv,QQQ 4/8/2026 Put $605.00
QQQ,4/8/2026,P,605.0,QQQ|4/8/2026|P|605.0,2026-04-08,2026-04-08,2026-04-08,2026-04-08,1,0.73,2.3,157.0,157.0,WIN,0,APRIL1 TO APRIL 10 26.csv,APRIL1 TO APRIL 10 26.csv,QQQ 4/8/2026 Put $605.00
QQQ,4/8/2026,P,605.0,QQQ|4/8/2026|P|605.0,2026-04-08,2026-04-08,2026-04-08,2026-04-08,1,0.73,0.8,7.0,7.0,WIN,0,APRIL1 TO APRIL 10 26.csv,APRIL1 TO APRIL 10 26.csv,QQQ 4/8/2026 Put $605.00
QQQ,4/8/2026,P,605.0,QQQ|4/8/2026|P|605.0,2026-04-08,2026-04-08,2026-04-08,2026-04-08,1,1.78,1.2,-58.0,-58.0,LOSS,0,APRIL1 TO APRIL 10 26.csv,APRIL1 TO APRIL 10 26.csv,QQQ 4/8/2026 Put $605.00
QQQ,4/8/2026,P,605.0,QQQ|4/8/2026|P|605.0,2026-04-08,2026-04-08,2026-04-08,2026-04-08,1,1.39,1.5,11.0,11.0,WIN,0,MARCH1 TO APRIL 15 26.csv,MARCH1 TO APRIL 15 26.csv,QQQ 4/8/2026 Put $605.00
QQQ,4/8/2026,P,605.0,QQQ|4/8/2026|P|605.0,2026-04-08,2026-04-08,2026-04-08,2026-04-08,1,0.73,2.3,157.0,157.0,WIN,0,MARCH1 TO APRIL 15 26.csv,MARCH1 TO APRIL 15 26.csv,QQQ 4/8/2026 Put $605.00
QQQ,4/8/2026,P,605.0,QQQ|4/8/2026|P|605.0,2026-04-08,2026-04-08,2026-04-08,2026-04-08,1,0.73,0.8,7.0,7.0,WIN,0,MARCH1 TO APRIL 15 26.csv,MARCH1 TO APRIL 15 26.csv,QQQ 4/8/2026 Put $605.00
QQQ,4/8/2026,P,605.0,QQQ|4/8/2026|P|605.0,2026-04-08,2026-04-08,2026-04-08,2026-04-08,1,1.78,1.2,-58.0,-58.0,LOSS,0,MARCH1 TO APRIL 15 26.csv,MARCH1 TO APRIL 15 26.csv,QQQ 4/8/2026 Put $605.00
QQQ,4/9/2026,P,587.0,QQQ|4/9/2026|P|587.0,2026-04-08,2026-04-08,2026-04-08,2026-04-08,1,0.16,0.11,-5.0,-5.0,LOSS,0,APRIL1 TO APRIL 10 26.csv,APRIL1 TO APRIL 10 26.csv,QQQ 4/9/2026 Put $587.00
QQQ,4/9/2026,P,587.0,QQQ|4/9/2026|P|587.0,2026-04-08,2026-04-08,2026-04-08,2026-04-08,1,0.16,0.11,-5.0,-5.0,LOSS,0,MARCH1 TO APRIL 15 26.csv,MARCH1 TO APRIL 15 26.csv,QQQ 4/9/2026 Put $587.00
QQQ,4/9/2026,C,606.0,QQQ|4/9/2026|C|606.0,2026-04-09,2026-04-09,2026-04-09,2026-04-09,1,1.55,1.43,-12.0,-12.0,LOSS,0,APRIL1 TO APRIL 10 26.csv,APRIL1 TO APRIL 10 26.csv,QQQ 4/9/2026 Call $606.00
QQQ,4/9/2026,C,606.0,QQQ|4/9/2026|C|606.0,2026-04-09,2026-04-09,2026-04-09,2026-04-09,1,1.55,1.43,-12.0,-12.0,LOSS,0,MARCH1 TO APRIL 15 26.csv,MARCH1 TO APRIL 15 26.csv,QQQ 4/9/2026 Call $606.00
QQQ,4/9/2026,C,607.0,QQQ|4/9/2026|C|607.0,2026-04-08,2026-04-09,2026-04-08,2026-04-09,1,1.55,0.86,-69.0,-69.0,LOSS,1,APRIL1 TO APRIL 10 26.csv,APRIL1 TO APRIL 10 26.csv,QQQ 4/9/2026 Call $607.00
QQQ,4/9/2026,C,607.0,QQQ|4/9/2026|C|607.0,2026-04-08,2026-04-09,2026-04-08,2026-04-09,1,1.55,0.86,-69.0,-69.0,LOSS,1,MARCH1 TO APRIL 15 26.csv,APRIL1 TO APRIL 10 26.csv,QQQ 4/9/2026 Call $607.00
QQQ,4/9/2026,C,607.0,QQQ|4/9/2026|C|607.0,2026-04-09,2026-04-09,2026-04-09,2026-04-09,1,1.22,0.86,-36.0,-36.0,LOSS,0,APRIL1 TO APRIL 10 26.csv,APRIL1 TO APRIL 10 26.csv,QQQ 4/9/2026 Call $607.00
QQQ,4/9/2026,C,607.0,QQQ|4/9/2026|C|607.0,2026-04-09,2026-04-09,2026-04-09,2026-04-09,1,1.22,1.13,-9.0,-9.0,LOSS,0,APRIL1 TO APRIL 10 26.csv,APRIL1 TO APRIL 10 26.csv,QQQ 4/9/2026 Call $607.00
QQQ,4/9/2026,C,607.0,QQQ|4/9/2026|C|607.0,2026-04-09,2026-04-09,2026-04-09,2026-04-09,1,1.22,0.86,-36.0,-36.0,LOSS,0,APRIL1 TO APRIL 10 26.csv,MARCH1 TO APRIL 15 26.csv,QQQ 4/9/2026 Call $607.00
QQQ,4/9/2026,C,607.0,QQQ|4/9/2026|C|607.0,2026-04-09,2026-04-09,2026-04-09,2026-04-09,1,1.22,0.86,-36.0,-36.0,LOSS,0,MARCH1 TO APRIL 15 26.csv,MARCH1 TO APRIL 15 26.csv,QQQ 4/9/2026 Call $607.00
QQQ,4/9/2026,C,607.0,QQQ|4/9/2026|C|607.0,2026-04-09,2026-04-09,2026-04-09,2026-04-09,1,1.22,0.86,-36.0,-36.0,LOSS,0,MARCH1 TO APRIL 15 26.csv,MARCH1 TO APRIL 15 26.csv,QQQ 4/9/2026 Call $607.00
QQQ,4/9/2026,C,607.0,QQQ|4/9/2026|C|607.0,2026-04-09,2026-04-09,2026-04-09,2026-04-09,1,1.22,1.13,-9.0,-9.0,LOSS,0,MARCH1 TO APRIL 15 26.csv,MARCH1 TO APRIL 15 26.csv,QQQ 4/9/2026 Call $607.00
QQQ,4/9/2026,C,608.0,QQQ|4/9/2026|C|608.0,2026-04-09,2026-04-09,2026-04-09,2026-04-09,1,1.06,1.97,91.0,91.0,WIN,0,APRIL1 TO APRIL 10 26.csv,APRIL1 TO APRIL 10 26.csv,QQQ 4/9/2026 Call $608.00
QQQ,4/9/2026,C,608.0,QQQ|4/9/2026|C|608.0,2026-04-09,2026-04-09,2026-04-09,2026-04-09,1,1.06,1.09,3.0,3.0,WIN,0,APRIL1 TO APRIL 10 26.csv,APRIL1 TO APRIL 10 26.csv,QQQ 4/9/2026 Call $608.00
QQQ,4/9/2026,C,608.0,QQQ|4/9/2026|C|608.0,2026-04-09,2026-04-09,2026-04-09,2026-04-09,3,0.81,0.65,-16.0,-48.0,LOSS,0,APRIL1 TO APRIL 10 26.csv,APRIL1 TO APRIL 10 26.csv,QQQ 4/9/2026 Call $608.00
QQQ,4/9/2026,C,608.0,QQQ|4/9/2026|C|608.0,2026-04-09,2026-04-09,2026-04-09,2026-04-09,1,0.53,0.65,12.0,12.0,WIN,0,APRIL1 TO APRIL 10 26.csv,APRIL1 TO APRIL 10 26.csv,QQQ 4/9/2026 Call $608.00
QQQ,4/9/2026,C,608.0,QQQ|4/9/2026|C|608.0,2026-04-09,2026-04-09,2026-04-09,2026-04-09,1,1.06,1.97,91.0,91.0,WIN,0,MARCH1 TO APRIL 15 26.csv,MARCH1 TO APRIL 15 26.csv,QQQ 4/9/2026 Call $608.00
QQQ,4/9/2026,C,608.0,QQQ|4/9/2026|C|608.0,2026-04-09,2026-04-09,2026-04-09,2026-04-09,1,1.06,1.09,3.0,3.0,WIN,0,MARCH1 TO APRIL 15 26.csv,MARCH1 TO APRIL 15 26.csv,QQQ 4/9/2026 Call $608.00
QQQ,4/9/2026,C,608.0,QQQ|4/9/2026|C|608.0,2026-04-09,2026-04-09,2026-04-09,2026-04-09,3,0.81,0.65,-16.0,-48.0,LOSS,0,MARCH1 TO APRIL 15 26.csv,MARCH1 TO APRIL 15 26.csv,QQQ 4/9/2026 Call $608.00
QQQ,4/9/2026,C,608.0,QQQ|4/9/2026|C|608.0,2026-04-09,2026-04-09,2026-04-09,2026-04-09,1,0.53,0.65,12.0,12.0,WIN,0,MARCH1 TO APRIL 15 26.csv,MARCH1 TO APRIL 15 26.csv,QQQ 4/9/2026 Call $608.00
QQQ,4/9/2026,P,603.0,QQQ|4/9/2026|P|603.0,2026-04-09,2026-04-09,2026-04-09,2026-04-09,1,1.04,0.26,-78.0,-78.0,LOSS,0,APRIL1 TO APRIL 10 26.csv,APRIL1 TO APRIL 10 26.csv,QQQ 4/9/2026 Put $603.00
QQQ,4/9/2026,P,603.0,QQQ|4/9/2026|P|603.0,2026-04-09,2026-04-09,2026-04-09,2026-04-09,1,1.04,0.26,-78.0,-78.0,LOSS,0,MARCH1 TO APRIL 15 26.csv,MARCH1 TO APRIL 15 26.csv,QQQ 4/9/2026 Put $603.00
QQQ,4/9/2026,P,604.0,QQQ|4/9/2026|P|604.0,2026-04-09,2026-04-09,2026-04-09,2026-04-09,3,1.23,0.82,-41.0,-123.0,LOSS,0,APRIL1 TO APRIL 10 26.csv,APRIL1 TO APRIL 10 26.csv,QQQ 4/9/2026 Put $604.00
QQQ,4/9/2026,P,604.0,QQQ|4/9/2026|P|604.0,2026-04-09,2026-04-09,2026-04-09,2026-04-09,3,1.23,0.82,-41.0,-123.0,LOSS,0,MARCH1 TO APRIL 15 26.csv,MARCH1 TO APRIL 15 26.csv,QQQ 4/9/2026 Put $604.00
QQQ,4/9/2026,P,605.0,QQQ|4/9/2026|P|605.0,2026-04-09,2026-04-09,2026-04-09,2026-04-09,1,1.25,0.5,-75.0,-75.0,LOSS,0,APRIL1 TO APRIL 10 26.csv,APRIL1 TO APRIL 10 26.csv,QQQ 4/9/2026 Put $605.00
QQQ,4/9/2026,P,605.0,QQQ|4/9/2026|P|605.0,2026-04-09,2026-04-09,2026-04-09,2026-04-09,1,1.25,0.5,-75.0,-75.0,LOSS,0,MARCH1 TO APRIL 15 26.csv,MARCH1 TO APRIL 15 26.csv,QQQ 4/9/2026 Put $605.00
QQQ,4/10/2026,C,611.0,QQQ|4/10/2026|C|611.0,2026-04-10,2026-04-10,2026-04-10,2026-04-10,1,0.65,0.55,-10.0,-10.0,LOSS,0,APRIL1 TO APRIL 10 26.csv,APRIL1 TO APRIL 10 26.csv,QQQ 4/10/2026 Call $611.00
QQQ,4/10/2026,C,611.0,QQQ|4/10/2026|C|611.0,2026-04-10,2026-04-10,2026-04-10,2026-04-10,1,0.65,0.55,-10.0,-10.0,LOSS,0,MARCH1 TO APRIL 15 26.csv,MARCH1 TO APRIL 15 26.csv,QQQ 4/10/2026 Call $611.00
QQQ,4/10/2026,C,612.0,QQQ|4/10/2026|C|612.0,2026-04-10,2026-04-10,2026-04-10,2026-04-10,2,0.1,0.08,-2.0,-4.0,LOSS,0,APRIL1 TO APRIL 10 26.csv,APRIL1 TO APRIL 10 26.csv,QQQ 4/10/2026 Call $612.00
QQQ,4/10/2026,C,612.0,QQQ|4/10/2026|C|612.0,2026-04-10,2026-04-10,2026-04-10,2026-04-10,2,0.16,0.1,-6.0,-12.0,LOSS,0,APRIL1 TO APRIL 10 26.csv,APRIL1 TO APRIL 10 26.csv,QQQ 4/10/2026 Call $612.00
QQQ,4/10/2026,C,612.0,QQQ|4/10/2026|C|612.0,2026-04-10,2026-04-10,2026-04-10,2026-04-10,2,0.16,0.12,-4.0,-8.0,LOSS,0,APRIL1 TO APRIL 10 26.csv,APRIL1 TO APRIL 10 26.csv,QQQ 4/10/2026 Call $612.00
QQQ,4/10/2026,C,612.0,QQQ|4/10/2026|C|612.0,2026-04-10,2026-04-10,2026-04-10,2026-04-10,1,0.2,0.12,-8.0,-8.0,LOSS,0,APRIL1 TO APRIL 10 26.csv,APRIL1 TO APRIL 10 26.csv,QQQ 4/10/2026 Call $612.00
QQQ,4/10/2026,C,612.0,QQQ|4/10/2026|C|612.0,2026-04-10,2026-04-10,2026-04-10,2026-04-10,1,0.2,0.18,-2.0,-2.0,LOSS,0,APRIL1 TO APRIL 10 26.csv,APRIL1 TO APRIL 10 26.csv,QQQ 4/10/2026 Call $612.00
QQQ,4/10/2026,C,612.0,QQQ|4/10/2026|C|612.0,2026-04-10,2026-04-10,2026-04-10,2026-04-10,1,0.2,0.18,-2.0,-2.0,LOSS,0,APRIL1 TO APRIL 10 26.csv,APRIL1 TO APRIL 10 26.csv,QQQ 4/10/2026 Call $612.00
QQQ,4/10/2026,C,612.0,QQQ|4/10/2026|C|612.0,2026-04-10,2026-04-10,2026-04-10,2026-04-10,1,0.91,0.53,-38.0,-38.0,LOSS,0,APRIL1 TO APRIL 10 26.csv,APRIL1 TO APRIL 10 26.csv,QQQ 4/10/2026 Call $612.00
QQQ,4/10/2026,C,612.0,QQQ|4/10/2026|C|612.0,2026-04-10,2026-04-10,2026-04-10,2026-04-10,2,0.1,0.08,-2.0,-4.0,LOSS,0,MARCH1 TO APRIL 15 26.csv,MARCH1 TO APRIL 15 26.csv,QQQ 4/10/2026 Call $612.00
QQQ,4/10/2026,C,612.0,QQQ|4/10/2026|C|612.0,2026-04-10,2026-04-10,2026-04-10,2026-04-10,2,0.16,0.1,-6.0,-12.0,LOSS,0,MARCH1 TO APRIL 15 26.csv,MARCH1 TO APRIL 15 26.csv,QQQ 4/10/2026 Call $612.00
QQQ,4/10/2026,C,612.0,QQQ|4/10/2026|C|612.0,2026-04-10,2026-04-10,2026-04-10,2026-04-10,2,0.16,0.12,-4.0,-8.0,LOSS,0,MARCH1 TO APRIL 15 26.csv,MARCH1 TO APRIL 15 26.csv,QQQ 4/10/2026 Call $612.00
QQQ,4/10/2026,C,612.0,QQQ|4/10/2026|C|612.0,2026-04-10,2026-04-10,2026-04-10,2026-04-10,1,0.2,0.12,-8.0,-8.0,LOSS,0,MARCH1 TO APRIL 15 26.csv,MARCH1 TO APRIL 15 26.csv,QQQ 4/10/2026 Call $612.00
QQQ,4/10/2026,C,612.0,QQQ|4/10/2026|C|612.0,2026-04-10,2026-04-10,2026-04-10,2026-04-10,1,0.2,0.18,-2.0,-2.0,LOSS,0,MARCH1 TO APRIL 15 26.csv,MARCH1 TO APRIL 15 26.csv,QQQ 4/10/2026 Call $612.00
QQQ,4/10/2026,C,612.0,QQQ|4/10/2026|C|612.0,2026-04-10,2026-04-10,2026-04-10,2026-04-10,1,0.2,0.18,-2.0,-2.0,LOSS,0,MARCH1 TO APRIL 15 26.csv,MARCH1 TO APRIL 15 26.csv,QQQ 4/10/2026 Call $612.00
QQQ,4/10/2026,C,612.0,QQQ|4/10/2026|C|612.0,2026-04-10,2026-04-10,2026-04-10,2026-04-10,1,0.91,0.53,-38.0,-38.0,LOSS,0,MARCH1 TO APRIL 15 26.csv,MARCH1 TO APRIL 15 26.csv,QQQ 4/10/2026 Call $612.00
QQQ,4/10/2026,C,613.0,QQQ|4/10/2026|C|613.0,2026-04-10,2026-04-10,2026-04-10,2026-04-10,1,1.04,0.51,-53.0,-53.0,LOSS,0,APRIL1 TO APRIL 10 26.csv,APRIL1 TO APRIL 10 26.csv,QQQ 4/10/2026 Call $613.00
QQQ,4/10/2026,C,613.0,QQQ|4/10/2026|C|613.0,2026-04-10,2026-04-10,2026-04-10,2026-04-10,1,1.15,0.5,-65.0,-65.0,LOSS,0,APRIL1 TO APRIL 10 26.csv,APRIL1 TO APRIL 10 26.csv,QQQ 4/10/2026 Call $613.00
QQQ,4/10/2026,C,613.0,QQQ|4/10/2026|C|613.0,2026-04-10,2026-04-10,2026-04-10,2026-04-10,1,1.04,0.51,-53.0,-53.0,LOSS,0,MARCH1 TO APRIL 15 26.csv,MARCH1 TO APRIL 15 26.csv,QQQ 4/10/2026 Call $613.00
QQQ,4/10/2026,C,613.0,QQQ|4/10/2026|C|613.0,2026-04-10,2026-04-10,2026-04-10,2026-04-10,1,1.15,0.5,-65.0,-65.0,LOSS,0,MARCH1 TO APRIL 15 26.csv,MARCH1 TO APRIL 15 26.csv,QQQ 4/10/2026 Call $613.00
QQQ,4/10/2026,C,614.0,QQQ|4/10/2026|C|614.0,2026-04-10,2026-04-10,2026-04-10,2026-04-10,1,0.46,0.44,-2.0,-2.0,LOSS,0,APRIL1 TO APRIL 10 26.csv,APRIL1 TO APRIL 10 26.csv,QQQ 4/10/2026 Call $614.00
QQQ,4/10/2026,C,614.0,QQQ|4/10/2026|C|614.0,2026-04-10,2026-04-10,2026-04-10,2026-04-10,1,0.46,0.43,-3.0,-3.0,LOSS,0,APRIL1 TO APRIL 10 26.csv,APRIL1 TO APRIL 10 26.csv,QQQ 4/10/2026 Call $614.00
QQQ,4/10/2026,C,614.0,QQQ|4/10/2026|C|614.0,2026-04-10,2026-04-10,2026-04-10,2026-04-10,1,0.46,0.44,-2.0,-2.0,LOSS,0,MARCH1 TO APRIL 15 26.csv,MARCH1 TO APRIL 15 26.csv,QQQ 4/10/2026 Call $614.00
QQQ,4/10/2026,C,614.0,QQQ|4/10/2026|C|614.0,2026-04-10,2026-04-10,2026-04-10,2026-04-10,1,0.46,0.43,-3.0,-3.0,LOSS,0,MARCH1 TO APRIL 15 26.csv,MARCH1 TO APRIL 15 26.csv,QQQ 4/10/2026 Call $614.00
QQQ,4/10/2026,P,610.0,QQQ|4/10/2026|P|610.0,2026-04-10,2026-04-10,2026-04-10,2026-04-10,1,0.54,0.41,-13.0,-13.0,LOSS,0,APRIL1 TO APRIL 10 26.csv,APRIL1 TO APRIL 10 26.csv,QQQ 4/10/2026 Put $610.00
QQQ,4/10/2026,P,610.0,QQQ|4/10/2026|P|610.0,2026-04-10,2026-04-10,2026-04-10,2026-04-10,1,0.47,0.41,-6.0,-6.0,LOSS,0,APRIL1 TO APRIL 10 26.csv,APRIL1 TO APRIL 10 26.csv,QQQ 4/10/2026 Put $610.00
QQQ,4/10/2026,P,610.0,QQQ|4/10/2026|P|610.0,2026-04-10,2026-04-10,2026-04-10,2026-04-10,2,0.41,0.45,4.0,8.0,WIN,0,APRIL1 TO APRIL 10 26.csv,APRIL1 TO APRIL 10 26.csv,QQQ 4/10/2026 Put $610.00
QQQ,4/10/2026,P,610.0,QQQ|4/10/2026|P|610.0,2026-04-10,2026-04-10,2026-04-10,2026-04-10,1,0.87,0.48,-39.0,-39.0,LOSS,0,APRIL1 TO APRIL 10 26.csv,APRIL1 TO APRIL 10 26.csv,QQQ 4/10/2026 Put $610.00
QQQ,4/10/2026,P,610.0,QQQ|4/10/2026|P|610.0,2026-04-10,2026-04-10,2026-04-10,2026-04-10,1,0.54,0.41,-13.0,-13.0,LOSS,0,MARCH1 TO APRIL 15 26.csv,MARCH1 TO APRIL 15 26.csv,QQQ 4/10/2026 Put $610.00
QQQ,4/10/2026,P,610.0,QQQ|4/10/2026|P|610.0,2026-04-10,2026-04-10,2026-04-10,2026-04-10,1,0.47,0.41,-6.0,-6.0,LOSS,0,MARCH1 TO APRIL 15 26.csv,MARCH1 TO APRIL 15 26.csv,QQQ 4/10/2026 Put $610.00
QQQ,4/10/2026,P,610.0,QQQ|4/10/2026|P|610.0,2026-04-10,2026-04-10,2026-04-10,2026-04-10,2,0.41,0.45,4.0,8.0,WIN,0,MARCH1 TO APRIL 15 26.csv,MARCH1 TO APRIL 15 26.csv,QQQ 4/10/2026 Put $610.00
QQQ,4/10/2026,P,610.0,QQQ|4/10/2026|P|610.0,2026-04-10,2026-04-10,2026-04-10,2026-04-10,1,0.87,0.48,-39.0,-39.0,LOSS,0,MARCH1 TO APRIL 15 26.csv,MARCH1 TO APRIL 15 26.csv,QQQ 4/10/2026 Put $610.00
QQQ,4/10/2026,P,611.0,QQQ|4/10/2026|P|611.0,2026-04-10,2026-04-10,2026-04-10,2026-04-10,1,0.83,1.65,82.0,82.0,WIN,0,APRIL1 TO APRIL 10 26.csv,APRIL1 TO APRIL 10 26.csv,QQQ 4/10/2026 Put $611.00
QQQ,4/10/2026,P,611.0,QQQ|4/10/2026|P|611.0,2026-04-10,2026-04-10,2026-04-10,2026-04-10,2,0.89,0.78,-11.0,-22.0,LOSS,0,APRIL1 TO APRIL 10 26.csv,APRIL1 TO APRIL 10 26.csv,QQQ 4/10/2026 Put $611.00
QQQ,4/10/2026,P,611.0,QQQ|4/10/2026|P|611.0,2026-04-10,2026-04-10,2026-04-10,2026-04-10,1,1.35,0.93,-42.0,-42.0,LOSS,0,APRIL1 TO APRIL 10 26.csv,APRIL1 TO APRIL 10 26.csv,QQQ 4/10/2026 Put $611.00
QQQ,4/10/2026,P,611.0,QQQ|4/10/2026|P|611.0,2026-04-10,2026-04-10,2026-04-10,2026-04-10,1,0.83,1.65,82.0,82.0,WIN,0,MARCH1 TO APRIL 15 26.csv,MARCH1 TO APRIL 15 26.csv,QQQ 4/10/2026 Put $611.00
QQQ,4/10/2026,P,611.0,QQQ|4/10/2026|P|611.0,2026-04-10,2026-04-10,2026-04-10,2026-04-10,2,0.89,0.78,-11.0,-22.0,LOSS,0,MARCH1 TO APRIL 15 26.csv,MARCH1 TO APRIL 15 26.csv,QQQ 4/10/2026 Put $611.00
QQQ,4/10/2026,P,611.0,QQQ|4/10/2026|P|611.0,2026-04-10,2026-04-10,2026-04-10,2026-04-10,1,1.35,0.93,-42.0,-42.0,LOSS,0,MARCH1 TO APRIL 15 26.csv,MARCH1 TO APRIL 15 26.csv,QQQ 4/10/2026 Put $611.00
QQQ,4/13/2026,C,610.0,QQQ|4/13/2026|C|610.0,2026-04-13,2026-04-13,2026-04-13,2026-04-13,1,2.08,2.75,67.0,67.0,WIN,0,MARCH1 TO APRIL 15 26.csv,MARCH1 TO APRIL 15 26.csv,QQQ 4/13/2026 Call $610.00
QQQ,4/13/2026,C,612.0,QQQ|4/13/2026|C|612.0,2026-04-13,2026-04-13,2026-04-13,2026-04-13,1,0.66,1.43,77.0,77.0,WIN,0,MARCH1 TO APRIL 15 26.csv,MARCH1 TO APRIL 15 26.csv,QQQ 4/13/2026 Call $612.00
QQQ,4/13/2026,C,613.0,QQQ|4/13/2026|C|613.0,2026-04-13,2026-04-13,2026-04-13,2026-04-13,1,0.84,1.41,57.0,57.0,WIN,0,MARCH1 TO APRIL 15 26.csv,MARCH1 TO APRIL 15 26.csv,QQQ 4/13/2026 Call $613.00
QQQ,4/13/2026,C,613.0,QQQ|4/13/2026|C|613.0,2026-04-13,2026-04-13,2026-04-13,2026-04-13,1,0.76,1.43,67.0,67.0,WIN,0,MARCH1 TO APRIL 15 26.csv,MARCH1 TO APRIL 15 26.csv,QQQ 4/13/2026 Call $613.00
QQQ,4/13/2026,C,614.0,QQQ|4/13/2026|C|614.0,2026-04-13,2026-04-13,2026-04-13,2026-04-13,1,0.8,1.32,52.0,52.0,WIN,0,MARCH1 TO APRIL 15 26.csv,MARCH1 TO APRIL 15 26.csv,QQQ 4/13/2026 Call $614.00
QQQ,4/13/2026,C,615.0,QQQ|4/13/2026|C|615.0,2026-04-13,2026-04-13,2026-04-13,2026-04-13,1,0.14,0.62,48.0,48.0,WIN,0,MARCH1 TO APRIL 15 26.csv,MARCH1 TO APRIL 15 26.csv,QQQ 4/13/2026 Call $615.00
QQQ,4/13/2026,C,615.0,QQQ|4/13/2026|C|615.0,2026-04-13,2026-04-13,2026-04-13,2026-04-13,3,0.14,0.09,-5.0,-15.0,LOSS,0,MARCH1 TO APRIL 15 26.csv,MARCH1 TO APRIL 15 26.csv,QQQ 4/13/2026 Call $615.00
QQQ,4/13/2026,C,617.0,QQQ|4/13/2026|C|617.0,2026-04-10,2026-04-13,2026-04-10,2026-04-13,1,0.81,0.03,-78.0,-78.0,LOSS,3,APRIL1 TO APRIL 10 26.csv,MARCH1 TO APRIL 15 26.csv,QQQ 4/13/2026 Call $617.00
QQQ,4/13/2026,C,619.0,QQQ|4/13/2026|C|619.0,2026-04-13,2026-04-13,2026-04-13,2026-04-13,1,0.1,0.02,-8.0,-8.0,LOSS,0,MARCH1 TO APRIL 15 26.csv,MARCH1 TO APRIL 15 26.csv,QQQ 4/13/2026 Call $619.00
QQQ,4/13/2026,P,608.0,QQQ|4/13/2026|P|608.0,2026-04-13,2026-04-13,2026-04-13,2026-04-13,1,0.37,0.2,-17.0,-17.0,LOSS,0,MARCH1 TO APRIL 15 26.csv,MARCH1 TO APRIL 15 26.csv,QQQ 4/13/2026 Put $608.00
QQQ,4/13/2026,P,609.0,QQQ|4/13/2026|P|609.0,2026-04-13,2026-04-13,2026-04-13,2026-04-13,1,1.92,1.32,-60.0,-60.0,LOSS,0,MARCH1 TO APRIL 15 26.csv,MARCH1 TO APRIL 15 26.csv,QQQ 4/13/2026 Put $609.00
QQQ,4/13/2026,P,610.0,QQQ|4/13/2026|P|610.0,2026-04-13,2026-04-13,2026-04-13,2026-04-13,1,0.63,0.52,-11.0,-11.0,LOSS,0,MARCH1 TO APRIL 15 26.csv,MARCH1 TO APRIL 15 26.csv,QQQ 4/13/2026 Put $610.00
QQQ,4/14/2026,C,615.0,QQQ|4/14/2026|C|615.0,2026-04-13,2026-04-14,2026-04-13,2026-04-14,1,2.05,6.02,397.0,397.0,WIN,1,MARCH1 TO APRIL 15 26.csv,MARCH1 TO APRIL 15 26.csv,QQQ 4/14/2026 Call $615.00
QQQ,4/14/2026,C,622.0,QQQ|4/14/2026|C|622.0,2026-04-14,2026-04-14,2026-04-14,2026-04-14,1,1.14,2.06,92.0,92.0,WIN,0,MARCH1 TO APRIL 15 26.csv,MARCH1 TO APRIL 15 26.csv,QQQ 4/14/2026 Call $622.00
QQQ,4/14/2026,C,622.0,QQQ|4/14/2026|C|622.0,2026-04-14,2026-04-14,2026-04-14,2026-04-14,1,1.14,1.68,54.0,54.0,WIN,0,MARCH1 TO APRIL 15 26.csv,MARCH1 TO APRIL 15 26.csv,QQQ 4/14/2026 Call $622.00
QQQ,4/14/2026,C,624.0,QQQ|4/14/2026|C|624.0,2026-04-14,2026-04-14,2026-04-14,2026-04-14,1,0.62,1.34,72.0,72.0,WIN,0,MARCH1 TO APRIL 15 26.csv,MARCH1 TO APRIL 15 26.csv,QQQ 4/14/2026 Call $624.00
QQQ,4/14/2026,C,624.0,QQQ|4/14/2026|C|624.0,2026-04-14,2026-04-14,2026-04-14,2026-04-14,1,0.62,1.02,40.0,40.0,WIN,0,MARCH1 TO APRIL 15 26.csv,MARCH1 TO APRIL 15 26.csv,QQQ 4/14/2026 Call $624.00
QQQ,4/14/2026,C,624.0,QQQ|4/14/2026|C|624.0,2026-04-14,2026-04-14,2026-04-14,2026-04-14,1,0.85,1.02,17.0,17.0,WIN,0,MARCH1 TO APRIL 15 26.csv,MARCH1 TO APRIL 15 26.csv,QQQ 4/14/2026 Call $624.00
QQQ,4/14/2026,C,624.0,QQQ|4/14/2026|C|624.0,2026-04-14,2026-04-14,2026-04-14,2026-04-14,1,0.85,1.0,15.0,15.0,WIN,0,MARCH1 TO APRIL 15 26.csv,MARCH1 TO APRIL 15 26.csv,QQQ 4/14/2026 Call $624.00
QQQ,4/14/2026,C,625.0,QQQ|4/14/2026|C|625.0,2026-04-14,2026-04-14,2026-04-14,2026-04-14,1,0.55,1.43,88.0,88.0,WIN,0,MARCH1 TO APRIL 15 26.csv,MARCH1 TO APRIL 15 26.csv,QQQ 4/14/2026 Call $625.00
QQQ,4/14/2026,C,625.0,QQQ|4/14/2026|C|625.0,2026-04-14,2026-04-14,2026-04-14,2026-04-14,1,0.55,1.27,72.0,72.0,WIN,0,MARCH1 TO APRIL 15 26.csv,MARCH1 TO APRIL 15 26.csv,QQQ 4/14/2026 Call $625.00
QQQ,4/14/2026,C,626.0,QQQ|4/14/2026|C|626.0,2026-04-14,2026-04-14,2026-04-14,2026-04-14,1,0.2,1.15,95.0,95.0,WIN,0,MARCH1 TO APRIL 15 26.csv,MARCH1 TO APRIL 15 26.csv,QQQ 4/14/2026 Call $626.00
QQQ,4/14/2026,C,626.0,QQQ|4/14/2026|C|626.0,2026-04-14,2026-04-14,2026-04-14,2026-04-14,1,0.2,0.79,59.0,59.0,WIN,0,MARCH1 TO APRIL 15 26.csv,MARCH1 TO APRIL 15 26.csv,QQQ 4/14/2026 Call $626.00
QQQ,4/14/2026,C,626.0,QQQ|4/14/2026|C|626.0,2026-04-14,2026-04-14,2026-04-14,2026-04-14,2,0.2,0.3,10.0,20.0,WIN,0,MARCH1 TO APRIL 15 26.csv,MARCH1 TO APRIL 15 26.csv,QQQ 4/14/2026 Call $626.00
QQQ,4/14/2026,C,626.0,QQQ|4/14/2026|C|626.0,2026-04-14,2026-04-14,2026-04-14,2026-04-14,1,0.2,0.29,9.0,9.0,WIN,0,MARCH1 TO APRIL 15 26.csv,MARCH1 TO APRIL 15 26.csv,QQQ 4/14/2026 Call $626.00
QQQ,4/14/2026,C,627.0,QQQ|4/14/2026|C|627.0,2026-04-14,2026-04-14,2026-04-14,2026-04-14,1,0.71,0.62,-9.0,-9.0,LOSS,0,MARCH1 TO APRIL 15 26.csv,MARCH1 TO APRIL 15 26.csv,QQQ 4/14/2026 Call $627.00
QQQ,4/14/2026,C,627.0,QQQ|4/14/2026|C|627.0,2026-04-14,2026-04-14,2026-04-14,2026-04-14,1,0.71,0.62,-9.0,-9.0,LOSS,0,MARCH1 TO APRIL 15 26.csv,MARCH1 TO APRIL 15 26.csv,QQQ 4/14/2026 Call $627.00
QQQ,4/14/2026,C,628.0,QQQ|4/14/2026|C|628.0,2026-04-14,2026-04-14,2026-04-14,2026-04-14,2,0.1,0.34,24.0,48.0,WIN,0,MARCH1 TO APRIL 15 26.csv,MARCH1 TO APRIL 15 26.csv,QQQ 4/14/2026 Call $628.00
QQQ,4/14/2026,C,628.0,QQQ|4/14/2026|C|628.0,2026-04-14,2026-04-14,2026-04-14,2026-04-14,2,0.1,0.46,36.0,72.0,WIN,0,MARCH1 TO APRIL 15 26.csv,MARCH1 TO APRIL 15 26.csv,QQQ 4/14/2026 Call $628.00
QQQ,4/14/2026,C,628.0,QQQ|4/14/2026|C|628.0,2026-04-14,2026-04-14,2026-04-14,2026-04-14,1,0.1,0.24,14.0,14.0,WIN,0,MARCH1 TO APRIL 15 26.csv,MARCH1 TO APRIL 15 26.csv,QQQ 4/14/2026 Call $628.00
QQQ,4/14/2026,C,628.0,QQQ|4/14/2026|C|628.0,2026-04-14,2026-04-14,2026-04-14,2026-04-14,1,0.29,0.24,-5.0,-5.0,LOSS,0,MARCH1 TO APRIL 15 26.csv,MARCH1 TO APRIL 15 26.csv,QQQ 4/14/2026 Call $628.00
QQQ,4/14/2026,C,628.0,QQQ|4/14/2026|C|628.0,2026-04-14,2026-04-14,2026-04-14,2026-04-14,1,0.29,0.51,22.0,22.0,WIN,0,MARCH1 TO APRIL 15 26.csv,MARCH1 TO APRIL 15 26.csv,QQQ 4/14/2026 Call $628.00
QQQ,4/14/2026,P,618.0,QQQ|4/14/2026|P|618.0,2026-04-14,2026-04-14,2026-04-14,2026-04-14,1,0.5,0.45,-5.0,-5.0,LOSS,0,MARCH1 TO APRIL 15 26.csv,MARCH1 TO APRIL 15 26.csv,QQQ 4/14/2026 Put $618.00
META,4/15/2026,C,675.0,META|4/15/2026|C|675.0,2026-04-15,2026-04-15,2026-04-15,2026-04-15,1,1.62,2.25,63.0,63.0,WIN,0,MARCH1 TO APRIL 15 26.csv,MARCH1 TO APRIL 15 26.csv,META 4/15/2026 Call $675.00
META,4/15/2026,C,680.0,META|4/15/2026|C|680.0,2026-04-15,2026-04-15,2026-04-15,2026-04-15,1,0.61,0.14,-47.0,-47.0,LOSS,0,MARCH1 TO APRIL 15 26.csv,MARCH1 TO APRIL 15 26.csv,META 4/15/2026 Call $680.00
META,4/15/2026,C,680.0,META|4/15/2026|C|680.0,2026-04-15,2026-04-15,2026-04-15,2026-04-15,1,0.61,0.4,-21.0,-21.0,LOSS,0,MARCH1 TO APRIL 15 26.csv,MARCH1 TO APRIL 15 26.csv,META 4/15/2026 Call $680.00
META,4/15/2026,C,680.0,META|4/15/2026|C|680.0,2026-04-15,2026-04-15,2026-04-15,2026-04-15,1,0.61,1.44,83.0,83.0,WIN,0,MARCH1 TO APRIL 15 26.csv,MARCH1 TO APRIL 15 26.csv,META 4/15/2026 Call $680.00
META,4/15/2026,P,667.5,META|4/15/2026|P|667.5,2026-04-15,2026-04-15,2026-04-15,2026-04-15,1,0.56,0.28,-28.0,-28.0,LOSS,0,MARCH1 TO APRIL 15 26.csv,MARCH1 TO APRIL 15 26.csv,META 4/15/2026 Put $667.50
QQQ,4/15/2026,C,630.0,QQQ|4/15/2026|C|630.0,2026-04-15,2026-04-15,2026-04-15,2026-04-15,1,1.26,1.29,3.0,3.0,WIN,0,MARCH1 TO APRIL 15 26.csv,MARCH1 TO APRIL 15 26.csv,QQQ 4/15/2026 Call $630.00
QQQ,4/15/2026,C,630.0,QQQ|4/15/2026|C|630.0,2026-04-15,2026-04-15,2026-04-15,2026-04-15,1,1.06,1.38,32.0,32.0,WIN,0,MARCH1 TO APRIL 15 26.csv,MARCH1 TO APRIL 15 26.csv,QQQ 4/15/2026 Call $630.00
QQQ,4/15/2026,C,630.0,QQQ|4/15/2026|C|630.0,2026-04-15,2026-04-15,2026-04-15,2026-04-15,1,1.06,1.26,20.0,20.0,WIN,0,MARCH1 TO APRIL 15 26.csv,MARCH1 TO APRIL 15 26.csv,QQQ 4/15/2026 Call $630.00
QQQ,4/15/2026,C,630.0,QQQ|4/15/2026|C|630.0,2026-04-15,2026-04-15,2026-04-15,2026-04-15,1,1.06,1.42,36.0,36.0,WIN,0,MARCH1 TO APRIL 15 26.csv,MARCH1 TO APRIL 15 26.csv,QQQ 4/15/2026 Call $630.00
QQQ,4/15/2026,C,631.0,QQQ|4/15/2026|C|631.0,2026-04-14,2026-04-15,2026-04-14,2026-04-15,1,0.95,1.59,64.0,64.0,WIN,1,MARCH1 TO APRIL 15 26.csv,MARCH1 TO APRIL 15 26.csv,QQQ 4/15/2026 Call $631.00
QQQ,4/15/2026,C,631.0,QQQ|4/15/2026|C|631.0,2026-04-15,2026-04-15,2026-04-15,2026-04-15,1,0.91,1.27,36.0,36.0,WIN,0,MARCH1 TO APRIL 15 26.csv,MARCH1 TO APRIL 15 26.csv,QQQ 4/15/2026 Call $631.00
QQQ,4/15/2026,C,632.0,QQQ|4/15/2026|C|632.0,2026-04-14,2026-04-15,2026-04-14,2026-04-15,1,0.71,1.29,58.0,58.0,WIN,1,MARCH1 TO APRIL 15 26.csv,MARCH1 TO APRIL 15 26.csv,QQQ 4/15/2026 Call $632.00
QQQ,4/15/2026,C,632.0,QQQ|4/15/2026|C|632.0,2026-04-15,2026-04-15,2026-04-15,2026-04-15,1,0.7,1.16,46.0,46.0,WIN,0,MARCH1 TO APRIL 15 26.csv,MARCH1 TO APRIL 15 26.csv,QQQ 4/15/2026 Call $632.00
QQQ,4/15/2026,C,632.0,QQQ|4/15/2026|C|632.0,2026-04-15,2026-04-15,2026-04-15,2026-04-15,1,0.68,0.96,28.0,28.0,WIN,0,MARCH1 TO APRIL 15 26.csv,MARCH1 TO APRIL 15 26.csv,QQQ 4/15/2026 Call $632.00
QQQ,4/15/2026,C,632.0,QQQ|4/15/2026|C|632.0,2026-04-15,2026-04-15,2026-04-15,2026-04-15,2,0.68,0.84,16.0,32.0,WIN,0,MARCH1 TO APRIL 15 26.csv,MARCH1 TO APRIL 15 26.csv,QQQ 4/15/2026 Call $632.00
QQQ,4/15/2026,C,634.0,QQQ|4/15/2026|C|634.0,2026-04-15,2026-04-15,2026-04-15,2026-04-15,1,0.64,0.34,-30.0,-30.0,LOSS,0,MARCH1 TO APRIL 15 26.csv,MARCH1 TO APRIL 15 26.csv,QQQ 4/15/2026 Call $634.00
QQQ,4/15/2026,C,634.0,QQQ|4/15/2026|C|634.0,2026-04-15,2026-04-15,2026-04-15,2026-04-15,1,0.58,0.94,36.0,36.0,WIN,0,MARCH1 TO APRIL 15 26.csv,MARCH1 TO APRIL 15 26.csv,QQQ 4/15/2026 Call $634.00
QQQ,4/15/2026,C,634.0,QQQ|4/15/2026|C|634.0,2026-04-15,2026-04-15,2026-04-15,2026-04-15,1,0.58,0.93,35.0,35.0,WIN,0,MARCH1 TO APRIL 15 26.csv,MARCH1 TO APRIL 15 26.csv,QQQ 4/15/2026 Call $634.00
QQQ,4/15/2026,C,634.0,QQQ|4/15/2026|C|634.0,2026-04-15,2026-04-15,2026-04-15,2026-04-15,1,0.58,0.71,13.0,13.0,WIN,0,MARCH1 TO APRIL 15 26.csv,MARCH1 TO APRIL 15 26.csv,QQQ 4/15/2026 Call $634.00
QQQ,4/15/2026,C,634.0,QQQ|4/15/2026|C|634.0,2026-04-15,2026-04-15,2026-04-15,2026-04-15,1,0.29,0.55,26.0,26.0,WIN,0,MARCH1 TO APRIL 15 26.csv,MARCH1 TO APRIL 15 26.csv,QQQ 4/15/2026 Call $634.00
QQQ,4/15/2026,C,634.0,QQQ|4/15/2026|C|634.0,2026-04-15,2026-04-15,2026-04-15,2026-04-15,2,0.29,0.35,6.0,12.0,WIN,0,MARCH1 TO APRIL 15 26.csv,MARCH1 TO APRIL 15 26.csv,QQQ 4/15/2026 Call $634.00
QQQ,4/15/2026,C,635.0,QQQ|4/15/2026|C|635.0,2026-04-14,2026-04-15,2026-04-14,2026-04-15,1,0.22,0.45,23.0,23.0,WIN,1,MARCH1 TO APRIL 15 26.csv,MARCH1 TO APRIL 15 26.csv,QQQ 4/15/2026 Call $635.00
QQQ,4/15/2026,C,635.0,QQQ|4/15/2026|C|635.0,2026-04-14,2026-04-15,2026-04-14,2026-04-15,1,0.22,0.44,22.0,22.0,WIN,1,MARCH1 TO APRIL 15 26.csv,MARCH1 TO APRIL 15 26.csv,QQQ 4/15/2026 Call $635.00
QQQ,4/15/2026,C,635.0,QQQ|4/15/2026|C|635.0,2026-04-15,2026-04-15,2026-04-15,2026-04-15,1,0.46,0.44,-2.0,-2.0,LOSS,0,MARCH1 TO APRIL 15 26.csv,MARCH1 TO APRIL 15 26.csv,QQQ 4/15/2026 Call $635.00
QQQ,4/15/2026,C,635.0,QQQ|4/15/2026|C|635.0,2026-04-15,2026-04-15,2026-04-15,2026-04-15,1,0.46,0.42,-4.0,-4.0,LOSS,0,MARCH1 TO APRIL 15 26.csv,MARCH1 TO APRIL 15 26.csv,QQQ 4/15/2026 Call $635.00
QQQ,4/15/2026,C,635.0,QQQ|4/15/2026|C|635.0,2026-04-15,2026-04-15,2026-04-15,2026-04-15,2,0.16,0.44,28.0,56.0,WIN,0,MARCH1 TO APRIL 15 26.csv,MARCH1 TO APRIL 15 26.csv,QQQ 4/15/2026 Call $635.00
QQQ,4/15/2026,C,635.0,QQQ|4/15/2026|C|635.0,2026-04-15,2026-04-15,2026-04-15,2026-04-15,1,0.19,0.44,25.0,25.0,WIN,0,MARCH1 TO APRIL 15 26.csv,MARCH1 TO APRIL 15 26.csv,QQQ 4/15/2026 Call $635.00
QQQ,4/15/2026,C,635.0,QQQ|4/15/2026|C|635.0,2026-04-15,2026-04-15,2026-04-15,2026-04-15,2,0.19,0.13,-6.0,-12.0,LOSS,0,MARCH1 TO APRIL 15 26.csv,MARCH1 TO APRIL 15 26.csv,QQQ 4/15/2026 Call $635.00
QQQ,4/15/2026,C,635.0,QQQ|4/15/2026|C|635.0,2026-04-15,2026-04-15,2026-04-15,2026-04-15,1,0.2,0.13,-7.0,-7.0,LOSS,0,MARCH1 TO APRIL 15 26.csv,MARCH1 TO APRIL 15 26.csv,QQQ 4/15/2026 Call $635.00
QQQ,4/15/2026,C,635.0,QQQ|4/15/2026|C|635.0,2026-04-15,2026-04-15,2026-04-15,2026-04-15,2,0.41,0.32,-9.0,-18.0,LOSS,0,MARCH1 TO APRIL 15 26.csv,MARCH1 TO APRIL 15 26.csv,QQQ 4/15/2026 Call $635.00
QQQ,4/15/2026,C,636.0,QQQ|4/15/2026|C|636.0,2026-04-15,2026-04-15,2026-04-15,2026-04-15,1,0.14,0.32,18.0,18.0,WIN,0,MARCH1 TO APRIL 15 26.csv,MARCH1 TO APRIL 15 26.csv,QQQ 4/15/2026 Call $636.00
QQQ,4/15/2026,C,636.0,QQQ|4/15/2026|C|636.0,2026-04-15,2026-04-15,2026-04-15,2026-04-15,3,0.14,0.06,-8.0,-24.0,LOSS,0,MARCH1 TO APRIL 15 26.csv,MARCH1 TO APRIL 15 26.csv,QQQ 4/15/2026 Call $636.00
QQQ,4/15/2026,C,636.0,QQQ|4/15/2026|C|636.0,2026-04-15,2026-04-15,2026-04-15,2026-04-15,1,0.14,0.12,-2.0,-2.0,LOSS,0,MARCH1 TO APRIL 15 26.csv,MARCH1 TO APRIL 15 26.csv,QQQ 4/15/2026 Call $636.00
QQQ,4/15/2026,C,636.0,QQQ|4/15/2026|C|636.0,2026-04-15,2026-04-15,2026-04-15,2026-04-15,5,0.13,0.12,-1.0,-5.0,LOSS,0,MARCH1 TO APRIL 15 26.csv,MARCH1 TO APRIL 15 26.csv,QQQ 4/15/2026 Call $636.00
QQQ,4/15/2026,C,636.0,QQQ|4/15/2026|C|636.0,2026-04-15,2026-04-15,2026-04-15,2026-04-15,1,0.13,0.12,-1.0,-1.0,LOSS,0,MARCH1 TO APRIL 15 26.csv,MARCH1 TO APRIL 15 26.csv,QQQ 4/15/2026 Call $636.00
QQQ,4/15/2026,C,637.0,QQQ|4/15/2026|C|637.0,2026-04-15,2026-04-15,2026-04-15,2026-04-15,1,0.12,0.28,16.0,16.0,WIN,0,MARCH1 TO APRIL 15 26.csv,MARCH1 TO APRIL 15 26.csv,QQQ 4/15/2026 Call $637.00
QQQ,4/15/2026,C,637.0,QQQ|4/15/2026|C|637.0,2026-04-15,2026-04-15,2026-04-15,2026-04-15,3,0.12,0.2,8.0,24.0,WIN,0,MARCH1 TO APRIL 15 26.csv,MARCH1 TO APRIL 15 26.csv,QQQ 4/15/2026 Call $637.00
QQQ,4/15/2026,P,620.0,QQQ|4/15/2026|P|620.0,2026-04-14,2026-04-15,2026-04-14,2026-04-15,1,0.43,0.13,-30.0,-30.0,LOSS,1,MARCH1 TO APRIL 15 26.csv,MARCH1 TO APRIL 15 26.csv,QQQ 4/15/2026 Put $620.00
QQQ,4/15/2026,P,627.0,QQQ|4/15/2026|P|627.0,2026-04-15,2026-04-15,2026-04-15,2026-04-15,1,0.48,0.47,-1.0,-1.0,LOSS,0,MARCH1 TO APRIL 15 26.csv,MARCH1 TO APRIL 15 26.csv,QQQ 4/15/2026 Put $627.00
QQQ,4/15/2026,P,627.0,QQQ|4/15/2026|P|627.0,2026-04-15,2026-04-15,2026-04-15,2026-04-15,1,0.8,0.88,8.0,8.0,WIN,0,MARCH1 TO APRIL 15 26.csv,MARCH1 TO APRIL 15 26.csv,QQQ 4/15/2026 Put $627.00
QQQ,4/15/2026,P,629.0,QQQ|4/15/2026|P|629.0,2026-04-15,2026-04-15,2026-04-15,2026-04-15,1,1.14,0.89,-25.0,-25.0,LOSS,0,MARCH1 TO APRIL 15 26.csv,MARCH1 TO APRIL 15 26.csv,QQQ 4/15/2026 Put $629.00
QQQ,4/15/2026,P,631.0,QQQ|4/15/2026|P|631.0,2026-04-15,2026-04-15,2026-04-15,2026-04-15,1,0.53,0.35,-18.0,-18.0,LOSS,0,MARCH1 TO APRIL 15 26.csv,MARCH1 TO APRIL 15 26.csv,QQQ 4/15/2026 Put $631.00
QQQ,4/15/2026,P,633.0,QQQ|4/15/2026|P|633.0,2026-04-15,2026-04-15,2026-04-15,2026-04-15,1,0.96,0.78,-18.0,-18.0,LOSS,0,MARCH1 TO APRIL 15 26.csv,MARCH1 TO APRIL 15 26.csv,QQQ 4/15/2026 Put $633.00
TSLA,4/15/2026,C,395.0,TSLA|4/15/2026|C|395.0,2026-04-15,2026-04-15,2026-04-15,2026-04-15,1,1.35,0.14,-121.0,-121.0,LOSS,0,MARCH1 TO APRIL 15 26.csv,MARCH1 TO APRIL 15 26.csv,TSLA 4/15/2026 Call $395.00
